0,01 26 02 10 00 96 00 00 00 01 96 00 00 00 02 96 00 00 00 03 96 00 00 00 04 96 00 00 00 05 96 00 00 00 06 96 00 00 00 07 96 00 00 00 08 96 00 00 00 09 96 00 00 00 0a 96 00 00 00 0b 96 00 00 00 0c 96 00 00 00 0d 96 00 00 00 0e 96 00 00 00 0f 96 00 00 00,01 26 02 10 00 96 00 00 00 01 96 00 00 00 02 96 00 00 00 03 96 00 00 00 04 96 00 00 00 05 96 00 00 00 06 96 00 00 00 07 96 00 00 00 08 96 00 00 00 09 96 00 00 00 0a 96 00 00 00 0b 96 00 00 00 0c 96 00 00 00 0d 96 00 00 00 0e 96 00 00 00 0f 96 00 00 00
0,01 0b 01 10 00 03 00 00 00 01 03 00 00 00 02 03 00 00 00 03 03 00 00 00 04 03 00 00 00 05 03 00 00 00 06 03 00 00 00 07 03 00 00 00 08 03 00 00 00 09 03 00 00 00 0a 03 00 00 00 0b 03 00 00 00 0c 03 00 00 00 0d 03 00 00 00 0e 03 00 00 00 0f 03 00 00 00,01 0b 01 10 00 03 00 00 00 01 03 00 00 00 02 03 00 00 00 03 03 00 00 00 04 03 00 00 00 05 03 00 00 00 06 03 00 00 00 07 03 00 00 00 08 03 00 00 00 09 03 00 00 00 0a 03 00 00 00 0b 03 00 00 00 0c 03 00 00 00 0d 03 00 00 00 0e 03 00 00 00 0f 03 00 00 00
15000,01 40 01 10 00 01 00 00 00 01 01 00 00 00 02 01 00 00 00 03 01 00 00 00 04 01 00 00 00 05 01 00 00 00 06 01 00 00 00 07 01 00 00 00 08 01 00 00 00 09 01 00 00 00 0a 01 00 00 00 0b 01 00 00 00 0c 01 00 00 00 0d 01 00 00 00 0e 01 00 00 00 0f 01 00 00 00,01 40 01 10 00 01 00 00 00 01 01 00 00 00 02 01 00 00 00 03 01 00 00 00 04 01 00 00 00 05 01 00 00 00 06 01 00 00 00 07 01 00 00 00 08 01 00 00 00 09 01 00 00 00 0a 01 00 00 00 0b 01 00 00 00 0c 01 00 00 00 0d 01 00 00 00 0e 01 00 00 00 0f 01 00 00 00
15000,01 74 04 10 00 00 08 00 00 01 00 08 00 00 02 00 08 00 00 03 00 08 00 00 04 00 08 00 00 05 00 08 00 00 06 00 08 00 00 07 00 08 00 00 08 00 08 00 00 09 00 08 00 00 0a 00 08 00 00 0b 00 08 00 00 0c 00 08 00 00 0d 00 08 00 00 0e 00 08 00 00 0f 00 08 00 00,01 74 04 10 00 00 08 00 00 01 00 08 00 00 02 00 08 00 00 03 00 08 00 00 04 00 08 00 00 05 00 08 00 00 06 00 08 00 00 07 00 08 00 00 08 00 08 00 00 09 00 08 00 00 0a 00 08 00 00 0b 00 08 00 00 0c 00 08 00 00 0d 00 08 00 00 0e 00 08 00 00 0f 00 08 00 00
31000,00 84 04 10 00 00 00 00 00 01 00 00 00 00 02 00 00 00 00 03 00 00 00 00 04 00 00 00 00 05 00 00 00 00 06 00 00 00 00 07 00 00 00 00 08 00 00 00 00 09 00 00 00 00 0a 00 00 00 00 0b 00 00 00 00 0c 00 00 00 00 0d 00 00 00 00 0e 00 00 00 00 0f 00 00 00 00,00 84 04 10 00 02 08 00 00 01 f1 07 00 00 02 ce 07 00 00 03 e9 07 00 00 04 15 08 00 00 05 eb 07 00 00 06 e6 07 00 00 07 f2 07 00 00 08 04 08 00 00 09 f4 07 00 00 0a ee 07 00 00 0b ed 07 00 00 0c 0a 08 00 00 0d 04 08 00 00 0e 00 08 00 00 0f 02 08 00 00
31000,00 84 04 10 00 00 00 00 00 01 00 00 00 00 02 00 00 00 00 03 00 00 00 00 04 00 00 00 00 05 00 00 00 00 06 00 00 00 00 07 00 00 00 00 08 00 00 00 00 09 00 00 00 00 0a 00 00 00 00 0b 00 00 00 00 0c 00 00 00 00 0d 00 00 00 00 0e 00 00 00 00 0f 00 00 00 00,00 84 04 10 00 02 08 00 00 01 f2 07 00 00 02 ce 07 00 00 03 e9 07 00 00 04 15 08 00 00 05 eb 07 00 00 06 e6 07 00 00 07 f2 07 00 00 08 04 08 00 00 09 f4 07 00 00 0a ee 07 00 00 0b ed 07 00 00 0c 0a 08 00 00 0d 03 08 00 00 0e 00 08 00 00 0f 02 08 00 00
31000,00 84 04 10 00 00 00 00 00 01 00 00 00 00 02 00 00 00 00 03 00 00 00 00 04 00 00 00 00 05 00 00 00 00 06 00 00 00 00 07 00 00 00 00 08 00 00 00 00 09 00 00 00 00 0a 00 00 00 00 0b 00 00 00 00 0c 00 00 00 00 0d 00 00 00 00 0e 00 00 00 00 0f 00 00 00 00,00 84 04 10 00 02 08 00 00 01 f3 07 00 00 02 d0 07 00 00 03 eb 07 00 00 04 14 08 00 00 05 eb 07 00 00 06 e7 07 00 00 07 f3 07 00 00 08 04 08 00 00 09 f4 07 00 00 0a ef 07 00 00 0b ee 07 00 00 0c 09 08 00 00 0d 03 08 00 00 0e 00 08 00 00 0f 02 08 00 00
47000,00 84 04 10 00 00 00 00 00 01 00 00 00 00 02 00 00 00 00 03 00 00 00 00 04 00 00 00 00 05 00 00 00 00 06 00 00 00 00 07 00 00 00 00 08 00 00 00 00 09 00 00 00 00 0a 00 00 00 00 0b 00 00 00 00 0c 00 00 00 00 0d 00 00 00 00 0e 00 00 00 00 0f 00 00 00 00,00 84 04 10 00 02 08 00 00 01 f4 07 00 00 02 d5 07 00 00 03 ed 07 00 00 04 11 08 00 00 05 ed 07 00 00 06 ea 07 00 00 07 f4 07 00 00 08 03 08 00 00 09 f4 07 00 00 0a f0 07 00 00 0b f0 07 00 00 0c 08 08 00 00 0d 03 08 00 00 0e 00 08 00 00 0f 02 08 00 00
47000,00 84 04 10 00 00 00 00 00 01 00 00 00 00 02 00 00 00 00 03 00 00 00 00 04 00 00 00 00 05 00 00 00 00 06 00 00 00 00 07 00 00 00 00 08 00 00 00 00 09 00 00 00 00 0a 00 00 00 00 0b 00 00 00 00 0c 00 00 00 00 0d 00 00 00 00 0e 00 00 00 00 0f 00 00 00 00,00 84 04 10 00 02 08 00 00 01 f5 07 00 00 02 dc 07 00 00 03 ef 07 00 00 04 0e 08 00 00 05 f0 07 00 00 06 ec 07 00 00 07 f5 07 00 00 08 03 08 00 00 09 f6 07 00 00 0a f1 07 00 00 0b f2 07 00 00 0c 07 08 00 00 0d 02 08 00 00 0e 00 08 00 00 0f 02 08 00 00
62000,00 84 04 10 00 00 00 00 00 01 00 00 00 00 02 00 00 00 00 03 00 00 00 00 04 00 00 00 00 05 00 00 00 00 06 00 00 00 00 07 00 00 00 00 08 00 00 00 00 09 00 00 00 00 0a 00 00 00 00 0b 00 00 00 00 0c 00 00 00 00 0d 00 00 00 00 0e 00 00 00 00 0f 00 00 00 00,00 84 04 10 00 02 08 00 00 01 f5 07 00 00 02 e1 07 00 00 03 f2 07 00 00 04 0d 08 00 00 05 f2 07 00 00 06 ee 07 00 00 07 f6 07 00 00 08 03 08 00 00 09 f8 07 00 00 0a f3 07 00 00 0b f3 07 00 00 0c 06 08 00 00 0d 01 08 00 00 0e 00 08 00 00 0f 02 08 00 00
78000,00 84 04 10 00 00 00 00 00 01 00 00 00 00 02 00 00 00 00 03 00 00 00 00 04 00 00 00 00 05 00 00 00 00 06 00 00 00 00 07 00 00 00 00 08 00 00 00 00 09 00 00 00 00 0a 00 00 00 00 0b 00 00 00 00 0c 00 00 00 00 0d 00 00 00 00 0e 00 00 00 00 0f 00 00 00 00,00 84 04 0e 00 01 08 00 00 01 f5 07 00 00 02 e6 07 00 00 03 f3 07 00 00 04 0c 08 00 00 05 f3 07 00 00 06 f1 07 00 00 07 f7 07 00 00 08 03 08 00 00 09 f9 07 00 00 0a f4 07 00 00 0b f5 07 00 00 0c 05 08 00 00 0d ff 07 00 00 0e 00 00 00 00 0f 00 00 00 00
78000,01 40 01 10 00 00 00 00 00 01 00 00 00 00 02 00 00 00 00 03 00 00 00 00 04 00 00 00 00 05 00 00 00 00 06 00 00 00 00 07 00 00 00 00 08 00 00 00 00 09 00 00 00 00 0a 00 00 00 00 0b 00 00 00 00 0c 00 00 00 00 0d 00 00 00 00 0e 00 00 00 00 0f 00 00 00 00,01 40 01 10 00 00 00 00 00 01 00 00 00 00 02 00 00 00 00 03 00 00 00 00 04 00 00 00 00 05 00 00 00 00 06 00 00 00 00 07 00 00 00 00 08 00 00 00 00 09 00 00 00 00 0a 00 00 00 00 0b 00 00 00 00 0c 00 00 00 00 0d 00 00 00 00 0e 00 00 00 00 0f 00 00 00 00
0,01 26 02 10 00 96 00 00 00 01 96 00 00 00 02 96 00 00 00 03 96 00 00 00 04 96 00 00 00 05 96 00 00 00 06 96 00 00 00 07 96 00 00 00 08 96 00 00 00 09 96 00 00 00 0a 96 00 00 00 0b 96 00 00 00 0c 96 00 00 00 0d 96 00 00 00 0e 96 00 00 00 0f 96 00 00 00,01 26 02 10 00 96 00 00 00 01 96 00 00 00 02 96 00 00 00 03 96 00 00 00 04 96 00 00 00 05 96 00 00 00 06 96 00 00 00 07 96 00 00 00 08 96 00 00 00 09 96 00 00 00 0a 96 00 00 00 0b 96 00 00 00 0c 96 00 00 00 0d 96 00 00 00 0e 96 00 00 00 0f 96 00 00 00
0,01 0b 01 10 00 03 00 00 00 01 03 00 00 00 02 03 00 00 00 03 03 00 00 00 04 03 00 00 00 05 03 00 00 00 06 03 00 00 00 07 03 00 00 00 08 03 00 00 00 09 03 00 00 00 0a 03 00 00 00 0b 03 00 00 00 0c 03 00 00 00 0d 03 00 00 00 0e 03 00 00 00 0f 03 00 00 00,01 0b 01 10 00 03 00 00 00 01 03 00 00 00 02 03 00 00 00 03 03 00 00 00 04 03 00 00 00 05 03 00 00 00 06 03 00 00 00 07 03 00 00 00 08 03 00 00 00 09 03 00 00 00 0a 03 00 00 00 0b 03 00 00 00 0c 03 00 00 00 0d 03 00 00 00 0e 03 00 00 00 0f 03 00 00 00
16000,01 40 01 10 00 01 00 00 00 01 01 00 00 00 02 01 00 00 00 03 01 00 00 00 04 01 00 00 00 05 01 00 00 00 06 01 00 00 00 07 01 00 00 00 08 01 00 00 00 09 01 00 00 00 0a 01 00 00 00 0b 01 00 00 00 0c 01 00 00 00 0d 01 00 00 00 0e 01 00 00 00 0f 01 00 00 00,01 40 01 10 00 01 00 00 00 01 01 00 00 00 02 01 00 00 00 03 01 00 00 00 04 01 00 00 00 05 01 00 00 00 06 01 00 00 00 07 01 00 00 00 08 01 00 00 00 09 01 00 00 00 0a 01 00 00 00 0b 01 00 00 00 0c 01 00 00 00 0d 01 00 00 00 0e 01 00 00 00 0f 01 00 00 00
16000,01 74 04 10 00 00 08 00 00 01 00 08 00 00 02 00 08 00 00 03 00 08 00 00 04 00 08 00 00 05 00 08 00 00 06 00 08 00 00 07 00 08 00 00 08 00 08 00 00 09 00 08 00 00 0a 00 08 00 00 0b 00 08 00 00 0c 00 08 00 00 0d 00 08 00 00 0e 00 08 00 00 0f 00 08 00 00,01 74 04 10 00 00 08 00 00 01 00 08 00 00 02 00 08 00 00 03 00 08 00 00 04 00 08 00 00 05 00 08 00 00 06 00 08 00 00 07 00 08 00 00 08 00 08 00 00 09 00 08 00 00 0a 00 08 00 00 0b 00 08 00 00 0c 00 08 00 00 0d 00 08 00 00 0e 00 08 00 00 0f 00 08 00 00
32000,00 84 04 10 00 00 00 00 00 01 00 00 00 00 02 00 00 00 00 03 00 00 00 00 04 00 00 00 00 05 00 00 00 00 06 00 00 00 00 07 00 00 00 00 08 00 00 00 00 09 00 00 00 00 0a 00 00 00 00 0b 00 00 00 00 0c 00 00 00 00 0d 00 00 00 00 0e 00 00 00 00 0f 00 00 00 00,00 84 04 10 00 01 08 00 00 01 f0 07 00 00 02 cf 07 00 00 03 e5 07 00 00 04 13 08 00 00 05 ea 07 00 00 06 e7 07 00 00 07 f1 07 00 00 08 03 08 00 00 09 f3 07 00 00 0a ee 07 00 00 0b ef 07 00 00 0c 0b 08 00 00 0d 04 08 00 00 0e 00 08 00 00 0f 02 08 00 00
32000,00 84 04 10 00 00 00 00 00 01 00 00 00 00 02 00 00 00 00 03 00 00 00 00 04 00 00 00 00 05 00 00 00 00 06 00 00 00 00 07 00 00 00 00 08 00 00 00 00 09 00 00 00 00 0a 00 00 00 00 0b 00 00 00 00 0c 00 00 00 00 0d 00 00 00 00 0e 00 00 00 00 0f 00 00 00 00,00 84 04 10 00 01 08 00 00 01 f1 07 00 00 02 d1 07 00 00 03 e7 07 00 00 04 12 08 00 00 05 eb 07 00 00 06 e7 07 00 00 07 f2 07 00 00 08 03 08 00 00 09 f3 07 00 00 0a ee 07 00 00 0b ee 07 00 00 0c 0b 08 00 00 0d 03 08 00 00 0e 00 08 00 00 0f 02 08 00 00
47000,00 84 04 10 00 00 00 00 00 01 00 00 00 00 02 00 00 00 00 03 00 00 00 00 04 00 00 00 00 05 00 00 00 00 06 00 00 00 00 07 00 00 00 00 08 00 00 00 00 09 00 00 00 00 0a 00 00 00 00 0b 00 00 00 00 0c 00 00 00 00 0d 00 00 00 00 0e 00 00 00 00 0f 00 00 00 00,00 84 04 10 00 01 08 00 00 01 f4 07 00 00 02 d6 07 00 00 03 ea 07 00 00 04 10 08 00 00 05 ec 07 00 00 06 ea 07 00 00 07 f3 07 00 00 08 03 08 00 00 09 f4 07 00 00 0a f0 07 00 00 0b f0 07 00 00 0c 09 08 00 00 0d 03 08 00 00 0e 00 08 00 00 0f 02 08 00 00
63000,00 84 04 10 00 00 00 00 00 01 00 00 00 00 02 00 00 00 00 03 00 00 00 00 04 00 00 00 00 05 00 00 00 00 06 00 00 00 00 07 00 00 00 00 08 00 00 00 00 09 00 00 00 00 0a 00 00 00 00 0b 00 00 00 00 0c 00 00 00 00 0d 00 00 00 00 0e 00 00 00 00 0f 00 00 00 00,00 84 04 10 00 01 08 00 00 01 f4 07 00 00 02 de 07 00 00 03 ed 07 00 00 04 0d 08 00 00 05 f0 07 00 00 06 ed 07 00 00 07 f5 07 00 00 08 03 08 00 00 09 f6 07 00 00 0a f1 07 00 00 0b f2 07 00 00 0c 08 08 00 00 0d 02 08 00 00 0e 01 08 00 00 0f 02 08 00 00
79000,00 84 04 10 00 00 00 00 00 01 00 00 00 00 02 00 00 00 00 03 00 00 00 00 04 00 00 00 00 05 00 00 00 00 06 00 00 00 00 07 00 00 00 00 08 00 00 00 00 09 00 00 00 00 0a 00 00 00 00 0b 00 00 00 00 0c 00 00 00 00 0d 00 00 00 00 0e 00 00 00 00 0f 00 00 00 00,00 84 04 0e 00 01 08 00 00 01 f5 07 00 00 02 e5 07 00 00 03 f0 07 00 00 04 0b 08 00 00 05 f3 07 00 00 06 ef 07 00 00 07 f6 07 00 00 08 03 08 00 00 09 f8 07 00 00 0a f3 07 00 00 0b f4 07 00 00 0c 06 08 00 00 0d 00 08 00 00 0e 00 00 00 00 0f 00 00 00 00
79000,01 40 01 10 00 00 00 00 00 01 00 00 00 00 02 00 00 00 00 03 00 00 00 00 04 00 00 00 00 05 00 00 00 00 06 00 00 00 00 07 00 00 00 00 08 00 00 00 00 09 00 00 00 00 0a 00 00 00 00 0b 00 00 00 00 0c 00 00 00 00 0d 00 00 00 00 0e 00 00 00 00 0f 00 00 00 00,01 40 01 10 00 00 00 00 00 01 00 00 00 00 02 00 00 00 00 03 00 00 00 00 04 00 00 00 00 05 00 00 00 00 06 00 00 00 00 07 00 00 00 00 08 00 00 00 00 09 00 00 00 00 0a 00 00 00 00 0b 00 00 00 00 0c 00 00 00 00 0d 00 00 00 00 0e 00 00 00 00 0f 00 00 00 00
0,01 26 02 10 00 96 00 00 00 01 96 00 00 00 02 96 00 00 00 03 96 00 00 00 04 96 00 00 00 05 96 00 00 00 06 96 00 00 00 07 96 00 00 00 08 96 00 00 00 09 96 00 00 00 0a 96 00 00 00 0b 96 00 00 00 0c 96 00 00 00 0d 96 00 00 00 0e 96 00 00 00 0f 96 00 00 00,01 26 02 10 00 96 00 00 00 01 96 00 00 00 02 96 00 00 00 03 96 00 00 00 04 96 00 00 00 05 96 00 00 00 06 96 00 00 00 07 96 00 00 00 08 96 00 00 00 09 96 00 00 00 0a 96 00 00 00 0b 96 00 00 00 0c 96 00 00 00 0d 96 00 00 00 0e 96 00 00 00 0f 96 00 00 00
0,01 0b 01 10 00 03 00 00 00 01 03 00 00 00 02 03 00 00 00 03 03 00 00 00 04 03 00 00 00 05 03 00 00 00 06 03 00 00 00 07 03 00 00 00 08 03 00 00 00 09 03 00 00 00 0a 03 00 00 00 0b 03 00 00 00 0c 03 00 00 00 0d 03 00 00 00 0e 03 00 00 00 0f 03 00 00 00,01 0b 01 10 00 03 00 00 00 01 03 00 00 00 02 03 00 00 00 03 03 00 00 00 04 03 00 00 00 05 03 00 00 00 06 03 00 00 00 07 03 00 00 00 08 03 00 00 00 09 03 00 00 00 0a 03 00 00 00 0b 03 00 00 00 0c 03 00 00 00 0d 03 00 00 00 0e 03 00 00 00 0f 03 00 00 00
16000,01 40 01 10 00 01 00 00 00 01 01 00 00 00 02 01 00 00 00 03 01 00 00 00 04 01 00 00 00 05 01 00 00 00 06 01 00 00 00 07 01 00 00 00 08 01 00 00 00 09 01 00 00 00 0a 01 00 00 00 0b 01 00 00 00 0c 01 00 00 00 0d 01 00 00 00 0e 01 00 00 00 0f 01 00 00 00,01 40 01 10 00 01 00 00 00 01 01 00 00 00 02 01 00 00 00 03 01 00 00 00 04 01 00 00 00 05 01 00 00 00 06 01 00 00 00 07 01 00 00 00 08 01 00 00 00 09 01 00 00 00 0a 01 00 00 00 0b 01 00 00 00 0c 01 00 00 00 0d 01 00 00 00 0e 01 00 00 00 0f 01 00 00 00
16000,01 74 04 10 00 00 08 00 00 01 00 08 00 00 02 00 08 00 00 03 00 08 00 00 04 00 08 00 00 05 00 08 00 00 06 00 08 00 00 07 00 08 00 00 08 00 08 00 00 09 00 08 00 00 0a 00 08 00 00 0b 00 08 00 00 0c 00 08 00 00 0d 00 08 00 00 0e 00 08 00 00 0f 00 08 00 00,01 74 04 10 00 00 08 00 00 01 00 08 00 00 02 00 08 00 00 03 00 08 00 00 04 00 08 00 00 05 00 08 00 00 06 00 08 00 00 07 00 08 00 00 08 00 08 00 00 09 00 08 00 00 0a 00 08 00 00 0b 00 08 00 00 0c 00 08 00 00 0d 00 08 00 00 0e 00 08 00 00 0f 00 08 00 00
31000,00 84 04 10 00 00 00 00 00 01 00 00 00 00 02 00 00 00 00 03 00 00 00 00 04 00 00 00 00 05 00 00 00 00 06 00 00 00 00 07 00 00 00 00 08 00 00 00 00 09 00 00 00 00 0a 00 00 00 00 0b 00 00 00 00 0c 00 00 00 00 0d 00 00 00 00 0e 00 00 00 00 0f 00 00 00 00,00 84 04 10 00 01 08 00 00 01 ee 07 00 00 02 d1 07 00 00 03 e4 07 00 00 04 12 08 00 00 05 e8 07 00 00 06 e8 07 00 00 07 f1 07 00 00 08 03 08 00 00 09 f0 07 00 00 0a ee 07 00 00 0b ef 07 00 00 0c 11 08 00 00 0d 04 08 00 00 0e 00 08 00 00 0f 01 08 00 00
31000,00 84 04 10 00 00 00 00 00 01 00 00 00 00 02 00 00 00 00 03 00 00 00 00 04 00 00 00 00 05 00 00 00 00 06 00 00 00 00 07 00 00 00 00 08 00 00 00 00 09 00 00 00 00 0a 00 00 00 00 0b 00 00 00 00 0c 00 00 00 00 0d 00 00 00 00 0e 00 00 00 00 0f 00 00 00 00,00 84 04 10 00 01 08 00 00 01 ee 07 00 00 02 d1 07 00 00 03 e4 07 00 00 04 12 08 00 00 05 e8 07 00 00 06 e8 07 00 00 07 f1 07 00 00 08 02 08 00 00 09 f1 07 00 00 0a ef 07 00 00 0b ef 07 00 00 0c 11 08 00 00 0d 04 08 00 00 0e 00 08 00 00 0f 01 08 00 00
47000,00 84 04 10 00 00 00 00 00 01 00 00 00 00 02 00 00 00 00 03 00 00 00 00 04 00 00 00 00 05 00 00 00 00 06 00 00 00 00 07 00 00 00 00 08 00 00 00 00 09 00 00 00 00 0a 00 00 00 00 0b 00 00 00 00 0c 00 00 00 00 0d 00 00 00 00 0e 00 00 00 00 0f 00 00 00 00,00 84 04 10 00 01 08 00 00 01 f1 07 00 00 02 d3 07 00 00 03 e7 07 00 00 04 10 08 00 00 05 eb 07 00 00 06 e9 07 00 00 07 f2 07 00 00 08 02 08 00 00 09 f2 07 00 00 0a ef 07 00 00 0b f0 07 00 00 0c 10 08 00 00 0d 03 08 00 00 0e 00 08 00 00 0f 01 08 00 00
47000,00 84 04 10 00 00 00 00 00 01 00 00 00 00 02 00 00 00 00 03 00 00 00 00 04 00 00 00 00 05 00 00 00 00 06 00 00 00 00 07 00 00 00 00 08 00 00 00 00 09 00 00 00 00 0a 00 00 00 00 0b 00 00 00 00 0c 00 00 00 00 0d 00 00 00 00 0e 00 00 00 00 0f 00 00 00 00,00 84 04 10 00 00 08 00 00 01 f3 07 00 00 02 da 07 00 00 03 eb 07 00 00 04 0d 08 00 00 05 ee 07 00 00 06 ec 07 00 00 07 f4 07 00 00 08 02 08 00 00 09 f4 07 00 00 0a f0 07 00 00 0b f2 07 00 00 0c 0d 08 00 00 0d 02 08 00 00 0e 00 08 00 00 0f 01 08 00 00
78000,00 84 04 10 00 00 00 00 00 01 00 00 00 00 02 00 00 00 00 03 00 00 00 00 04 00 00 00 00 05 00 00 00 00 06 00 00 00 00 07 00 00 00 00 08 00 00 00 00 09 00 00 00 00 0a 00 00 00 00 0b 00 00 00 00 0c 00 00 00 00 0d 00 00 00 00 0e 00 00 00 00 0f 00 00 00 00,00 84 04 0e 00 00 08 00 00 01 f4 07 00 00 02 e1 07 00 00 03 ee 07 00 00 04 0b 08 00 00 05 f1 07 00 00 06 ee 07 00 00 07 f5 07 00 00 08 02 08 00 00 09 f7 07 00 00 0a f2 07 00 00 0b f4 07 00 00 0c 0a 08 00 00 0d 00 08 00 00 ff 00 00 00 00 ff 00 00 00 00
78000,01 40 01 10 00 00 00 00 00 01 00 00 00 00 02 00 00 00 00 03 00 00 00 00 04 00 00 00 00 05 00 00 00 00 06 00 00 00 00 07 00 00 00 00 08 00 00 00 00 09 00 00 00 00 0a 00 00 00 00 0b 00 00 00 00 0c 00 00 00 00 0d 00 00 00 00 0e 00 00 00 00 0f 00 00 00 00,01 40 01 10 00 00 00 00 00 01 00 00 00 00 02 00 00 00 00 03 00 00 00 00 04 00 00 00 00 05 00 00 00 00 06 00 00 00 00 07 00 00 00 00 08 00 00 00 00 09 00 00 00 00 0a 00 00 00 00 0b 00 00 00 00 0c 00 00 00 00 0d 00 00 00 00 0e 00 00 00 00 0f 00 00 00 00
0,01 26 02 10 00 96 00 00 00 01 96 00 00 00 02 96 00 00 00 03 96 00 00 00 04 96 00 00 00 05 96 00 00 00 06 96 00 00 00 07 96 00 00 00 08 96 00 00 00 09 96 00 00 00 0a 96 00 00 00 0b 96 00 00 00 0c 96 00 00 00 0d 96 00 00 00 0e 96 00 00 00 0f 96 00 00 00,01 26 02 10 00 96 00 00 00 01 96 00 00 00 02 96 00 00 00 03 96 00 00 00 04 96 00 00 00 05 96 00 00 00 06 96 00 00 00 07 96 00 00 00 08 96 00 00 00 09 96 00 00 00 0a 96 00 00 00 0b 96 00 00 00 0c 96 00 00 00 0d 96 00 00 00 0e 96 00 00 00 0f 96 00 00 00
0,01 0b 01 10 00 03 00 00 00 01 03 00 00 00 02 03 00 00 00 03 03 00 00 00 04 03 00 00 00 05 03 00 00 00 06 03 00 00 00 07 03 00 00 00 08 03 00 00 00 09 03 00 00 00 0a 03 00 00 00 0b 03 00 00 00 0c 03 00 00 00 0d 03 00 00 00 0e 03 00 00 00 0f 03 00 00 00,01 0b 01 10 00 03 00 00 00 01 03 00 00 00 02 03 00 00 00 03 03 00 00 00 04 03 00 00 00 05 03 00 00 00 06 03 00 00 00 07 03 00 00 00 08 03 00 00 00 09 03 00 00 00 0a 03 00 00 00 0b 03 00 00 00 0c 03 00 00 00 0d 03 00 00 00 0e 03 00 00 00 0f 03 00 00 00
16000,01 40 01 10 00 01 00 00 00 01 01 00 00 00 02 01 00 00 00 03 01 00 00 00 04 01 00 00 00 05 01 00 00 00 06 01 00 00 00 07 01 00 00 00 08 01 00 00 00 09 01 00 00 00 0a 01 00 00 00 0b 01 00 00 00 0c 01 00 00 00 0d 01 00 00 00 0e 01 00 00 00 0f 01 00 00 00,01 40 01 10 00 01 00 00 00 01 01 00 00 00 02 01 00 00 00 03 01 00 00 00 04 01 00 00 00 05 01 00 00 00 06 01 00 00 00 07 01 00 00 00 08 01 00 00 00 09 01 00 00 00 0a 01 00 00 00 0b 01 00 00 00 0c 01 00 00 00 0d 01 00 00 00 0e 01 00 00 00 0f 01 00 00 00
16000,01 74 04 10 00 00 08 00 00 01 00 08 00 00 02 00 08 00 00 03 00 08 00 00 04 00 08 00 00 05 00 08 00 00 06 00 08 00 00 07 00 08 00 00 08 00 08 00 00 09 00 08 00 00 0a 00 08 00 00 0b 00 08 00 00 0c 00 08 00 00 0d 00 08 00 00 0e 00 08 00 00 0f 00 08 00 00,01 74 04 10 00 00 08 00 00 01 00 08 00 00 02 00 08 00 00 03 00 08 00 00 04 00 08 00 00 05 00 08 00 00 06 00 08 00 00 07 00 08 00 00 08 00 08 00 00 09 00 08 00 00 0a 00 08 00 00 0b 00 08 00 00 0c 00 08 00 00 0d 00 08 00 00 0e 00 08 00 00 0f 00 08 00 00
31000,00 84 04 10 00 00 00 00 00 01 00 00 00 00 02 00 00 00 00 03 00 00 00 00 04 00 00 00 00 05 00 00 00 00 06 00 00 00 00 07 00 00 00 00 08 00 00 00 00 09 00 00 00 00 0a 00 00 00 00 0b 00 00 00 00 0c 00 00 00 00 0d 00 00 00 00 0e 00 00 00 00 0f 00 00 00 00,00 84 04 10 00 01 08 00 00 01 ef 07 00 00 02 d0 07 00 00 03 e3 07 00 00 04 11 08 00 00 05 e9 07 00 00 06 e7 07 00 00 07 f1 07 00 00 08 02 08 00 00 09 f1 07 00 00 0a ee 07 00 00 0b ef 07 00 00 0c 0f 08 00 00 0d 03 08 00 00 0e 00 08 00 00 0f 01 08 00 00
31000,00 84 04 10 00 00 00 00 00 01 00 00 00 00 02 00 00 00 00 03 00 00 00 00 04 00 00 00 00 05 00 00 00 00 06 00 00 00 00 07 00 00 00 00 08 00 00 00 00 09 00 00 00 00 0a 00 00 00 00 0b 00 00 00 00 0c 00 00 00 00 0d 00 00 00 00 0e 00 00 00 00 0f 00 00 00 00,00 84 04 10 00 00 08 00 00 01 f0 07 00 00 02 d1 07 00 00 03 e5 07 00 00 04 10 08 00 00 05 ea 07 00 00 06 e7 07 00 00 07 f2 07 00 00 08 02 08 00 00 09 f2 07 00 00 0a ee 07 00 00 0b ef 07 00 00 0c 0f 08 00 00 0d 03 08 00 00 0e 00 08 00 00 0f 01 08 00 00
47000,00 84 04 10 00 00 00 00 00 01 00 00 00 00 02 00 00 00 00 03 00 00 00 00 04 00 00 00 00 05 00 00 00 00 06 00 00 00 00 07 00 00 00 00 08 00 00 00 00 09 00 00 00 00 0a 00 00 00 00 0b 00 00 00 00 0c 00 00 00 00 0d 00 00 00 00 0e 00 00 00 00 0f 00 00 00 00,00 84 04 10 00 00 08 00 00 01 f3 07 00 00 02 d7 07 00 00 03 e9 07 00 00 04 0e 08 00 00 05 ed 07 00 00 06 ea 07 00 00 07 f3 07 00 00 08 02 08 00 00 09 f3 07 00 00 0a f0 07 00 00 0b f1 07 00 00 0c 0d 08 00 00 0d 02 08 00 00 0e 00 08 00 00 0f 01 08 00 00
62000,00 84 04 10 00 00 00 00 00 01 00 00 00 00 02 00 00 00 00 03 00 00 00 00 04 00 00 00 00 05 00 00 00 00 06 00 00 00 00 07 00 00 00 00 08 00 00 00 00 09 00 00 00 00 0a 00 00 00 00 0b 00 00 00 00 0c 00 00 00 00 0d 00 00 00 00 0e 00 00 00 00 0f 00 00 00 00,00 84 04 0e 00 00 08 00 00 01 f4 07 00 00 02 e0 07 00 00 03 ed 07 00 00 04 0b 08 00 00 05 f1 07 00 00 06 ed 07 00 00 07 f5 07 00 00 08 02 08 00 00 09 f6 07 00 00 0a f1 07 00 00 0b f3 07 00 00 0c 0a 08 00 00 0d 00 08 00 00 ff 00 00 00 00 ff 00 00 00 00
78000,01 40 01 10 00 00 00 00 00 01 00 00 00 00 02 00 00 00 00 03 00 00 00 00 04 00 00 00 00 05 00 00 00 00 06 00 00 00 00 07 00 00 00 00 08 00 00 00 00 09 00 00 00 00 0a 00 00 00 00 0b 00 00 00 00 0c 00 00 00 00 0d 00 00 00 00 0e 00 00 00 00 0f 00 00 00 00,01 40 01 10 00 00 00 00 00 01 00 00 00 00 02 00 00 00 00 03 00 00 00 00 04 00 00 00 00 05 00 00 00 00 06 00 00 00 00 07 00 00 00 00 08 00 00 00 00 09 00 00 00 00 0a 00 00 00 00 0b 00 00 00 00 0c 00 00 00 00 0d 00 00 00 00 0e 00 00 00 00 0f 00 00 00 00
0,01 26 02 10 00 96 00 00 00 01 96 00 00 00 02 96 00 00 00 03 96 00 00 00 04 96 00 00 00 05 96 00 00 00 06 96 00 00 00 07 96 00 00 00 08 96 00 00 00 09 96 00 00 00 0a 96 00 00 00 0b 96 00 00 00 0c 96 00 00 00 0d 96 00 00 00 0e 96 00 00 00 0f 96 00 00 00,01 26 02 10 00 96 00 00 00 01 96 00 00 00 02 96 00 00 00 03 96 00 00 00 04 96 00 00 00 05 96 00 00 00 06 96 00 00 00 07 96 00 00 00 08 96 00 00 00 09 96 00 00 00 0a 96 00 00 00 0b 96 00 00 00 0c 96 00 00 00 0d 96 00 00 00 0e 96 00 00 00 0f 96 00 00 00
0,01 0b 01 10 00 03 00 00 00 01 03 00 00 00 02 03 00 00 00 03 03 00 00 00 04 03 00 00 00 05 03 00 00 00 06 03 00 00 00 07 03 00 00 00 08 03 00 00 00 09 03 00 00 00 0a 03 00 00 00 0b 03 00 00 00 0c 03 00 00 00 0d 03 00 00 00 0e 03 00 00 00 0f 03 00 00 00,01 0b 01 10 00 03 00 00 00 01 03 00 00 00 02 03 00 00 00 03 03 00 00 00 04 03 00 00 00 05 03 00 00 00 06 03 00 00 00 07 03 00 00 00 08 03 00 00 00 09 03 00 00 00 0a 03 00 00 00 0b 03 00 00 00 0c 03 00 00 00 0d 03 00 00 00 0e 03 00 00 00 0f 03 00 00 00
16000,01 40 01 10 00 01 00 00 00 01 01 00 00 00 02 01 00 00 00 03 01 00 00 00 04 01 00 00 00 05 01 00 00 00 06 01 00 00 00 07 01 00 00 00 08 01 00 00 00 09 01 00 00 00 0a 01 00 00 00 0b 01 00 00 00 0c 01 00 00 00 0d 01 00 00 00 0e 01 00 00 00 0f 01 00 00 00,01 40 01 10 00 01 00 00 00 01 01 00 00 00 02 01 00 00 00 03 01 00 00 00 04 01 00 00 00 05 01 00 00 00 06 01 00 00 00 07 01 00 00 00 08 01 00 00 00 09 01 00 00 00 0a 01 00 00 00 0b 01 00 00 00 0c 01 00 00 00 0d 01 00 00 00 0e 01 00 00 00 0f 01 00 00 00
16000,01 74 04 10 00 00 08 00 00 01 00 08 00 00 02 00 08 00 00 03 00 08 00 00 04 00 08 00 00 05 00 08 00 00 06 00 08 00 00 07 00 08 00 00 08 00 08 00 00 09 00 08 00 00 0a 00 08 00 00 0b 00 08 00 00 0c 00 08 00 00 0d 00 08 00 00 0e 00 08 00 00 0f 00 08 00 00,01 74 04 10 00 00 08 00 00 01 00 08 00 00 02 00 08 00 00 03 00 08 00 00 04 00 08 00 00 05 00 08 00 00 06 00 08 00 00 07 00 08 00 00 08 00 08 00 00 09 00 08 00 00 0a 00 08 00 00 0b 00 08 00 00 0c 00 08 00 00 0d 00 08 00 00 0e 00 08 00 00 0f 00 08 00 00
16000,00 84 04 10 00 00 00 00 00 01 00 00 00 00 02 00 00 00 00 03 00 00 00 00 04 00 00 00 00 05 00 00 00 00 06 00 00 00 00 07 00 00 00 00 08 00 00 00 00 09 00 00 00 00 0a 00 00 00 00 0b 00 00 00 00 0c 00 00 00 00 0d 00 00 00 00 0e 00 00 00 00 0f 00 00 00 00,00 84 04 10 00 01 08 00 00 01 f0 07 00 00 02 d0 07 00 00 03 e3 07 00 00 04 10 08 00 00 05 ea 07 00 00 06 e7 07 00 00 07 f1 07 00 00 08 02 08 00 00 09 f2 07 00 00 0a ee 07 00 00 0b ef 07 00 00 0c 0e 08 00 00 0d 01 08 00 00 0e 00 08 00 00 0f 01 08 00 00
31000,00 84 04 10 00 00 00 00 00 01 00 00 00 00 02 00 00 00 00 03 00 00 00 00 04 00 00 00 00 05 00 00 00 00 06 00 00 00 00 07 00 00 00 00 08 00 00 00 00 09 00 00 00 00 0a 00 00 00 00 0b 00 00 00 00 0c 00 00 00 00 0d 00 00 00 00 0e 00 00 00 00 0f 00 00 00 00,00 84 04 10 00 01 08 00 00 01 f0 07 00 00 02 d0 07 00 00 03 e4 07 00 00 04 10 08 00 00 05 ea 07 00 00 06 e7 07 00 00 07 f1 07 00 00 08 02 08 00 00 09 f2 07 00 00 0a ee 07 00 00 0b ef 07 00 00 0c 0e 08 00 00 0d 01 08 00 00 0e 00 08 00 00 0f 01 08 00 00
47000,00 84 04 10 00 00 00 00 00 01 00 00 00 00 02 00 00 00 00 03 00 00 00 00 04 00 00 00 00 05 00 00 00 00 06 00 00 00 00 07 00 00 00 00 08 00 00 00 00 09 00 00 00 00 0a 00 00 00 00 0b 00 00 00 00 0c 00 00 00 00 0d 00 00 00 00 0e 00 00 00 00 0f 00 00 00 00,00 84 04 0e 00 00 08 00 00 01 f2 07 00 00 02 d3 07 00 00 03 e6 07 00 00 04 0e 08 00 00 05 eb 07 00 00 06 e8 07 00 00 07 f3 07 00 00 08 02 08 00 00 09 f3 07 00 00 0a ee 07 00 00 0b f0 07 00 00 0c 0e 08 00 00 0d 01 08 00 00 ff 00 00 00 00 ff 00 00 00 00
47000,01 40 01 10 00 00 00 00 00 01 00 00 00 00 02 00 00 00 00 03 00 00 00 00 04 00 00 00 00 05 00 00 00 00 06 00 00 00 00 07 00 00 00 00 08 00 00 00 00 09 00 00 00 00 0a 00 00 00 00 0b 00 00 00 00 0c 00 00 00 00 0d 00 00 00 00 0e 00 00 00 00 0f 00 00 00 00,01 40 01 10 00 00 00 00 00 01 00 00 00 00 02 00 00 00 00 03 00 00 00 00 04 00 00 00 00 05 00 00 00 00 06 00 00 00 00 07 00 00 00 00 08 00 00 00 00 09 00 00 00 00 0a 00 00 00 00 0b 00 00 00 00 0c 00 00 00 00 0d 00 00 00 00 0e 00 00 00 00 0f 00 00 00 00
0,01 26 02 10 00 96 00 00 00 01 96 00 00 00 02 96 00 00 00 03 96 00 00 00 04 96 00 00 00 05 96 00 00 00 06 96 00 00 00 07 96 00 00 00 08 96 00 00 00 09 96 00 00 00 0a 96 00 00 00 0b 96 00 00 00 0c 96 00 00 00 0d 96 00 00 00 0e 96 00 00 00 0f 96 00 00 00,01 26 02 10 00 96 00 00 00 01 96 00 00 00 02 96 00 00 00 03 96 00 00 00 04 96 00 00 00 05 96 00 00 00 06 96 00 00 00 07 96 00 00 00 08 96 00 00 00 09 96 00 00 00 0a 96 00 00 00 0b 96 00 00 00 0c 96 00 00 00 0d 96 00 00 00 0e 96 00 00 00 0f 96 00 00 00
15000,01 0b 01 10 00 03 00 00 00 01 03 00 00 00 02 03 00 00 00 03 03 00 00 00 04 03 00 00 00 05 03 00 00 00 06 03 00 00 00 07 03 00 00 00 08 03 00 00 00 09 03 00 00 00 0a 03 00 00 00 0b 03 00 00 00 0c 03 00 00 00 0d 03 00 00 00 0e 03 00 00 00 0f 03 00 00 00,01 0b 01 10 00 03 00 00 00 01 03 00 00 00 02 03 00 00 00 03 03 00 00 00 04 03 00 00 00 05 03 00 00 00 06 03 00 00 00 07 03 00 00 00 08 03 00 00 00 09 03 00 00 00 0a 03 00 00 00 0b 03 00 00 00 0c 03 00 00 00 0d 03 00 00 00 0e 03 00 00 00 0f 03 00 00 00
15000,01 40 01 10 00 01 00 00 00 01 01 00 00 00 02 01 00 00 00 03 01 00 00 00 04 01 00 00 00 05 01 00 00 00 06 01 00 00 00 07 01 00 00 00 08 01 00 00 00 09 01 00 00 00 0a 01 00 00 00 0b 01 00 00 00 0c 01 00 00 00 0d 01 00 00 00 0e 01 00 00 00 0f 01 00 00 00,01 40 01 10 00 01 00 00 00 01 01 00 00 00 02 01 00 00 00 03 01 00 00 00 04 01 00 00 00 05 01 00 00 00 06 01 00 00 00 07 01 00 00 00 08 01 00 00 00 09 01 00 00 00 0a 01 00 00 00 0b 01 00 00 00 0c 01 00 00 00 0d 01 00 00 00 0e 01 00 00 00 0f 01 00 00 00
15000,01 74 04 10 00 00 08 00 00 01 00 08 00 00 02 00 08 00 00 03 00 08 00 00 04 00 08 00 00 05 00 08 00 00 06 00 08 00 00 07 00 08 00 00 08 00 08 00 00 09 00 08 00 00 0a 00 08 00 00 0b 00 08 00 00 0c 00 08 00 00 0d 00 08 00 00 0e 00 08 00 00 0f 00 08 00 00,01 74 04 10 00 00 08 00 00 01 00 08 00 00 02 00 08 00 00 03 00 08 00 00 04 00 08 00 00 05 00 08 00 00 06 00 08 00 00 07 00 08 00 00 08 00 08 00 00 09 00 08 00 00 0a 00 08 00 00 0b 00 08 00 00 0c 00 08 00 00 0d 00 08 00 00 0e 00 08 00 00 0f 00 08 00 00
31000,00 84 04 10 00 00 00 00 00 01 00 00 00 00 02 00 00 00 00 03 00 00 00 00 04 00 00 00 00 05 00 00 00 00 06 00 00 00 00 07 00 00 00 00 08 00 00 00 00 09 00 00 00 00 0a 00 00 00 00 0b 00 00 00 00 0c 00 00 00 00 0d 00 00 00 00 0e 00 00 00 00 0f 00 00 00 00,00 84 04 10 00 00 08 00 00 01 f1 07 00 00 02 d0 07 00 00 03 e6 07 00 00 04 0f 08 00 00 05 eb 07 00 00 06 e7 07 00 00 07 f1 07 00 00 08 02 08 00 00 09 f3 07 00 00 0a ed 07 00 00 0b f0 07 00 00 0c 0d 08 00 00 0d 01 08 00 00 0e 00 08 00 00 0f 01 08 00 00
31000,00 84 04 10 00 00 00 00 00 01 00 00 00 00 02 00 00 00 00 03 00 00 00 00 04 00 00 00 00 05 00 00 00 00 06 00 00 00 00 07 00 00 00 00 08 00 00 00 00 09 00 00 00 00 0a 00 00 00 00 0b 00 00 00 00 0c 00 00 00 00 0d 00 00 00 00 0e 00 00 00 00 0f 00 00 00 00,00 84 04 10 00 00 08 00 00 01 f1 07 00 00 02 d0 07 00 00 03 e6 07 00 00 04 0f 08 00 00 05 eb 07 00 00 06 e7 07 00 00 07 f1 07 00 00 08 02 08 00 00 09 f3 07 00 00 0a ed 07 00 00 0b f0 07 00 00 0c 0d 08 00 00 0d 01 08 00 00 0e 00 08 00 00 0f 01 08 00 00
46000,00 84 04 10 00 00 00 00 00 01 00 00 00 00 02 00 00 00 00 03 00 00 00 00 04 00 00 00 00 05 00 00 00 00 06 00 00 00 00 07 00 00 00 00 08 00 00 00 00 09 00 00 00 00 0a 00 00 00 00 0b 00 00 00 00 0c 00 00 00 00 0d 00 00 00 00 0e 00 00 00 00 0f 00 00 00 00,00 84 04 0e 00 00 08 00 00 01 f3 07 00 00 02 d2 07 00 00 03 e8 07 00 00 04 0d 08 00 00 05 ed 07 00 00 06 e8 07 00 00 07 f2 07 00 00 08 02 08 00 00 09 f4 07 00 00 0a ee 07 00 00 0b f0 07 00 00 0c 0d 08 00 00 0d 00 08 00 00 ff 00 00 00 00 ff 00 00 00 00
62000,01 40 01 10 00 00 00 00 00 01 00 00 00 00 02 00 00 00 00 03 00 00 00 00 04 00 00 00 00 05 00 00 00 00 06 00 00 00 00 07 00 00 00 00 08 00 00 00 00 09 00 00 00 00 0a 00 00 00 00 0b 00 00 00 00 0c 00 00 00 00 0d 00 00 00 00 0e 00 00 00 00 0f 00 00 00 00,01 40 01 10 00 00 00 00 00 01 00 00 00 00 02 00 00 00 00 03 00 00 00 00 04 00 00 00 00 05 00 00 00 00 06 00 00 00 00 07 00 00 00 00 08 00 00 00 00 09 00 00 00 00 0a 00 00 00 00 0b 00 00 00 00 0c 00 00 00 00 0d 00 00 00 00 0e 00 00 00 00 0f 00 00 00 00
16000,01 26 02 10 00 96 00 00 00 01 96 00 00 00 02 96 00 00 00 03 96 00 00 00 04 96 00 00 00 05 96 00 00 00 06 96 00 00 00 07 96 00 00 00 08 96 00 00 00 09 96 00 00 00 0a 96 00 00 00 0b 96 00 00 00 0c 96 00 00 00 0d 96 00 00 00 0e 96 00 00 00 0f 96 00 00 00,01 26 02 10 00 96 00 00 00 01 96 00 00 00 02 96 00 00 00 03 96 00 00 00 04 96 00 00 00 05 96 00 00 00 06 96 00 00 00 07 96 00 00 00 08 96 00 00 00 09 96 00 00 00 0a 96 00 00 00 0b 96 00 00 00 0c 96 00 00 00 0d 96 00 00 00 0e 96 00 00 00 0f 96 00 00 00
16000,01 0b 01 10 00 03 00 00 00 01 03 00 00 00 02 03 00 00 00 03 03 00 00 00 04 03 00 00 00 05 03 00 00 00 06 03 00 00 00 07 03 00 00 00 08 03 00 00 00 09 03 00 00 00 0a 03 00 00 00 0b 03 00 00 00 0c 03 00 00 00 0d 03 00 00 00 0e 03 00 00 00 0f 03 00 00 00,01 0b 01 10 00 03 00 00 00 01 03 00 00 00 02 03 00 00 00 03 03 00 00 00 04 03 00 00 00 05 03 00 00 00 06 03 00 00 00 07 03 00 00 00 08 03 00 00 00 09 03 00 00 00 0a 03 00 00 00 0b 03 00 00 00 0c 03 00 00 00 0d 03 00 00 00 0e 03 00 00 00 0f 03 00 00 00
16000,01 40 01 10 00 01 00 00 00 01 01 00 00 00 02 01 00 00 00 03 01 00 00 00 04 01 00 00 00 05 01 00 00 00 06 01 00 00 00 07 01 00 00 00 08 01 00 00 00 09 01 00 00 00 0a 01 00 00 00 0b 01 00 00 00 0c 01 00 00 00 0d 01 00 00 00 0e 01 00 00 00 0f 01 00 00 00,01 40 01 10 00 01 00 00 00 01 01 00 00 00 02 01 00 00 00 03 01 00 00 00 04 01 00 00 00 05 01 00 00 00 06 01 00 00 00 07 01 00 00 00 08 01 00 00 00 09 01 00 00 00 0a 01 00 00 00 0b 01 00 00 00 0c 01 00 00 00 0d 01 00 00 00 0e 01 00 00 00 0f 01 00 00 00
16000,01 74 04 10 00 00 08 00 00 01 00 08 00 00 02 00 08 00 00 03 00 08 00 00 04 00 08 00 00 05 00 08 00 00 06 00 08 00 00 07 00 08 00 00 08 00 08 00 00 09 00 08 00 00 0a 00 08 00 00 0b 00 08 00 00 0c 00 08 00 00 0d 00 08 00 00 0e 00 08 00 00 0f 00 08 00 00,01 74 04 10 00 00 08 00 00 01 00 08 00 00 02 00 08 00 00 03 00 08 00 00 04 00 08 00 00 05 00 08 00 00 06 00 08 00 00 07 00 08 00 00 08 00 08 00 00 09 00 08 00 00 0a 00 08 00 00 0b 00 08 00 00 0c 00 08 00 00 0d 00 08 00 00 0e 00 08 00 00 0f 00 08 00 00
32000,00 84 04 10 00 00 00 00 00 01 00 00 00 00 02 00 00 00 00 03 00 00 00 00 04 00 00 00 00 05 00 00 00 00 06 00 00 00 00 07 00 00 00 00 08 00 00 00 00 09 00 00 00 00 0a 00 00 00 00 0b 00 00 00 00 0c 00 00 00 00 0d 00 00 00 00 0e 00 00 00 00 0f 00 00 00 00,00 84 04 10 00 00 08 00 00 01 f1 07 00 00 02 d0 07 00 00 03 e5 07 00 00 04 0f 08 00 00 05 eb 07 00 00 06 e7 07 00 00 07 f1 07 00 00 08 02 08 00 00 09 f3 07 00 00 0a ed 07 00 00 0b f0 07 00 00 0c 0d 08 00 00 0d 00 08 00 00 0e 00 08 00 00 0f 01 08 00 00
47000,00 84 04 10 00 00 00 00 00 01 00 00 00 00 02 00 00 00 00 03 00 00 00 00 04 00 00 00 00 05 00 00 00 00 06 00 00 00 00 07 00 00 00 00 08 00 00 00 00 09 00 00 00 00 0a 00 00 00 00 0b 00 00 00 00 0c 00 00 00 00 0d 00 00 00 00 0e 00 00 00 00 0f 00 00 00 00,00 84 04 10 00 00 08 00 00 01 f1 07 00 00 02 d0 07 00 00 03 e6 07 00 00 04 0e 08 00 00 05 eb 07 00 00 06 e7 07 00 00 07 f1 07 00 00 08 02 08 00 00 09 f3 07 00 00 0a ed 07 00 00 0b f0 07 00 00 0c 0d 08 00 00 0d 00 08 00 00 0e 00 08 00 00 0f 01 08 00 00
63000,00 84 04 10 00 00 00 00 00 01 00 00 00 00 02 00 00 00 00 03 00 00 00 00 04 00 00 00 00 05 00 00 00 00 06 00 00 00 00 07 00 00 00 00 08 00 00 00 00 09 00 00 00 00 0a 00 00 00 00 0b 00 00 00 00 0c 00 00 00 00 0d 00 00 00 00 0e 00 00 00 00 0f 00 00 00 00,00 84 04 0e 00 00 08 00 00 01 f4 07 00 00 02 d3 07 00 00 03 e9 07 00 00 04 0c 08 00 00 05 ee 07 00 00 06 e9 07 00 00 07 f3 07 00 00 08 02 08 00 00 09 f5 07 00 00 0a ee 07 00 00 0b f1 07 00 00 0c 0c 08 00 00 0d 00 08 00 00 ff 00 00 00 00 ff 00 00 00 00
63000,01 40 01 10 00 00 00 00 00 01 00 00 00 00 02 00 00 00 00 03 00 00 00 00 04 00 00 00 00 05 00 00 00 00 06 00 00 00 00 07 00 00 00 00 08 00 00 00 00 09 00 00 00 00 0a 00 00 00 00 0b 00 00 00 00 0c 00 00 00 00 0d 00 00 00 00 0e 00 00 00 00 0f 00 00 00 00,01 40 01 10 00 00 00 00 00 01 00 00 00 00 02 00 00 00 00 03 00 00 00 00 04 00 00 00 00 05 00 00 00 00 06 00 00 00 00 07 00 00 00 00 08 00 00 00 00 09 00 00 00 00 0a 00 00 00 00 0b 00 00 00 00 0c 00 00 00 00 0d 00 00 00 00 0e 00 00 00 00 0f 00 00 00 00
0,01 26 02 10 00 96 00 00 00 01 96 00 00 00 02 96 00 00 00 03 96 00 00 00 04 96 00 00 00 05 96 00 00 00 06 96 00 00 00 07 96 00 00 00 08 96 00 00 00 09 96 00 00 00 0a 96 00 00 00 0b 96 00 00 00 0c 96 00 00 00 0d 96 00 00 00 0e 96 00 00 00 0f 96 00 00 00,01 26 02 10 00 96 00 00 00 01 96 00 00 00 02 96 00 00 00 03 96 00 00 00 04 96 00 00 00 05 96 00 00 00 06 96 00 00 00 07 96 00 00 00 08 96 00 00 00 09 96 00 00 00 0a 96 00 00 00 0b 96 00 00 00 0c 96 00 00 00 0d 96 00 00 00 0e 96 00 00 00 0f 96 00 00 00
0,01 0b 01 10 00 03 00 00 00 01 03 00 00 00 02 03 00 00 00 03 03 00 00 00 04 03 00 00 00 05 03 00 00 00 06 03 00 00 00 07 03 00 00 00 08 03 00 00 00 09 03 00 00 00 0a 03 00 00 00 0b 03 00 00 00 0c 03 00 00 00 0d 03 00 00 00 0e 03 00 00 00 0f 03 00 00 00,01 0b 01 10 00 03 00 00 00 01 03 00 00 00 02 03 00 00 00 03 03 00 00 00 04 03 00 00 00 05 03 00 00 00 06 03 00 00 00 07 03 00 00 00 08 03 00 00 00 09 03 00 00 00 0a 03 00 00 00 0b 03 00 00 00 0c 03 00 00 00 0d 03 00 00 00 0e 03 00 00 00 0f 03 00 00 00
0,01 40 01 10 00 01 00 00 00 01 01 00 00 00 02 01 00 00 00 03 01 00 00 00 04 01 00 00 00 05 01 00 00 00 06 01 00 00 00 07 01 00 00 00 08 01 00 00 00 09 01 00 00 00 0a 01 00 00 00 0b 01 00 00 00 0c 01 00 00 00 0d 01 00 00 00 0e 01 00 00 00 0f 01 00 00 00,01 40 01 10 00 01 00 00 00 01 01 00 00 00 02 01 00 00 00 03 01 00 00 00 04 01 00 00 00 05 01 00 00 00 06 01 00 00 00 07 01 00 00 00 08 01 00 00 00 09 01 00 00 00 0a 01 00 00 00 0b 01 00 00 00 0c 01 00 00 00 0d 01 00 00 00 0e 01 00 00 00 0f 01 00 00 00
16000,01 74 04 10 00 00 08 00 00 01 00 08 00 00 02 00 08 00 00 03 00 08 00 00 04 00 08 00 00 05 00 08 00 00 06 00 08 00 00 07 00 08 00 00 08 00 08 00 00 09 00 08 00 00 0a 00 08 00 00 0b 00 08 00 00 0c 00 08 00 00 0d 00 08 00 00 0e 00 08 00 00 0f 00 08 00 00,01 74 04 10 00 00 08 00 00 01 00 08 00 00 02 00 08 00 00 03 00 08 00 00 04 00 08 00 00 05 00 08 00 00 06 00 08 00 00 07 00 08 00 00 08 00 08 00 00 09 00 08 00 00 0a 00 08 00 00 0b 00 08 00 00 0c 00 08 00 00 0d 00 08 00 00 0e 00 08 00 00 0f 00 08 00 00
16000,00 84 04 10 00 00 00 00 00 01 00 00 00 00 02 00 00 00 00 03 00 00 00 00 04 00 00 00 00 05 00 00 00 00 06 00 00 00 00 07 00 00 00 00 08 00 00 00 00 09 00 00 00 00 0a 00 00 00 00 0b 00 00 00 00 0c 00 00 00 00 0d 00 00 00 00 0e 00 00 00 00 0f 00 00 00 00,00 84 04 10 00 00 08 00 00 01 f1 07 00 00 02 d0 07 00 00 03 e5 07 00 00 04 0e 08 00 00 05 eb 07 00 00 06 e7 07 00 00 07 f1 07 00 00 08 02 08 00 00 09 f3 07 00 00 0a ed 07 00 00 0b f0 07 00 00 0c 0d 08 00 00 0d 00 08 00 00 0e 00 08 00 00 0f 01 08 00 00
31000,00 84 04 10 00 00 00 00 00 01 00 00 00 00 02 00 00 00 00 03 00 00 00 00 04 00 00 00 00 05 00 00 00 00 06 00 00 00 00 07 00 00 00 00 08 00 00 00 00 09 00 00 00 00 0a 00 00 00 00 0b 00 00 00 00 0c 00 00 00 00 0d 00 00 00 00 0e 00 00 00 00 0f 00 00 00 00,00 84 04 10 00 00 08 00 00 01 f1 07 00 00 02 d0 07 00 00 03 e6 07 00 00 04 0e 08 00 00 05 eb 07 00 00 06 e7 07 00 00 07 f1 07 00 00 08 02 08 00 00 09 f3 07 00 00 0a ed 07 00 00 0b f0 07 00 00 0c 0d 08 00 00 0d 00 08 00 00 0e 00 08 00 00 0f 01 08 00 00
47000,00 84 04 10 00 00 00 00 00 01 00 00 00 00 02 00 00 00 00 03 00 00 00 00 04 00 00 00 00 05 00 00 00 00 06 00 00 00 00 07 00 00 00 00 08 00 00 00 00 09 00 00 00 00 0a 00 00 00 00 0b 00 00 00 00 0c 00 00 00 00 0d 00 00 00 00 0e 00 00 00 00 0f 00 00 00 00,00 84 04 0e 00 00 08 00 00 01 f3 07 00 00 02 d2 07 00 00 03 e8 07 00 00 04 0d 08 00 00 05 ed 07 00 00 06 e7 07 00 00 07 f2 07 00 00 08 02 08 00 00 09 f4 07 00 00 0a ee 07 00 00 0b f1 07 00 00 0c 0c 08 00 00 0d 00 08 00 00 ff 00 00 00 00 ff 00 00 00 00
47000,01 40 01 10 00 00 00 00 00 01 00 00 00 00 02 00 00 00 00 03 00 00 00 00 04 00 00 00 00 05 00 00 00 00 06 00 00 00 00 07 00 00 00 00 08 00 00 00 00 09 00 00 00 00 0a 00 00 00 00 0b 00 00 00 00 0c 00 00 00 00 0d 00 00 00 00 0e 00 00 00 00 0f 00 00 00 00,01 40 01 10 00 00 00 00 00 01 00 00 00 00 02 00 00 00 00 03 00 00 00 00 04 00 00 00 00 05 00 00 00 00 06 00 00 00 00 07 00 00 00 00 08 00 00 00 00 09 00 00 00 00 0a 00 00 00 00 0b 00 00 00 00 0c 00 00 00 00 0d 00 00 00 00 0e 00 00 00 00 0f 00 00 00 00
16000,01 26 02 10 00 96 00 00 00 01 96 00 00 00 02 96 00 00 00 03 96 00 00 00 04 96 00 00 00 05 96 00 00 00 06 96 00 00 00 07 96 00 00 00 08 96 00 00 00 09 96 00 00 00 0a 96 00 00 00 0b 96 00 00 00 0c 96 00 00 00 0d 96 00 00 00 0e 96 00 00 00 0f 96 00 00 00,01 26 02 10 00 96 00 00 00 01 96 00 00 00 02 96 00 00 00 03 96 00 00 00 04 96 00 00 00 05 96 00 00 00 06 96 00 00 00 07 96 00 00 00 08 96 00 00 00 09 96 00 00 00 0a 96 00 00 00 0b 96 00 00 00 0c 96 00 00 00 0d 96 00 00 00 0e 96 00 00 00 0f 96 00 00 00
16000,01 0b 01 10 00 03 00 00 00 01 03 00 00 00 02 03 00 00 00 03 03 00 00 00 04 03 00 00 00 05 03 00 00 00 06 03 00 00 00 07 03 00 00 00 08 03 00 00 00 09 03 00 00 00 0a 03 00 00 00 0b 03 00 00 00 0c 03 00 00 00 0d 03 00 00 00 0e 03 00 00 00 0f 03 00 00 00,01 0b 01 10 00 03 00 00 00 01 03 00 00 00 02 03 00 00 00 03 03 00 00 00 04 03 00 00 00 05 03 00 00 00 06 03 00 00 00 07 03 00 00 00 08 03 00 00 00 09 03 00 00 00 0a 03 00 00 00 0b 03 00 00 00 0c 03 00 00 00 0d 03 00 00 00 0e 03 00 00 00 0f 03 00 00 00
16000,01 40 01 10 00 01 00 00 00 01 01 00 00 00 02 01 00 00 00 03 01 00 00 00 04 01 00 00 00 05 01 00 00 00 06 01 00 00 00 07 01 00 00 00 08 01 00 00 00 09 01 00 00 00 0a 01 00 00 00 0b 01 00 00 00 0c 01 00 00 00 0d 01 00 00 00 0e 01 00 00 00 0f 01 00 00 00,01 40 01 10 00 01 00 00 00 01 01 00 00 00 02 01 00 00 00 03 01 00 00 00 04 01 00 00 00 05 01 00 00 00 06 01 00 00 00 07 01 00 00 00 08 01 00 00 00 09 01 00 00 00 0a 01 00 00 00 0b 01 00 00 00 0c 01 00 00 00 0d 01 00 00 00 0e 01 00 00 00 0f 01 00 00 00
31000,01 74 04 10 00 00 08 00 00 01 00 08 00 00 02 00 08 00 00 03 00 08 00 00 04 00 08 00 00 05 00 08 00 00 06 00 08 00 00 07 00 08 00 00 08 00 08 00 00 09 00 08 00 00 0a 00 08 00 00 0b 00 08 00 00 0c 00 08 00 00 0d 00 08 00 00 0e 00 08 00 00 0f 00 08 00 00,01 74 04 10 00 00 08 00 00 01 00 08 00 00 02 00 08 00 00 03 00 08 00 00 04 00 08 00 00 05 00 08 00 00 06 00 08 00 00 07 00 08 00 00 08 00 08 00 00 09 00 08 00 00 0a 00 08 00 00 0b 00 08 00 00 0c 00 08 00 00 0d 00 08 00 00 0e 00 08 00 00 0f 00 08 00 00
31000,00 84 04 10 00 00 00 00 00 01 00 00 00 00 02 00 00 00 00 03 00 00 00 00 04 00 00 00 00 05 00 00 00 00 06 00 00 00 00 07 00 00 00 00 08 00 00 00 00 09 00 00 00 00 0a 00 00 00 00 0b 00 00 00 00 0c 00 00 00 00 0d 00 00 00 00 0e 00 00 00 00 0f 00 00 00 00,00 84 04 10 00 00 08 00 00 01 f0 07 00 00 02 d0 07 00 00 03 e7 07 00 00 04 0e 08 00 00 05 ea 07 00 00 06 e7 07 00 00 07 f1 07 00 00 08 02 08 00 00 09 f3 07 00 00 0a ee 07 00 00 0b f0 07 00 00 0c 0d 08 00 00 0d 00 08 00 00 0e 00 08 00 00 0f 01 08 00 00
47000,00 84 04 10 00 00 00 00 00 01 00 00 00 00 02 00 00 00 00 03 00 00 00 00 04 00 00 00 00 05 00 00 00 00 06 00 00 00 00 07 00 00 00 00 08 00 00 00 00 09 00 00 00 00 0a 00 00 00 00 0b 00 00 00 00 0c 00 00 00 00 0d 00 00 00 00 0e 00 00 00 00 0f 00 00 00 00,00 84 04 10 00 00 08 00 00 01 f1 07 00 00 02 d0 07 00 00 03 e8 07 00 00 04 0d 08 00 00 05 eb 07 00 00 06 e7 07 00 00 07 f2 07 00 00 08 02 08 00 00 09 f3 07 00 00 0a ed 07 00 00 0b f0 07 00 00 0c 0d 08 00 00 0d 00 08 00 00 0e 00 08 00 00 0f 01 08 00 00
62000,00 84 04 10 00 00 00 00 00 01 00 00 00 00 02 00 00 00 00 03 00 00 00 00 04 00 00 00 00 05 00 00 00 00 06 00 00 00 00 07 00 00 00 00 08 00 00 00 00 09 00 00 00 00 0a 00 00 00 00 0b 00 00 00 00 0c 00 00 00 00 0d 00 00 00 00 0e 00 00 00 00 0f 00 00 00 00,00 84 04 0e 00 00 08 00 00 01 f4 07 00 00 02 d4 07 00 00 03 eb 07 00 00 04 0b 08 00 00 05 ed 07 00 00 06 ea 07 00 00 07 f3 07 00 00 08 01 08 00 00 09 f4 07 00 00 0a ef 07 00 00 0b f1 07 00 00 0c 0b 08 00 00 0d 00 08 00 00 ff 00 00 00 00 ff 00 00 00 00
62000,01 40 01 10 00 00 00 00 00 01 00 00 00 00 02 00 00 00 00 03 00 00 00 00 04 00 00 00 00 05 00 00 00 00 06 00 00 00 00 07 00 00 00 00 08 00 00 00 00 09 00 00 00 00 0a 00 00 00 00 0b 00 00 00 00 0c 00 00 00 00 0d 00 00 00 00 0e 00 00 00 00 0f 00 00 00 00,01 40 01 10 00 00 00 00 00 01 00 00 00 00 02 00 00 00 00 03 00 00 00 00 04 00 00 00 00 05 00 00 00 00 06 00 00 00 00 07 00 00 00 00 08 00 00 00 00 09 00 00 00 00 0a 00 00 00 00 0b 00 00 00 00 0c 00 00 00 00 0d 00 00 00 00 0e 00 00 00 00 0f 00 00 00 00
0,01 26 02 10 00 96 00 00 00 01 96 00 00 00 02 96 00 00 00 03 96 00 00 00 04 96 00 00 00 05 96 00 00 00 06 96 00 00 00 07 96 00 00 00 08 96 00 00 00 09 96 00 00 00 0a 96 00 00 00 0b 96 00 00 00 0c 96 00 00 00 0d 96 00 00 00 0e 96 00 00 00 0f 96 00 00 00,01 26 02 10 00 96 00 00 00 01 96 00 00 00 02 96 00 00 00 03 96 00 00 00 04 96 00 00 00 05 96 00 00 00 06 96 00 00 00 07 96 00 00 00 08 96 00 00 00 09 96 00 00 00 0a 96 00 00 00 0b 96 00 00 00 0c 96 00 00 00 0d 96 00 00 00 0e 96 00 00 00 0f 96 00 00 00
0,01 0b 01 10 00 03 00 00 00 01 03 00 00 00 02 03 00 00 00 03 03 00 00 00 04 03 00 00 00 05 03 00 00 00 06 03 00 00 00 07 03 00 00 00 08 03 00 00 00 09 03 00 00 00 0a 03 00 00 00 0b 03 00 00 00 0c 03 00 00 00 0d 03 00 00 00 0e 03 00 00 00 0f 03 00 00 00,01 0b 01 10 00 03 00 00 00 01 03 00 00 00 02 03 00 00 00 03 03 00 00 00 04 03 00 00 00 05 03 00 00 00 06 03 00 00 00 07 03 00 00 00 08 03 00 00 00 09 03 00 00 00 0a 03 00 00 00 0b 03 00 00 00 0c 03 00 00 00 0d 03 00 00 00 0e 03 00 00 00 0f 03 00 00 00
15000,01 40 01 10 00 01 00 00 00 01 01 00 00 00 02 01 00 00 00 03 01 00 00 00 04 01 00 00 00 05 01 00 00 00 06 01 00 00 00 07 01 00 00 00 08 01 00 00 00 09 01 00 00 00 0a 01 00 00 00 0b 01 00 00 00 0c 01 00 00 00 0d 01 00 00 00 0e 01 00 00 00 0f 01 00 00 00,01 40 01 10 00 01 00 00 00 01 01 00 00 00 02 01 00 00 00 03 01 00 00 00 04 01 00 00 00 05 01 00 00 00 06 01 00 00 00 07 01 00 00 00 08 01 00 00 00 09 01 00 00 00 0a 01 00 00 00 0b 01 00 00 00 0c 01 00 00 00 0d 01 00 00 00 0e 01 00 00 00 0f 01 00 00 00
15000,01 74 04 10 00 00 08 00 00 01 00 08 00 00 02 00 08 00 00 03 00 08 00 00 04 00 08 00 00 05 00 08 00 00 06 00 08 00 00 07 00 08 00 00 08 00 08 00 00 09 00 08 00 00 0a 00 08 00 00 0b 00 08 00 00 0c 00 08 00 00 0d 00 08 00 00 0e 00 08 00 00 0f 00 08 00 00,01 74 04 10 00 00 08 00 00 01 00 08 00 00 02 00 08 00 00 03 00 08 00 00 04 00 08 00 00 05 00 08 00 00 06 00 08 00 00 07 00 08 00 00 08 00 08 00 00 09 00 08 00 00 0a 00 08 00 00 0b 00 08 00 00 0c 00 08 00 00 0d 00 08 00 00 0e 00 08 00 00 0f 00 08 00 00
31000,00 84 04 10 00 00 00 00 00 01 00 00 00 00 02 00 00 00 00 03 00 00 00 00 04 00 00 00 00 05 00 00 00 00 06 00 00 00 00 07 00 00 00 00 08 00 00 00 00 09 00 00 00 00 0a 00 00 00 00 0b 00 00 00 00 0c 00 00 00 00 0d 00 00 00 00 0e 00 00 00 00 0f 00 00 00 00,00 84 04 10 00 00 08 00 00 01 f0 07 00 00 02 d0 07 00 00 03 e6 07 00 00 04 0e 08 00 00 05 ea 07 00 00 06 e7 07 00 00 07 f1 07 00 00 08 02 08 00 00 09 f2 07 00 00 0a ed 07 00 00 0b f0 07 00 00 0c 0d 08 00 00 0d 00 08 00 00 0e 00 08 00 00 0f 01 08 00 00
47000,00 84 04 10 00 00 00 00 00 01 00 00 00 00 02 00 00 00 00 03 00 00 00 00 04 00 00 00 00 05 00 00 00 00 06 00 00 00 00 07 00 00 00 00 08 00 00 00 00 09 00 00 00 00 0a 00 00 00 00 0b 00 00 00 00 0c 00 00 00 00 0d 00 00 00 00 0e 00 00 00 00 0f 00 00 00 00,00 84 04 0f 00 00 08 00 00 01 f2 07 00 00 02 d0 07 00 00 03 e8 07 00 00 04 0d 08 00 00 05 eb 07 00 00 06 e7 07 00 00 07 f2 07 00 00 08 02 08 00 00 09 f3 07 00 00 0a ee 07 00 00 0b f0 07 00 00 0c 0d 08 00 00 0d 00 08 00 00 0e 00 08 00 00 ff 00 00 00 00
47000,01 40 01 10 00 00 00 00 00 01 00 00 00 00 02 00 00 00 00 03 00 00 00 00 04 00 00 00 00 05 00 00 00 00 06 00 00 00 00 07 00 00 00 00 08 00 00 00 00 09 00 00 00 00 0a 00 00 00 00 0b 00 00 00 00 0c 00 00 00 00 0d 00 00 00 00 0e 00 00 00 00 0f 00 00 00 00,01 40 01 10 00 00 00 00 00 01 00 00 00 00 02 00 00 00 00 03 00 00 00 00 04 00 00 00 00 05 00 00 00 00 06 00 00 00 00 07 00 00 00 00 08 00 00 00 00 09 00 00 00 00 0a 00 00 00 00 0b 00 00 00 00 0c 00 00 00 00 0d 00 00 00 00 0e 00 00 00 00 0f 00 00 00 00
0,01 26 02 10 00 96 00 00 00 01 96 00 00 00 02 96 00 00 00 03 96 00 00 00 04 96 00 00 00 05 96 00 00 00 06 96 00 00 00 07 96 00 00 00 08 96 00 00 00 09 96 00 00 00 0a 96 00 00 00 0b 96 00 00 00 0c 96 00 00 00 0d 96 00 00 00 0e 96 00 00 00 0f 96 00 00 00,01 26 02 10 00 96 00 00 00 01 96 00 00 00 02 96 00 00 00 03 96 00 00 00 04 96 00 00 00 05 96 00 00 00 06 96 00 00 00 07 96 00 00 00 08 96 00 00 00 09 96 00 00 00 0a 96 00 00 00 0b 96 00 00 00 0c 96 00 00 00 0d 96 00 00 00 0e 96 00 00 00 0f 96 00 00 00
16000,01 0b 01 10 00 03 00 00 00 01 03 00 00 00 02 03 00 00 00 03 03 00 00 00 04 03 00 00 00 05 03 00 00 00 06 03 00 00 00 07 03 00 00 00 08 03 00 00 00 09 03 00 00 00 0a 03 00 00 00 0b 03 00 00 00 0c 03 00 00 00 0d 03 00 00 00 0e 03 00 00 00 0f 03 00 00 00,01 0b 01 10 00 03 00 00 00 01 03 00 00 00 02 03 00 00 00 03 03 00 00 00 04 03 00 00 00 05 03 00 00 00 06 03 00 00 00 07 03 00 00 00 08 03 00 00 00 09 03 00 00 00 0a 03 00 00 00 0b 03 00 00 00 0c 03 00 00 00 0d 03 00 00 00 0e 03 00 00 00 0f 03 00 00 00
16000,01 40 01 10 00 01 00 00 00 01 01 00 00 00 02 01 00 00 00 03 01 00 00 00 04 01 00 00 00 05 01 00 00 00 06 01 00 00 00 07 01 00 00 00 08 01 00 00 00 09 01 00 00 00 0a 01 00 00 00 0b 01 00 00 00 0c 01 00 00 00 0d 01 00 00 00 0e 01 00 00 00 0f 01 00 00 00,01 40 01 10 00 01 00 00 00 01 01 00 00 00 02 01 00 00 00 03 01 00 00 00 04 01 00 00 00 05 01 00 00 00 06 01 00 00 00 07 01 00 00 00 08 01 00 00 00 09 01 00 00 00 0a 01 00 00 00 0b 01 00 00 00 0c 01 00 00 00 0d 01 00 00 00 0e 01 00 00 00 0f 01 00 00 00
16000,01 74 04 10 00 00 08 00 00 01 00 08 00 00 02 00 08 00 00 03 00 08 00 00 04 00 08 00 00 05 00 08 00 00 06 00 08 00 00 07 00 08 00 00 08 00 08 00 00 09 00 08 00 00 0a 00 08 00 00 0b 00 08 00 00 0c 00 08 00 00 0d 00 08 00 00 0e 00 08 00 00 0f 00 08 00 00,01 74 04 10 00 00 08 00 00 01 00 08 00 00 02 00 08 00 00 03 00 08 00 00 04 00 08 00 00 05 00 08 00 00 06 00 08 00 00 07 00 08 00 00 08 00 08 00 00 09 00 08 00 00 0a 00 08 00 00 0b 00 08 00 00 0c 00 08 00 00 0d 00 08 00 00 0e 00 08 00 00 0f 00 08 00 00
31000,00 84 04 10 00 00 00 00 00 01 00 00 00 00 02 00 00 00 00 03 00 00 00 00 04 00 00 00 00 05 00 00 00 00 06 00 00 00 00 07 00 00 00 00 08 00 00 00 00 09 00 00 00 00 0a 00 00 00 00 0b 00 00 00 00 0c 00 00 00 00 0d 00 00 00 00 0e 00 00 00 00 0f 00 00 00 00,00 84 04 10 00 00 08 00 00 01 f0 07 00 00 02 d0 07 00 00 03 e7 07 00 00 04 0e 08 00 00 05 eb 07 00 00 06 e7 07 00 00 07 f1 07 00 00 08 02 08 00 00 09 f3 07 00 00 0a ed 07 00 00 0b f0 07 00 00 0c 0d 08 00 00 0d 00 08 00 00 0e 00 08 00 00 0f 01 08 00 00
47000,00 84 04 10 00 00 00 00 00 01 00 00 00 00 02 00 00 00 00 03 00 00 00 00 04 00 00 00 00 05 00 00 00 00 06 00 00 00 00 07 00 00 00 00 08 00 00 00 00 09 00 00 00 00 0a 00 00 00 00 0b 00 00 00 00 0c 00 00 00 00 0d 00 00 00 00 0e 00 00 00 00 0f 00 00 00 00,00 84 04 0e 00 00 08 00 00 01 f2 07 00 00 02 d0 07 00 00 03 e8 07 00 00 04 0d 08 00 00 05 eb 07 00 00 06 e7 07 00 00 07 f2 07 00 00 08 02 08 00 00 09 f3 07 00 00 0a ed 07 00 00 0b f0 07 00 00 0c 0d 08 00 00 0d 00 08 00 00 ff 00 00 00 00 ff 00 00 00 00
63000,01 40 01 10 00 00 00 00 00 01 00 00 00 00 02 00 00 00 00 03 00 00 00 00 04 00 00 00 00 05 00 00 00 00 06 00 00 00 00 07 00 00 00 00 08 00 00 00 00 09 00 00 00 00 0a 00 00 00 00 0b 00 00 00 00 0c 00 00 00 00 0d 00 00 00 00 0e 00 00 00 00 0f 00 00 00 00,01 40 01 10 00 00 00 00 00 01 00 00 00 00 02 00 00 00 00 03 00 00 00 00 04 00 00 00 00 05 00 00 00 00 06 00 00 00 00 07 00 00 00 00 08 00 00 00 00 09 00 00 00 00 0a 00 00 00 00 0b 00 00 00 00 0c 00 00 00 00 0d 00 00 00 00 0e 00 00 00 00 0f 00 00 00 00
0,01 26 02 10 00 96 00 00 00 01 96 00 00 00 02 96 00 00 00 03 96 00 00 00 04 96 00 00 00 05 96 00 00 00 06 96 00 00 00 07 96 00 00 00 08 96 00 00 00 09 96 00 00 00 0a 96 00 00 00 0b 96 00 00 00 0c 96 00 00 00 0d 96 00 00 00 0e 96 00 00 00 0f 96 00 00 00,01 26 02 10 00 96 00 00 00 01 96 00 00 00 02 96 00 00 00 03 96 00 00 00 04 96 00 00 00 05 96 00 00 00 06 96 00 00 00 07 96 00 00 00 08 96 00 00 00 09 96 00 00 00 0a 96 00 00 00 0b 96 00 00 00 0c 96 00 00 00 0d 96 00 00 00 0e 96 00 00 00 0f 96 00 00 00
16000,01 0b 01 10 00 03 00 00 00 01 03 00 00 00 02 03 00 00 00 03 03 00 00 00 04 03 00 00 00 05 03 00 00 00 06 03 00 00 00 07 03 00 00 00 08 03 00 00 00 09 03 00 00 00 0a 03 00 00 00 0b 03 00 00 00 0c 03 00 00 00 0d 03 00 00 00 0e 03 00 00 00 0f 03 00 00 00,01 0b 01 10 00 03 00 00 00 01 03 00 00 00 02 03 00 00 00 03 03 00 00 00 04 03 00 00 00 05 03 00 00 00 06 03 00 00 00 07 03 00 00 00 08 03 00 00 00 09 03 00 00 00 0a 03 00 00 00 0b 03 00 00 00 0c 03 00 00 00 0d 03 00 00 00 0e 03 00 00 00 0f 03 00 00 00
16000,01 40 01 10 00 01 00 00 00 01 01 00 00 00 02 01 00 00 00 03 01 00 00 00 04 01 00 00 00 05 01 00 00 00 06 01 00 00 00 07 01 00 00 00 08 01 00 00 00 09 01 00 00 00 0a 01 00 00 00 0b 01 00 00 00 0c 01 00 00 00 0d 01 00 00 00 0e 01 00 00 00 0f 01 00 00 00,01 40 01 10 00 01 00 00 00 01 01 00 00 00 02 01 00 00 00 03 01 00 00 00 04 01 00 00 00 05 01 00 00 00 06 01 00 00 00 07 01 00 00 00 08 01 00 00 00 09 01 00 00 00 0a 01 00 00 00 0b 01 00 00 00 0c 01 00 00 00 0d 01 00 00 00 0e 01 00 00 00 0f 01 00 00 00
16000,01 74 04 10 00 00 08 00 00 01 00 08 00 00 02 00 08 00 00 03 00 08 00 00 04 00 08 00 00 05 00 08 00 00 06 00 08 00 00 07 00 08 00 00 08 00 08 00 00 09 00 08 00 00 0a 00 08 00 00 0b 00 08 00 00 0c 00 08 00 00 0d 00 08 00 00 0e 00 08 00 00 0f 00 08 00 00,01 74 04 10 00 00 08 00 00 01 00 08 00 00 02 00 08 00 00 03 00 08 00 00 04 00 08 00 00 05 00 08 00 00 06 00 08 00 00 07 00 08 00 00 08 00 08 00 00 09 00 08 00 00 0a 00 08 00 00 0b 00 08 00 00 0c 00 08 00 00 0d 00 08 00 00 0e 00 08 00 00 0f 00 08 00 00
31000,00 84 04 10 00 00 00 00 00 01 00 00 00 00 02 00 00 00 00 03 00 00 00 00 04 00 00 00 00 05 00 00 00 00 06 00 00 00 00 07 00 00 00 00 08 00 00 00 00 09 00 00 00 00 0a 00 00 00 00 0b 00 00 00 00 0c 00 00 00 00 0d 00 00 00 00 0e 00 00 00 00 0f 00 00 00 00,00 84 04 10 00 00 08 00 00 01 f1 07 00 00 02 d0 07 00 00 03 e7 07 00 00 04 0d 08 00 00 05 eb 07 00 00 06 e7 07 00 00 07 f1 07 00 00 08 01 08 00 00 09 f3 07 00 00 0a ed 07 00 00 0b f0 07 00 00 0c 0d 08 00 00 0d ff 07 00 00 0e 00 08 00 00 0f 01 08 00 00
47000,00 84 04 10 00 00 00 00 00 01 00 00 00 00 02 00 00 00 00 03 00 00 00 00 04 00 00 00 00 05 00 00 00 00 06 00 00 00 00 07 00 00 00 00 08 00 00 00 00 09 00 00 00 00 0a 00 00 00 00 0b 00 00 00 00 0c 00 00 00 00 0d 00 00 00 00 0e 00 00 00 00 0f 00 00 00 00,00 84 04 0e 00 00 08 00 00 01 f2 07 00 00 02 d0 07 00 00 03 e9 07 00 00 04 0c 08 00 00 05 eb 07 00 00 06 e7 07 00 00 07 f2 07 00 00 08 01 08 00 00 09 f3 07 00 00 0a ed 07 00 00 0b f0 07 00 00 0c 0d 08 00 00 0d ff 07 00 00 ff 00 00 00 00 ff 00 00 00 00
47000,01 40 01 10 00 00 00 00 00 01 00 00 00 00 02 00 00 00 00 03 00 00 00 00 04 00 00 00 00 05 00 00 00 00 06 00 00 00 00 07 00 00 00 00 08 00 00 00 00 09 00 00 00 00 0a 00 00 00 00 0b 00 00 00 00 0c 00 00 00 00 0d 00 00 00 00 0e 00 00 00 00 0f 00 00 00 00,01 40 01 10 00 00 00 00 00 01 00 00 00 00 02 00 00 00 00 03 00 00 00 00 04 00 00 00 00 05 00 00 00 00 06 00 00 00 00 07 00 00 00 00 08 00 00 00 00 09 00 00 00 00 0a 00 00 00 00 0b 00 00 00 00 0c 00 00 00 00 0d 00 00 00 00 0e 00 00 00 00 0f 00 00 00 00
0,01 26 02 10 00 96 00 00 00 01 96 00 00 00 02 96 00 00 00 03 96 00 00 00 04 96 00 00 00 05 96 00 00 00 06 96 00 00 00 07 96 00 00 00 08 96 00 00 00 09 96 00 00 00 0a 96 00 00 00 0b 96 00 00 00 0c 96 00 00 00 0d 96 00 00 00 0e 96 00 00 00 0f 96 00 00 00,01 26 02 10 00 96 00 00 00 01 96 00 00 00 02 96 00 00 00 03 96 00 00 00 04 96 00 00 00 05 96 00 00 00 06 96 00 00 00 07 96 00 00 00 08 96 00 00 00 09 96 00 00 00 0a 96 00 00 00 0b 96 00 00 00 0c 96 00 00 00 0d 96 00 00 00 0e 96 00 00 00 0f 96 00 00 00
0,01 0b 01 10 00 03 00 00 00 01 03 00 00 00 02 03 00 00 00 03 03 00 00 00 04 03 00 00 00 05 03 00 00 00 06 03 00 00 00 07 03 00 00 00 08 03 00 00 00 09 03 00 00 00 0a 03 00 00 00 0b 03 00 00 00 0c 03 00 00 00 0d 03 00 00 00 0e 03 00 00 00 0f 03 00 00 00,01 0b 01 10 00 03 00 00 00 01 03 00 00 00 02 03 00 00 00 03 03 00 00 00 04 03 00 00 00 05 03 00 00 00 06 03 00 00 00 07 03 00 00 00 08 03 00 00 00 09 03 00 00 00 0a 03 00 00 00 0b 03 00 00 00 0c 03 00 00 00 0d 03 00 00 00 0e 03 00 00 00 0f 03 00 00 00
16000,01 40 01 10 00 01 00 00 00 01 01 00 00 00 02 01 00 00 00 03 01 00 00 00 04 01 00 00 00 05 01 00 00 00 06 01 00 00 00 07 01 00 00 00 08 01 00 00 00 09 01 00 00 00 0a 01 00 00 00 0b 01 00 00 00 0c 01 00 00 00 0d 01 00 00 00 0e 01 00 00 00 0f 01 00 00 00,01 40 01 10 00 01 00 00 00 01 01 00 00 00 02 01 00 00 00 03 01 00 00 00 04 01 00 00 00 05 01 00 00 00 06 01 00 00 00 07 01 00 00 00 08 01 00 00 00 09 01 00 00 00 0a 01 00 00 00 0b 01 00 00 00 0c 01 00 00 00 0d 01 00 00 00 0e 01 00 00 00 0f 01 00 00 00
16000,01 74 04 10 00 00 08 00 00 01 00 08 00 00 02 00 08 00 00 03 00 08 00 00 04 00 08 00 00 05 00 08 00 00 06 00 08 00 00 07 00 08 00 00 08 00 08 00 00 09 00 08 00 00 0a 00 08 00 00 0b 00 08 00 00 0c 00 08 00 00 0d 00 08 00 00 0e 00 08 00 00 0f 00 08 00 00,01 74 04 10 00 00 08 00 00 01 00 08 00 00 02 00 08 00 00 03 00 08 00 00 04 00 08 00 00 05 00 08 00 00 06 00 08 00 00 07 00 08 00 00 08 00 08 00 00 09 00 08 00 00 0a 00 08 00 00 0b 00 08 00 00 0c 00 08 00 00 0d 00 08 00 00 0e 00 08 00 00 0f 00 08 00 00
16000,00 84 04 10 00 00 00 00 00 01 00 00 00 00 02 00 00 00 00 03 00 00 00 00 04 00 00 00 00 05 00 00 00 00 06 00 00 00 00 07 00 00 00 00 08 00 00 00 00 09 00 00 00 00 0a 00 00 00 00 0b 00 00 00 00 0c 00 00 00 00 0d 00 00 00 00 0e 00 00 00 00 0f 00 00 00 00,00 84 04 10 00 00 08 00 00 01 f1 07 00 00 02 d0 07 00 00 03 e7 07 00 00 04 0d 08 00 00 05 eb 07 00 00 06 e7 07 00 00 07 f1 07 00 00 08 02 08 00 00 09 f3 07 00 00 0a ed 07 00 00 0b f0 07 00 00 0c 0d 08 00 00 0d 00 08 00 00 0e 00 08 00 00 0f 01 08 00 00
47000,00 84 04 10 00 00 00 00 00 01 00 00 00 00 02 00 00 00 00 03 00 00 00 00 04 00 00 00 00 05 00 00 00 00 06 00 00 00 00 07 00 00 00 00 08 00 00 00 00 09 00 00 00 00 0a 00 00 00 00 0b 00 00 00 00 0c 00 00 00 00 0d 00 00 00 00 0e 00 00 00 00 0f 00 00 00 00,00 84 04 0e 00 00 08 00 00 01 f1 07 00 00 02 d0 07 00 00 03 e8 07 00 00 04 0d 08 00 00 05 eb 07 00 00 06 e7 07 00 00 07 f1 07 00 00 08 01 08 00 00 09 f3 07 00 00 0a ed 07 00 00 0b f0 07 00 00 0c 0d 08 00 00 0d 00 08 00 00 ff 00 00 00 00 ff 00 00 00 00
47000,01 40 01 10 00 00 00 00 00 01 00 00 00 00 02 00 00 00 00 03 00 00 00 00 04 00 00 00 00 05 00 00 00 00 06 00 00 00 00 07 00 00 00 00 08 00 00 00 00 09 00 00 00 00 0a 00 00 00 00 0b 00 00 00 00 0c 00 00 00 00 0d 00 00 00 00 0e 00 00 00 00 0f 00 00 00 00,01 40 01 10 00 00 00 00 00 01 00 00 00 00 02 00 00 00 00 03 00 00 00 00 04 00 00 00 00 05 00 00 00 00 06 00 00 00 00 07 00 00 00 00 08 00 00 00 00 09 00 00 00 00 0a 00 00 00 00 0b 00 00 00 00 0c 00 00 00 00 0d 00 00 00 00 0e 00 00 00 00 0f 00 00 00 00
0,01 26 02 10 00 96 00 00 00 01 96 00 00 00 02 96 00 00 00 03 96 00 00 00 04 96 00 00 00 05 96 00 00 00 06 96 00 00 00 07 96 00 00 00 08 96 00 00 00 09 96 00 00 00 0a 96 00 00 00 0b 96 00 00 00 0c 96 00 00 00 0d 96 00 00 00 0e 96 00 00 00 0f 96 00 00 00,01 26 02 10 00 96 00 00 00 01 96 00 00 00 02 96 00 00 00 03 96 00 00 00 04 96 00 00 00 05 96 00 00 00 06 96 00 00 00 07 96 00 00 00 08 96 00 00 00 09 96 00 00 00 0a 96 00 00 00 0b 96 00 00 00 0c 96 00 00 00 0d 96 00 00 00 0e 96 00 00 00 0f 96 00 00 00
0,01 0b 01 10 00 03 00 00 00 01 03 00 00 00 02 03 00 00 00 03 03 00 00 00 04 03 00 00 00 05 03 00 00 00 06 03 00 00 00 07 03 00 00 00 08 03 00 00 00 09 03 00 00 00 0a 03 00 00 00 0b 03 00 00 00 0c 03 00 00 00 0d 03 00 00 00 0e 03 00 00 00 0f 03 00 00 00,01 0b 01 10 00 03 00 00 00 01 03 00 00 00 02 03 00 00 00 03 03 00 00 00 04 03 00 00 00 05 03 00 00 00 06 03 00 00 00 07 03 00 00 00 08 03 00 00 00 09 03 00 00 00 0a 03 00 00 00 0b 03 00 00 00 0c 03 00 00 00 0d 03 00 00 00 0e 03 00 00 00 0f 03 00 00 00
0,01 40 01 10 00 01 00 00 00 01 01 00 00 00 02 01 00 00 00 03 01 00 00 00 04 01 00 00 00 05 01 00 00 00 06 01 00 00 00 07 01 00 00 00 08 01 00 00 00 09 01 00 00 00 0a 01 00 00 00 0b 01 00 00 00 0c 01 00 00 00 0d 01 00 00 00 0e 01 00 00 00 0f 01 00 00 00,01 40 01 10 00 01 00 00 00 01 01 00 00 00 02 01 00 00 00 03 01 00 00 00 04 01 00 00 00 05 01 00 00 00 06 01 00 00 00 07 01 00 00 00 08 01 00 00 00 09 01 00 00 00 0a 01 00 00 00 0b 01 00 00 00 0c 01 00 00 00 0d 01 00 00 00 0e 01 00 00 00 0f 01 00 00 00
0,01 74 04 10 00 00 08 00 00 01 00 08 00 00 02 00 08 00 00 03 00 08 00 00 04 00 08 00 00 05 00 08 00 00 06 00 08 00 00 07 00 08 00 00 08 00 08 00 00 09 00 08 00 00 0a 00 08 00 00 0b 00 08 00 00 0c 00 08 00 00 0d 00 08 00 00 0e 00 08 00 00 0f 00 08 00 00,01 74 04 10 00 00 08 00 00 01 00 08 00 00 02 00 08 00 00 03 00 08 00 00 04 00 08 00 00 05 00 08 00 00 06 00 08 00 00 07 00 08 00 00 08 00 08 00 00 09 00 08 00 00 0a 00 08 00 00 0b 00 08 00 00 0c 00 08 00 00 0d 00 08 00 00 0e 00 08 00 00 0f 00 08 00 00
16000,00 84 04 10 00 00 00 00 00 01 00 00 00 00 02 00 00 00 00 03 00 00 00 00 04 00 00 00 00 05 00 00 00 00 06 00 00 00 00 07 00 00 00 00 08 00 00 00 00 09 00 00 00 00 0a 00 00 00 00 0b 00 00 00 00 0c 00 00 00 00 0d 00 00 00 00 0e 00 00 00 00 0f 00 00 00 00,00 84 04 10 00 00 08 00 00 01 f1 07 00 00 02 d0 07 00 00 03 e7 07 00 00 04 0d 08 00 00 05 eb 07 00 00 06 e7 07 00 00 07 f1 07 00 00 08 02 08 00 00 09 f3 07 00 00 0a ed 07 00 00 0b f1 07 00 00 0c 0d 08 00 00 0d ff 07 00 00 0e 00 08 00 00 0f 01 08 00 00
31000,00 84 04 10 00 00 00 00 00 01 00 00 00 00 02 00 00 00 00 03 00 00 00 00 04 00 00 00 00 05 00 00 00 00 06 00 00 00 00 07 00 00 00 00 08 00 00 00 00 09 00 00 00 00 0a 00 00 00 00 0b 00 00 00 00 0c 00 00 00 00 0d 00 00 00 00 0e 00 00 00 00 0f 00 00 00 00,00 84 04 0e 00 00 08 00 00 01 f1 07 00 00 02 d0 07 00 00 03 e8 07 00 00 04 0d 08 00 00 05 eb 07 00 00 06 e7 07 00 00 07 f2 07 00 00 08 01 08 00 00 09 f3 07 00 00 0a ed 07 00 00 0b f1 07 00 00 0c 0d 08 00 00 0d ff 07 00 00 ff 00 00 00 00 ff 00 00 00 00
31000,01 40 01 10 00 00 00 00 00 01 00 00 00 00 02 00 00 00 00 03 00 00 00 00 04 00 00 00 00 05 00 00 00 00 06 00 00 00 00 07 00 00 00 00 08 00 00 00 00 09 00 00 00 00 0a 00 00 00 00 0b 00 00 00 00 0c 00 00 00 00 0d 00 00 00 00 0e 00 00 00 00 0f 00 00 00 00,01 40 01 10 00 00 00 00 00 01 00 00 00 00 02 00 00 00 00 03 00 00 00 00 04 00 00 00 00 05 00 00 00 00 06 00 00 00 00 07 00 00 00 00 08 00 00 00 00 09 00 00 00 00 0a 00 00 00 00 0b 00 00 00 00 0c 00 00 00 00 0d 00 00 00 00 0e 00 00 00 00 0f 00 00 00 00
0,01 26 02 10 00 96 00 00 00 01 96 00 00 00 02 96 00 00 00 03 96 00 00 00 04 96 00 00 00 05 96 00 00 00 06 96 00 00 00 07 96 00 00 00 08 96 00 00 00 09 96 00 00 00 0a 96 00 00 00 0b 96 00 00 00 0c 96 00 00 00 0d 96 00 00 00 0e 96 00 00 00 0f 96 00 00 00,01 26 02 10 00 96 00 00 00 01 96 00 00 00 02 96 00 00 00 03 96 00 00 00 04 96 00 00 00 05 96 00 00 00 06 96 00 00 00 07 96 00 00 00 08 96 00 00 00 09 96 00 00 00 0a 96 00 00 00 0b 96 00 00 00 0c 96 00 00 00 0d 96 00 00 00 0e 96 00 00 00 0f 96 00 00 00
0,01 0b 01 10 00 03 00 00 00 01 03 00 00 00 02 03 00 00 00 03 03 00 00 00 04 03 00 00 00 05 03 00 00 00 06 03 00 00 00 07 03 00 00 00 08 03 00 00 00 09 03 00 00 00 0a 03 00 00 00 0b 03 00 00 00 0c 03 00 00 00 0d 03 00 00 00 0e 03 00 00 00 0f 03 00 00 00,01 0b 01 10 00 03 00 00 00 01 03 00 00 00 02 03 00 00 00 03 03 00 00 00 04 03 00 00 00 05 03 00 00 00 06 03 00 00 00 07 03 00 00 00 08 03 00 00 00 09 03 00 00 00 0a 03 00 00 00 0b 03 00 00 00 0c 03 00 00 00 0d 03 00 00 00 0e 03 00 00 00 0f 03 00 00 00
0,01 40 01 10 00 01 00 00 00 01 01 00 00 00 02 01 00 00 00 03 01 00 00 00 04 01 00 00 00 05 01 00 00 00 06 01 00 00 00 07 01 00 00 00 08 01 00 00 00 09 01 00 00 00 0a 01 00 00 00 0b 01 00 00 00 0c 01 00 00 00 0d 01 00 00 00 0e 01 00 00 00 0f 01 00 00 00,01 40 01 10 00 01 00 00 00 01 01 00 00 00 02 01 00 00 00 03 01 00 00 00 04 01 00 00 00 05 01 00 00 00 06 01 00 00 00 07 01 00 00 00 08 01 00 00 00 09 01 00 00 00 0a 01 00 00 00 0b 01 00 00 00 0c 01 00 00 00 0d 01 00 00 00 0e 01 00 00 00 0f 01 00 00 00
0,01 74 04 10 00 00 08 00 00 01 00 08 00 00 02 00 08 00 00 03 00 08 00 00 04 00 08 00 00 05 00 08 00 00 06 00 08 00 00 07 00 08 00 00 08 00 08 00 00 09 00 08 00 00 0a 00 08 00 00 0b 00 08 00 00 0c 00 08 00 00 0d 00 08 00 00 0e 00 08 00 00 0f 00 08 00 00,01 74 04 10 00 00 08 00 00 01 00 08 00 00 02 00 08 00 00 03 00 08 00 00 04 00 08 00 00 05 00 08 00 00 06 00 08 00 00 07 00 08 00 00 08 00 08 00 00 09 00 08 00 00 0a 00 08 00 00 0b 00 08 00 00 0c 00 08 00 00 0d 00 08 00 00 0e 00 08 00 00 0f 00 08 00 00
31000,00 84 04 10 00 00 00 00 00 01 00 00 00 00 02 00 00 00 00 03 00 00 00 00 04 00 00 00 00 05 00 00 00 00 06 00 00 00 00 07 00 00 00 00 08 00 00 00 00 09 00 00 00 00 0a 00 00 00 00 0b 00 00 00 00 0c 00 00 00 00 0d 00 00 00 00 0e 00 00 00 00 0f 00 00 00 00,00 84 04 0e 00 00 08 00 00 01 f1 07 00 00 02 d0 07 00 00 03 e7 07 00 00 04 0d 08 00 00 05 eb 07 00 00 06 e7 07 00 00 07 f1 07 00 00 08 01 08 00 00 09 f3 07 00 00 0a ed 07 00 00 0b f0 07 00 00 0c 0c 08 00 00 0d ff 07 00 00 ff 00 00 00 00 ff 00 00 00 00
31000,01 40 01 10 00 00 00 00 00 01 00 00 00 00 02 00 00 00 00 03 00 00 00 00 04 00 00 00 00 05 00 00 00 00 06 00 00 00 00 07 00 00 00 00 08 00 00 00 00 09 00 00 00 00 0a 00 00 00 00 0b 00 00 00 00 0c 00 00 00 00 0d 00 00 00 00 0e 00 00 00 00 0f 00 00 00 00,01 40 01 10 00 00 00 00 00 01 00 00 00 00 02 00 00 00 00 03 00 00 00 00 04 00 00 00 00 05 00 00 00 00 06 00 00 00 00 07 00 00 00 00 08 00 00 00 00 09 00 00 00 00 0a 00 00 00 00 0b 00 00 00 00 0c 00 00 00 00 0d 00 00 00 00 0e 00 00 00 00 0f 00 00 00 00
0,01 26 02 10 00 96 00 00 00 01 96 00 00 00 02 96 00 00 00 03 96 00 00 00 04 96 00 00 00 05 96 00 00 00 06 96 00 00 00 07 96 00 00 00 08 96 00 00 00 09 96 00 00 00 0a 96 00 00 00 0b 96 00 00 00 0c 96 00 00 00 0d 96 00 00 00 0e 96 00 00 00 0f 96 00 00 00,01 26 02 10 00 96 00 00 00 01 96 00 00 00 02 96 00 00 00 03 96 00 00 00 04 96 00 00 00 05 96 00 00 00 06 96 00 00 00 07 96 00 00 00 08 96 00 00 00 09 96 00 00 00 0a 96 00 00 00 0b 96 00 00 00 0c 96 00 00 00 0d 96 00 00 00 0e 96 00 00 00 0f 96 00 00 00
0,01 0b 01 10 00 03 00 00 00 01 03 00 00 00 02 03 00 00 00 03 03 00 00 00 04 03 00 00 00 05 03 00 00 00 06 03 00 00 00 07 03 00 00 00 08 03 00 00 00 09 03 00 00 00 0a 03 00 00 00 0b 03 00 00 00 0c 03 00 00 00 0d 03 00 00 00 0e 03 00 00 00 0f 03 00 00 00,01 0b 01 10 00 03 00 00 00 01 03 00 00 00 02 03 00 00 00 03 03 00 00 00 04 03 00 00 00 05 03 00 00 00 06 03 00 00 00 07 03 00 00 00 08 03 00 00 00 09 03 00 00 00 0a 03 00 00 00 0b 03 00 00 00 0c 03 00 00 00 0d 03 00 00 00 0e 03 00 00 00 0f 03 00 00 00
0,01 40 01 10 00 01 00 00 00 01 01 00 00 00 02 01 00 00 00 03 01 00 00 00 04 01 00 00 00 05 01 00 00 00 06 01 00 00 00 07 01 00 00 00 08 01 00 00 00 09 01 00 00 00 0a 01 00 00 00 0b 01 00 00 00 0c 01 00 00 00 0d 01 00 00 00 0e 01 00 00 00 0f 01 00 00 00,01 40 01 10 00 01 00 00 00 01 01 00 00 00 02 01 00 00 00 03 01 00 00 00 04 01 00 00 00 05 01 00 00 00 06 01 00 00 00 07 01 00 00 00 08 01 00 00 00 09 01 00 00 00 0a 01 00 00 00 0b 01 00 00 00 0c 01 00 00 00 0d 01 00 00 00 0e 01 00 00 00 0f 01 00 00 00
16000,01 74 04 10 00 00 08 00 00 01 00 08 00 00 02 00 08 00 00 03 00 08 00 00 04 00 08 00 00 05 00 08 00 00 06 00 08 00 00 07 00 08 00 00 08 00 08 00 00 09 00 08 00 00 0a 00 08 00 00 0b 00 08 00 00 0c 00 08 00 00 0d 00 08 00 00 0e 00 08 00 00 0f 00 08 00 00,01 74 04 10 00 00 08 00 00 01 00 08 00 00 02 00 08 00 00 03 00 08 00 00 04 00 08 00 00 05 00 08 00 00 06 00 08 00 00 07 00 08 00 00 08 00 08 00 00 09 00 08 00 00 0a 00 08 00 00 0b 00 08 00 00 0c 00 08 00 00 0d 00 08 00 00 0e 00 08 00 00 0f 00 08 00 00
31000,00 84 04 10 00 00 00 00 00 01 00 00 00 00 02 00 00 00 00 03 00 00 00 00 04 00 00 00 00 05 00 00 00 00 06 00 00 00 00 07 00 00 00 00 08 00 00 00 00 09 00 00 00 00 0a 00 00 00 00 0b 00 00 00 00 0c 00 00 00 00 0d 00 00 00 00 0e 00 00 00 00 0f 00 00 00 00,00 84 04 0e 00 00 08 00 00 01 f1 07 00 00 02 cf 07 00 00 03 e7 07 00 00 04 0d 08 00 00 05 eb 07 00 00 06 e8 07 00 00 07 f1 07 00 00 08 02 08 00 00 09 f4 07 00 00 0a ed 07 00 00 0b f1 07 00 00 0c 0c 08 00 00 0d ff 07 00 00 ff 00 00 00 00 ff 00 00 00 00
31000,01 40 01 10 00 00 00 00 00 01 00 00 00 00 02 00 00 00 00 03 00 00 00 00 04 00 00 00 00 05 00 00 00 00 06 00 00 00 00 07 00 00 00 00 08 00 00 00 00 09 00 00 00 00 0a 00 00 00 00 0b 00 00 00 00 0c 00 00 00 00 0d 00 00 00 00 0e 00 00 00 00 0f 00 00 00 00,01 40 01 10 00 00 00 00 00 01 00 00 00 00 02 00 00 00 00 03 00 00 00 00 04 00 00 00 00 05 00 00 00 00 06 00 00 00 00 07 00 00 00 00 08 00 00 00 00 09 00 00 00 00 0a 00 00 00 00 0b 00 00 00 00 0c 00 00 00 00 0d 00 00 00 00 0e 00 00 00 00 0f 00 00 00 00
15000,01 26 02 10 00 96 00 00 00 01 96 00 00 00 02 96 00 00 00 03 96 00 00 00 04 96 00 00 00 05 96 00 00 00 06 96 00 00 00 07 96 00 00 00 08 96 00 00 00 09 96 00 00 00 0a 96 00 00 00 0b 96 00 00 00 0c 96 00 00 00 0d 96 00 00 00 0e 96 00 00 00 0f 96 00 00 00,01 26 02 10 00 96 00 00 00 01 96 00 00 00 02 96 00 00 00 03 96 00 00 00 04 96 00 00 00 05 96 00 00 00 06 96 00 00 00 07 96 00 00 00 08 96 00 00 00 09 96 00 00 00 0a 96 00 00 00 0b 96 00 00 00 0c 96 00 00 00 0d 96 00 00 00 0e 96 00 00 00 0f 96 00 00 00
15000,01 0b 01 10 00 03 00 00 00 01 03 00 00 00 02 03 00 00 00 03 03 00 00 00 04 03 00 00 00 05 03 00 00 00 06 03 00 00 00 07 03 00 00 00 08 03 00 00 00 09 03 00 00 00 0a 03 00 00 00 0b 03 00 00 00 0c 03 00 00 00 0d 03 00 00 00 0e 03 00 00 00 0f 03 00 00 00,01 0b 01 10 00 03 00 00 00 01 03 00 00 00 02 03 00 00 00 03 03 00 00 00 04 03 00 00 00 05 03 00 00 00 06 03 00 00 00 07 03 00 00 00 08 03 00 00 00 09 03 00 00 00 0a 03 00 00 00 0b 03 00 00 00 0c 03 00 00 00 0d 03 00 00 00 0e 03 00 00 00 0f 03 00 00 00
31000,01 40 01 10 00 01 00 00 00 01 01 00 00 00 02 01 00 00 00 03 01 00 00 00 04 01 00 00 00 05 01 00 00 00 06 01 00 00 00 07 01 00 00 00 08 01 00 00 00 09 01 00 00 00 0a 01 00 00 00 0b 01 00 00 00 0c 01 00 00 00 0d 01 00 00 00 0e 01 00 00 00 0f 01 00 00 00,01 40 01 10 00 01 00 00 00 01 01 00 00 00 02 01 00 00 00 03 01 00 00 00 04 01 00 00 00 05 01 00 00 00 06 01 00 00 00 07 01 00 00 00 08 01 00 00 00 09 01 00 00 00 0a 01 00 00 00 0b 01 00 00 00 0c 01 00 00 00 0d 01 00 00 00 0e 01 00 00 00 0f 01 00 00 00
31000,00 84 04 10 00 00 00 00 00 01 00 00 00 00 02 00 00 00 00 03 00 00 00 00 04 00 00 00 00 05 00 00 00 00 06 00 00 00 00 07 00 00 00 00 08 00 00 00 00 09 00 00 00 00 0a 00 00 00 00 0b 00 00 00 00 0c 00 00 00 00 0d 00 00 00 00 0e 00 00 00 00 0f 00 00 00 00,00 84 04 10 00 00 08 00 00 01 f1 07 00 00 02 d0 07 00 00 03 e7 07 00 00 04 0d 08 00 00 05 eb 07 00 00 06 e8 07 00 00 07 f1 07 00 00 08 01 08 00 00 09 f3 07 00 00 0a ed 07 00 00 0b f0 07 00 00 0c 0c 08 00 00 0d ff 07 00 00 0e 00 08 00 00 0f 01 08 00 00
47000,00 84 04 10 00 00 00 00 00 01 00 00 00 00 02 00 00 00 00 03 00 00 00 00 04 00 00 00 00 05 00 00 00 00 06 00 00 00 00 07 00 00 00 00 08 00 00 00 00 09 00 00 00 00 0a 00 00 00 00 0b 00 00 00 00 0c 00 00 00 00 0d 00 00 00 00 0e 00 00 00 00 0f 00 00 00 00,00 84 04 10 00 00 08 00 00 01 f1 07 00 00 02 d0 07 00 00 03 e7 07 00 00 04 0d 08 00 00 05 eb 07 00 00 06 e8 07 00 00 07 f1 07 00 00 08 01 08 00 00 09 f3 07 00 00 0a ed 07 00 00 0b f0 07 00 00 0c 0c 08 00 00 0d ff 07 00 00 0e 00 08 00 00 0f 01 08 00 00
62000,00 84 04 10 00 00 00 00 00 01 00 00 00 00 02 00 00 00 00 03 00 00 00 00 04 00 00 00 00 05 00 00 00 00 06 00 00 00 00 07 00 00 00 00 08 00 00 00 00 09 00 00 00 00 0a 00 00 00 00 0b 00 00 00 00 0c 00 00 00 00 0d 00 00 00 00 0e 00 00 00 00 0f 00 00 00 00,00 84 04 10 00 00 08 00 00 01 f1 07 00 00 02 d0 07 00 00 03 e7 07 00 00 04 0d 08 00 00 05 eb 07 00 00 06 e8 07 00 00 07 f1 07 00 00 08 01 08 00 00 09 f3 07 00 00 0a ed 07 00 00 0b f0 07 00 00 0c 0c 08 00 00 0d ff 07 00 00 0e 00 08 00 00 0f 01 08 00 00
78000,00 84 04 10 00 00 00 00 00 01 00 00 00 00 02 00 00 00 00 03 00 00 00 00 04 00 00 00 00 05 00 00 00 00 06 00 00 00 00 07 00 00 00 00 08 00 00 00 00 09 00 00 00 00 0a 00 00 00 00 0b 00 00 00 00 0c 00 00 00 00 0d 00 00 00 00 0e 00 00 00 00 0f 00 00 00 00,00 84 04 10 00 00 08 00 00 01 f1 07 00 00 02 d0 07 00 00 03 e7 07 00 00 04 0d 08 00 00 05 eb 07 00 00 06 e8 07 00 00 07 f1 07 00 00 08 02 08 00 00 09 f3 07 00 00 0a ed 07 00 00 0b f0 07 00 00 0c 0c 08 00 00 0d ff 07 00 00 0e 00 08 00 00 0f 01 08 00 00
78000,00 84 04 10 00 00 00 00 00 01 00 00 00 00 02 00 00 00 00 03 00 00 00 00 04 00 00 00 00 05 00 00 00 00 06 00 00 00 00 07 00 00 00 00 08 00 00 00 00 09 00 00 00 00 0a 00 00 00 00 0b 00 00 00 00 0c 00 00 00 00 0d 00 00 00 00 0e 00 00 00 00 0f 00 00 00 00,00 84 04 10 00 00 08 00 00 01 f1 07 00 00 02 d0 07 00 00 03 e7 07 00 00 04 0d 08 00 00 05 eb 07 00 00 06 e8 07 00 00 07 f1 07 00 00 08 01 08 00 00 09 f3 07 00 00 0a ed 07 00 00 0b f0 07 00 00 0c 0c 08 00 00 0d ff 07 00 00 0e 00 08 00 00 0f 01 08 00 00
94000,00 84 04 10 00 00 00 00 00 01 00 00 00 00 02 00 00 00 00 03 00 00 00 00 04 00 00 00 00 05 00 00 00 00 06 00 00 00 00 07 00 00 00 00 08 00 00 00 00 09 00 00 00 00 0a 00 00 00 00 0b 00 00 00 00 0c 00 00 00 00 0d 00 00 00 00 0e 00 00 00 00 0f 00 00 00 00,00 84 04 10 00 00 08 00 00 01 f1 07 00 00 02 d0 07 00 00 03 e7 07 00 00 04 0d 08 00 00 05 eb 07 00 00 06 e8 07 00 00 07 f1 07 00 00 08 01 08 00 00 09 f3 07 00 00 0a ed 07 00 00 0b f0 07 00 00 0c 0c 08 00 00 0d ff 07 00 00 0e 00 08 00 00 0f 01 08 00 00
109000,00 84 04 10 00 00 00 00 00 01 00 00 00 00 02 00 00 00 00 03 00 00 00 00 04 00 00 00 00 05 00 00 00 00 06 00 00 00 00 07 00 00 00 00 08 00 00 00 00 09 00 00 00 00 0a 00 00 00 00 0b 00 00 00 00 0c 00 00 00 00 0d 00 00 00 00 0e 00 00 00 00 0f 00 00 00 00,00 84 04 10 00 00 08 00 00 01 f1 07 00 00 02 d0 07 00 00 03 e7 07 00 00 04 0d 08 00 00 05 eb 07 00 00 06 e8 07 00 00 07 f1 07 00 00 08 01 08 00 00 09 f3 07 00 00 0a ed 07 00 00 0b f0 07 00 00 0c 0c 08 00 00 0d ff 07 00 00 0e 00 08 00 00 0f 01 08 00 00
125000,00 84 04 10 00 00 00 00 00 01 00 00 00 00 02 00 00 00 00 03 00 00 00 00 04 00 00 00 00 05 00 00 00 00 06 00 00 00 00 07 00 00 00 00 08 00 00 00 00 09 00 00 00 00 0a 00 00 00 00 0b 00 00 00 00 0c 00 00 00 00 0d 00 00 00 00 0e 00 00 00 00 0f 00 00 00 00,00 84 04 10 00 00 08 00 00 01 f1 07 00 00 02 d0 07 00 00 03 e7 07 00 00 04 0d 08 00 00 05 eb 07 00 00 06 e7 07 00 00 07 f0 07 00 00 08 01 08 00 00 09 f3 07 00 00 0a ed 07 00 00 0b f0 07 00 00 0c 0c 08 00 00 0d ff 07 00 00 0e 00 08 00 00 0f 01 08 00 00
125000,00 84 04 10 00 00 00 00 00 01 00 00 00 00 02 00 00 00 00 03 00 00 00 00 04 00 00 00 00 05 00 00 00 00 06 00 00 00 00 07 00 00 00 00 08 00 00 00 00 09 00 00 00 00 0a 00 00 00 00 0b 00 00 00 00 0c 00 00 00 00 0d 00 00 00 00 0e 00 00 00 00 0f 00 00 00 00,00 84 04 10 00 00 08 00 00 01 f1 07 00 00 02 d0 07 00 00 03 e7 07 00 00 04 0d 08 00 00 05 eb 07 00 00 06 e8 07 00 00 07 f0 07 00 00 08 01 08 00 00 09 f3 07 00 00 0a ed 07 00 00 0b f0 07 00 00 0c 0c 08 00 00 0d ff 07 00 00 0e 00 08 00 00 0f 01 08 00 00
140000,00 84 04 10 00 00 00 00 00 01 00 00 00 00 02 00 00 00 00 03 00 00 00 00 04 00 00 00 00 05 00 00 00 00 06 00 00 00 00 07 00 00 00 00 08 00 00 00 00 09 00 00 00 00 0a 00 00 00 00 0b 00 00 00 00 0c 00 00 00 00 0d 00 00 00 00 0e 00 00 00 00 0f 00 00 00 00,00 84 04 10 00 00 08 00 00 01 f1 07 00 00 02 d0 07 00 00 03 e7 07 00 00 04 0d 08 00 00 05 eb 07 00 00 06 e8 07 00 00 07 f1 07 00 00 08 01 08 00 00 09 f3 07 00 00 0a ed 07 00 00 0b f0 07 00 00 0c 0c 08 00 00 0d ff 07 00 00 0e 00 08 00 00 0f 01 08 00 00
156000,00 84 04 10 00 00 00 00 00 01 00 00 00 00 02 00 00 00 00 03 00 00 00 00 04 00 00 00 00 05 00 00 00 00 06 00 00 00 00 07 00 00 00 00 08 00 00 00 00 09 00 00 00 00 0a 00 00 00 00 0b 00 00 00 00 0c 00 00 00 00 0d 00 00 00 00 0e 00 00 00 00 0f 00 00 00 00,00 84 04 10 00 00 08 00 00 01 f1 07 00 00 02 d0 07 00 00 03 e7 07 00 00 04 0d 08 00 00 05 eb 07 00 00 06 e8 07 00 00 07 f1 07 00 00 08 01 08 00 00 09 f3 07 00 00 0a ed 07 00 00 0b f0 07 00 00 0c 0c 08 00 00 0d ff 07 00 00 0e 00 08 00 00 0f 01 08 00 00
156000,00 84 04 10 00 00 00 00 00 01 00 00 00 00 02 00 00 00 00 03 00 00 00 00 04 00 00 00 00 05 00 00 00 00 06 00 00 00 00 07 00 00 00 00 08 00 00 00 00 09 00 00 00 00 0a 00 00 00 00 0b 00 00 00 00 0c 00 00 00 00 0d 00 00 00 00 0e 00 00 00 00 0f 00 00 00 00,00 84 04 10 00 00 08 00 00 01 f1 07 00 00 02 d0 07 00 00 03 e7 07 00 00 04 0d 08 00 00 05 eb 07 00 00 06 e8 07 00 00 07 f1 07 00 00 08 01 08 00 00 09 f3 07 00 00 0a ed 07 00 00 0b f0 07 00 00 0c 0c 08 00 00 0d ff 07 00 00 0e 00 08 00 00 0f 01 08 00 00
172000,00 84 04 10 00 00 00 00 00 01 00 00 00 00 02 00 00 00 00 03 00 00 00 00 04 00 00 00 00 05 00 00 00 00 06 00 00 00 00 07 00 00 00 00 08 00 00 00 00 09 00 00 00 00 0a 00 00 00 00 0b 00 00 00 00 0c 00 00 00 00 0d 00 00 00 00 0e 00 00 00 00 0f 00 00 00 00,00 84 04 10 00 00 08 00 00 01 f1 07 00 00 02 d0 07 00 00 03 e7 07 00 00 04 0d 08 00 00 05 eb 07 00 00 06 e8 07 00 00 07 f0 07 00 00 08 01 08 00 00 09 f3 07 00 00 0a ed 07 00 00 0b f0 07 00 00 0c 0c 08 00 00 0d ff 07 00 00 0e 00 08 00 00 0f 01 08 00 00
172000,00 84 04 10 00 00 00 00 00 01 00 00 00 00 02 00 00 00 00 03 00 00 00 00 04 00 00 00 00 05 00 00 00 00 06 00 00 00 00 07 00 00 00 00 08 00 00 00 00 09 00 00 00 00 0a 00 00 00 00 0b 00 00 00 00 0c 00 00 00 00 0d 00 00 00 00 0e 00 00 00 00 0f 00 00 00 00,00 84 04 10 00 00 08 00 00 01 f1 07 00 00 02 d0 07 00 00 03 e7 07 00 00 04 0d 08 00 00 05 eb 07 00 00 06 e8 07 00 00 07 f1 07 00 00 08 01 08 00 00 09 f3 07 00 00 0a ed 07 00 00 0b f0 07 00 00 0c 0c 08 00 00 0d ff 07 00 00 0e 00 08 00 00 0f 01 08 00 00
187000,00 84 04 10 00 00 00 00 00 01 00 00 00 00 02 00 00 00 00 03 00 00 00 00 04 00 00 00 00 05 00 00 00 00 06 00 00 00 00 07 00 00 00 00 08 00 00 00 00 09 00 00 00 00 0a 00 00 00 00 0b 00 00 00 00 0c 00 00 00 00 0d 00 00 00 00 0e 00 00 00 00 0f 00 00 00 00,00 84 04 10 00 00 08 00 00 01 f1 07 00 00 02 d0 07 00 00 03 e7 07 00 00 04 0d 08 00 00 05 eb 07 00 00 06 e8 07 00 00 07 f0 07 00 00 08 01 08 00 00 09 f3 07 00 00 0a ed 07 00 00 0b f0 07 00 00 0c 0c 08 00 00 0d ff 07 00 00 0e 00 08 00 00 0f 01 08 00 00
203000,00 84 04 10 00 00 00 00 00 01 00 00 00 00 02 00 00 00 00 03 00 00 00 00 04 00 00 00 00 05 00 00 00 00 06 00 00 00 00 07 00 00 00 00 08 00 00 00 00 09 00 00 00 00 0a 00 00 00 00 0b 00 00 00 00 0c 00 00 00 00 0d 00 00 00 00 0e 00 00 00 00 0f 00 00 00 00,00 84 04 10 00 00 08 00 00 01 f1 07 00 00 02 d0 07 00 00 03 e7 07 00 00 04 0d 08 00 00 05 eb 07 00 00 06 e8 07 00 00 07 f1 07 00 00 08 01 08 00 00 09 f3 07 00 00 0a ed 07 00 00 0b f0 07 00 00 0c 0c 08 00 00 0d ff 07 00 00 0e 00 08 00 00 0f 01 08 00 00
203000,00 84 04 10 00 00 00 00 00 01 00 00 00 00 02 00 00 00 00 03 00 00 00 00 04 00 00 00 00 05 00 00 00 00 06 00 00 00 00 07 00 00 00 00 08 00 00 00 00 09 00 00 00 00 0a 00 00 00 00 0b 00 00 00 00 0c 00 00 00 00 0d 00 00 00 00 0e 00 00 00 00 0f 00 00 00 00,00 84 04 10 00 00 08 00 00 01 f1 07 00 00 02 d0 07 00 00 03 e7 07 00 00 04 0d 08 00 00 05 eb 07 00 00 06 e8 07 00 00 07 f1 07 00 00 08 01 08 00 00 09 f3 07 00 00 0a ed 07 00 00 0b f0 07 00 00 0c 0c 08 00 00 0d ff 07 00 00 0e 00 08 00 00 0f 01 08 00 00
219000,00 84 04 10 00 00 00 00 00 01 00 00 00 00 02 00 00 00 00 03 00 00 00 00 04 00 00 00 00 05 00 00 00 00 06 00 00 00 00 07 00 00 00 00 08 00 00 00 00 09 00 00 00 00 0a 00 00 00 00 0b 00 00 00 00 0c 00 00 00 00 0d 00 00 00 00 0e 00 00 00 00 0f 00 00 00 00,00 84 04 10 00 00 08 00 00 01 f1 07 00 00 02 d0 07 00 00 03 e7 07 00 00 04 0d 08 00 00 05 eb 07 00 00 06 e8 07 00 00 07 f1 07 00 00 08 01 08 00 00 09 f3 07 00 00 0a ed 07 00 00 0b f0 07 00 00 0c 0c 08 00 00 0d ff 07 00 00 0e 00 08 00 00 0f 01 08 00 00
234000,00 84 04 10 00 00 00 00 00 01 00 00 00 00 02 00 00 00 00 03 00 00 00 00 04 00 00 00 00 05 00 00 00 00 06 00 00 00 00 07 00 00 00 00 08 00 00 00 00 09 00 00 00 00 0a 00 00 00 00 0b 00 00 00 00 0c 00 00 00 00 0d 00 00 00 00 0e 00 00 00 00 0f 00 00 00 00,00 84 04 10 00 00 08 00 00 01 f1 07 00 00 02 d0 07 00 00 03 e7 07 00 00 04 0d 08 00 00 05 eb 07 00 00 06 e8 07 00 00 07 f1 07 00 00 08 01 08 00 00 09 f3 07 00 00 0a ed 07 00 00 0b f0 07 00 00 0c 0c 08 00 00 0d ff 07 00 00 0e 00 08 00 00 0f 01 08 00 00
234000,00 84 04 10 00 00 00 00 00 01 00 00 00 00 02 00 00 00 00 03 00 00 00 00 04 00 00 00 00 05 00 00 00 00 06 00 00 00 00 07 00 00 00 00 08 00 00 00 00 09 00 00 00 00 0a 00 00 00 00 0b 00 00 00 00 0c 00 00 00 00 0d 00 00 00 00 0e 00 00 00 00 0f 00 00 00 00,00 84 04 10 00 00 08 00 00 01 f1 07 00 00 02 d0 07 00 00 03 e7 07 00 00 04 0d 08 00 00 05 eb 07 00 00 06 e8 07 00 00 07 f0 07 00 00 08 01 08 00 00 09 f3 07 00 00 0a ed 07 00 00 0b f0 07 00 00 0c 0c 08 00 00 0d ff 07 00 00 0e 00 08 00 00 0f 01 08 00 00
250000,00 84 04 10 00 00 00 00 00 01 00 00 00 00 02 00 00 00 00 03 00 00 00 00 04 00 00 00 00 05 00 00 00 00 06 00 00 00 00 07 00 00 00 00 08 00 00 00 00 09 00 00 00 00 0a 00 00 00 00 0b 00 00 00 00 0c 00 00 00 00 0d 00 00 00 00 0e 00 00 00 00 0f 00 00 00 00,00 84 04 10 00 00 08 00 00 01 f1 07 00 00 02 d0 07 00 00 03 e7 07 00 00 04 0d 08 00 00 05 eb 07 00 00 06 e8 07 00 00 07 f1 07 00 00 08 01 08 00 00 09 f3 07 00 00 0a ed 07 00 00 0b f0 07 00 00 0c 0c 08 00 00 0d ff 07 00 00 0e 00 08 00 00 0f 01 08 00 00
250000,00 84 04 10 00 00 00 00 00 01 00 00 00 00 02 00 00 00 00 03 00 00 00 00 04 00 00 00 00 05 00 00 00 00 06 00 00 00 00 07 00 00 00 00 08 00 00 00 00 09 00 00 00 00 0a 00 00 00 00 0b 00 00 00 00 0c 00 00 00 00 0d 00 00 00 00 0e 00 00 00 00 0f 00 00 00 00,00 84 04 10 00 00 08 00 00 01 f1 07 00 00 02 d0 07 00 00 03 e7 07 00 00 04 0d 08 00 00 05 eb 07 00 00 06 e7 07 00 00 07 f0 07 00 00 08 01 08 00 00 09 f3 07 00 00 0a ed 07 00 00 0b f0 07 00 00 0c 0c 08 00 00 0d ff 07 00 00 0e 00 08 00 00 0f 01 08 00 00
265000,00 84 04 10 00 00 00 00 00 01 00 00 00 00 02 00 00 00 00 03 00 00 00 00 04 00 00 00 00 05 00 00 00 00 06 00 00 00 00 07 00 00 00 00 08 00 00 00 00 09 00 00 00 00 0a 00 00 00 00 0b 00 00 00 00 0c 00 00 00 00 0d 00 00 00 00 0e 00 00 00 00 0f 00 00 00 00,00 84 04 10 00 00 08 00 00 01 f1 07 00 00 02 d0 07 00 00 03 e7 07 00 00 04 0d 08 00 00 05 eb 07 00 00 06 e8 07 00 00 07 f0 07 00 00 08 01 08 00 00 09 f3 07 00 00 0a ed 07 00 00 0b f0 07 00 00 0c 0c 08 00 00 0d ff 07 00 00 0e 00 08 00 00 0f 01 08 00 00
281000,00 84 04 10 00 00 00 00 00 01 00 00 00 00 02 00 00 00 00 03 00 00 00 00 04 00 00 00 00 05 00 00 00 00 06 00 00 00 00 07 00 00 00 00 08 00 00 00 00 09 00 00 00 00 0a 00 00 00 00 0b 00 00 00 00 0c 00 00 00 00 0d 00 00 00 00 0e 00 00 00 00 0f 00 00 00 00,00 84 04 10 00 00 08 00 00 01 f1 07 00 00 02 d0 07 00 00 03 e7 07 00 00 04 0d 08 00 00 05 eb 07 00 00 06 e8 07 00 00 07 f1 07 00 00 08 01 08 00 00 09 f3 07 00 00 0a ed 07 00 00 0b f0 07 00 00 0c 0c 08 00 00 0d ff 07 00 00 0e 00 08 00 00 0f 01 08 00 00
281000,00 84 04 10 00 00 00 00 00 01 00 00 00 00 02 00 00 00 00 03 00 00 00 00 04 00 00 00 00 05 00 00 00 00 06 00 00 00 00 07 00 00 00 00 08 00 00 00 00 09 00 00 00 00 0a 00 00 00 00 0b 00 00 00 00 0c 00 00 00 00 0d 00 00 00 00 0e 00 00 00 00 0f 00 00 00 00,00 84 04 10 00 00 08 00 00 01 f1 07 00 00 02 d0 07 00 00 03 e7 07 00 00 04 0d 08 00 00 05 eb 07 00 00 06 e8 07 00 00 07 f0 07 00 00 08 01 08 00 00 09 f3 07 00 00 0a ed 07 00 00 0b f0 07 00 00 0c 0c 08 00 00 0d ff 07 00 00 0e 00 08 00 00 0f 01 08 00 00
297000,00 84 04 10 00 00 00 00 00 01 00 00 00 00 02 00 00 00 00 03 00 00 00 00 04 00 00 00 00 05 00 00 00 00 06 00 00 00 00 07 00 00 00 00 08 00 00 00 00 09 00 00 00 00 0a 00 00 00 00 0b 00 00 00 00 0c 00 00 00 00 0d 00 00 00 00 0e 00 00 00 00 0f 00 00 00 00,00 84 04 10 00 00 08 00 00 01 f1 07 00 00 02 d0 07 00 00 03 e7 07 00 00 04 0d 08 00 00 05 eb 07 00 00 06 e8 07 00 00 07 f0 07 00 00 08 01 08 00 00 09 f3 07 00 00 0a ed 07 00 00 0b f0 07 00 00 0c 0c 08 00 00 0d ff 07 00 00 0e 00 08 00 00 0f 01 08 00 00
312000,00 84 04 10 00 00 00 00 00 01 00 00 00 00 02 00 00 00 00 03 00 00 00 00 04 00 00 00 00 05 00 00 00 00 06 00 00 00 00 07 00 00 00 00 08 00 00 00 00 09 00 00 00 00 0a 00 00 00 00 0b 00 00 00 00 0c 00 00 00 00 0d 00 00 00 00 0e 00 00 00 00 0f 00 00 00 00,00 84 04 10 00 00 08 00 00 01 f1 07 00 00 02 d0 07 00 00 03 e7 07 00 00 04 0d 08 00 00 05 eb 07 00 00 06 e8 07 00 00 07 f1 07 00 00 08 01 08 00 00 09 f3 07 00 00 0a ed 07 00 00 0b f0 07 00 00 0c 0c 08 00 00 0d ff 07 00 00 0e 00 08 00 00 0f 01 08 00 00
312000,00 84 04 10 00 00 00 00 00 01 00 00 00 00 02 00 00 00 00 03 00 00 00 00 04 00 00 00 00 05 00 00 00 00 06 00 00 00 00 07 00 00 00 00 08 00 00 00 00 09 00 00 00 00 0a 00 00 00 00 0b 00 00 00 00 0c 00 00 00 00 0d 00 00 00 00 0e 00 00 00 00 0f 00 00 00 00,00 84 04 10 00 00 08 00 00 01 f1 07 00 00 02 d0 07 00 00 03 e7 07 00 00 04 0d 08 00 00 05 eb 07 00 00 06 e8 07 00 00 07 f1 07 00 00 08 01 08 00 00 09 f3 07 00 00 0a ed 07 00 00 0b f0 07 00 00 0c 0c 08 00 00 0d ff 07 00 00 0e 00 08 00 00 0f 01 08 00 00
328000,00 84 04 10 00 00 00 00 00 01 00 00 00 00 02 00 00 00 00 03 00 00 00 00 04 00 00 00 00 05 00 00 00 00 06 00 00 00 00 07 00 00 00 00 08 00 00 00 00 09 00 00 00 00 0a 00 00 00 00 0b 00 00 00 00 0c 00 00 00 00 0d 00 00 00 00 0e 00 00 00 00 0f 00 00 00 00,00 84 04 10 00 00 08 00 00 01 f1 07 00 00 02 d0 07 00 00 03 e7 07 00 00 04 0d 08 00 00 05 eb 07 00 00 06 e8 07 00 00 07 f0 07 00 00 08 01 08 00 00 09 f3 07 00 00 0a ed 07 00 00 0b f0 07 00 00 0c 0c 08 00 00 0d ff 07 00 00 0e 00 08 00 00 0f 01 08 00 00
328000,00 84 04 10 00 00 00 00 00 01 00 00 00 00 02 00 00 00 00 03 00 00 00 00 04 00 00 00 00 05 00 00 00 00 06 00 00 00 00 07 00 00 00 00 08 00 00 00 00 09 00 00 00 00 0a 00 00 00 00 0b 00 00 00 00 0c 00 00 00 00 0d 00 00 00 00 0e 00 00 00 00 0f 00 00 00 00,00 84 04 10 00 00 08 00 00 01 f1 07 00 00 02 d0 07 00 00 03 e7 07 00 00 04 0d 08 00 00 05 eb 07 00 00 06 e8 07 00 00 07 f1 07 00 00 08 01 08 00 00 09 f3 07 00 00 0a ed 07 00 00 0b f0 07 00 00 0c 0c 08 00 00 0d ff 07 00 00 0e 00 08 00 00 0f 01 08 00 00
344000,00 84 04 10 00 00 00 00 00 01 00 00 00 00 02 00 00 00 00 03 00 00 00 00 04 00 00 00 00 05 00 00 00 00 06 00 00 00 00 07 00 00 00 00 08 00 00 00 00 09 00 00 00 00 0a 00 00 00 00 0b 00 00 00 00 0c 00 00 00 00 0d 00 00 00 00 0e 00 00 00 00 0f 00 00 00 00,00 84 04 10 00 00 08 00 00 01 f1 07 00 00 02 d0 07 00 00 03 e7 07 00 00 04 0d 08 00 00 05 eb 07 00 00 06 e8 07 00 00 07 f0 07 00 00 08 01 08 00 00 09 f3 07 00 00 0a ed 07 00 00 0b f0 07 00 00 0c 0c 08 00 00 0d ff 07 00 00 0e 00 08 00 00 0f 01 08 00 00
359000,00 84 04 10 00 00 00 00 00 01 00 00 00 00 02 00 00 00 00 03 00 00 00 00 04 00 00 00 00 05 00 00 00 00 06 00 00 00 00 07 00 00 00 00 08 00 00 00 00 09 00 00 00 00 0a 00 00 00 00 0b 00 00 00 00 0c 00 00 00 00 0d 00 00 00 00 0e 00 00 00 00 0f 00 00 00 00,00 84 04 10 00 00 08 00 00 01 f1 07 00 00 02 d0 07 00 00 03 e7 07 00 00 04 0d 08 00 00 05 eb 07 00 00 06 e8 07 00 00 07 f0 07 00 00 08 02 08 00 00 09 f3 07 00 00 0a ed 07 00 00 0b f0 07 00 00 0c 0c 08 00 00 0d ff 07 00 00 0e 00 08 00 00 0f 01 08 00 00
359000,00 84 04 10 00 00 00 00 00 01 00 00 00 00 02 00 00 00 00 03 00 00 00 00 04 00 00 00 00 05 00 00 00 00 06 00 00 00 00 07 00 00 00 00 08 00 00 00 00 09 00 00 00 00 0a 00 00 00 00 0b 00 00 00 00 0c 00 00 00 00 0d 00 00 00 00 0e 00 00 00 00 0f 00 00 00 00,00 84 04 10 00 00 08 00 00 01 f1 07 00 00 02 d0 07 00 00 03 e7 07 00 00 04 0d 08 00 00 05 eb 07 00 00 06 e8 07 00 00 07 f1 07 00 00 08 01 08 00 00 09 f3 07 00 00 0a ed 07 00 00 0b f0 07 00 00 0c 0c 08 00 00 0d ff 07 00 00 0e 00 08 00 00 0f 01 08 00 00
375000,00 84 04 10 00 00 00 00 00 01 00 00 00 00 02 00 00 00 00 03 00 00 00 00 04 00 00 00 00 05 00 00 00 00 06 00 00 00 00 07 00 00 00 00 08 00 00 00 00 09 00 00 00 00 0a 00 00 00 00 0b 00 00 00 00 0c 00 00 00 00 0d 00 00 00 00 0e 00 00 00 00 0f 00 00 00 00,00 84 04 10 00 00 08 00 00 01 f1 07 00 00 02 d0 07 00 00 03 e7 07 00 00 04 0d 08 00 00 05 eb 07 00 00 06 e8 07 00 00 07 f1 07 00 00 08 01 08 00 00 09 f3 07 00 00 0a ed 07 00 00 0b f0 07 00 00 0c 0c 08 00 00 0d ff 07 00 00 0e 00 08 00 00 0f 01 08 00 00
390000,00 84 04 10 00 00 00 00 00 01 00 00 00 00 02 00 00 00 00 03 00 00 00 00 04 00 00 00 00 05 00 00 00 00 06 00 00 00 00 07 00 00 00 00 08 00 00 00 00 09 00 00 00 00 0a 00 00 00 00 0b 00 00 00 00 0c 00 00 00 00 0d 00 00 00 00 0e 00 00 00 00 0f 00 00 00 00,00 84 04 10 00 00 08 00 00 01 f1 07 00 00 02 d0 07 00 00 03 e7 07 00 00 04 0d 08 00 00 05 eb 07 00 00 06 e8 07 00 00 07 f1 07 00 00 08 01 08 00 00 09 f3 07 00 00 0a ed 07 00 00 0b f0 07 00 00 0c 0c 08 00 00 0d ff 07 00 00 0e 00 08 00 00 0f 01 08 00 00
390000,00 84 04 10 00 00 00 00 00 01 00 00 00 00 02 00 00 00 00 03 00 00 00 00 04 00 00 00 00 05 00 00 00 00 06 00 00 00 00 07 00 00 00 00 08 00 00 00 00 09 00 00 00 00 0a 00 00 00 00 0b 00 00 00 00 0c 00 00 00 00 0d 00 00 00 00 0e 00 00 00 00 0f 00 00 00 00,00 84 04 10 00 00 08 00 00 01 f1 07 00 00 02 d0 07 00 00 03 e7 07 00 00 04 0d 08 00 00 05 eb 07 00 00 06 e8 07 00 00 07 f1 07 00 00 08 01 08 00 00 09 f3 07 00 00 0a ed 07 00 00 0b f0 07 00 00 0c 0c 08 00 00 0d ff 07 00 00 0e 00 08 00 00 0f 01 08 00 00
406000,00 84 04 10 00 00 00 00 00 01 00 00 00 00 02 00 00 00 00 03 00 00 00 00 04 00 00 00 00 05 00 00 00 00 06 00 00 00 00 07 00 00 00 00 08 00 00 00 00 09 00 00 00 00 0a 00 00 00 00 0b 00 00 00 00 0c 00 00 00 00 0d 00 00 00 00 0e 00 00 00 00 0f 00 00 00 00,00 84 04 10 00 00 08 00 00 01 f1 07 00 00 02 d0 07 00 00 03 e7 07 00 00 04 0d 08 00 00 05 eb 07 00 00 06 e8 07 00 00 07 f0 07 00 00 08 01 08 00 00 09 f3 07 00 00 0a ed 07 00 00 0b f0 07 00 00 0c 0c 08 00 00 0d ff 07 00 00 0e 00 08 00 00 0f 01 08 00 00
406000,00 84 04 10 00 00 00 00 00 01 00 00 00 00 02 00 00 00 00 03 00 00 00 00 04 00 00 00 00 05 00 00 00 00 06 00 00 00 00 07 00 00 00 00 08 00 00 00 00 09 00 00 00 00 0a 00 00 00 00 0b 00 00 00 00 0c 00 00 00 00 0d 00 00 00 00 0e 00 00 00 00 0f 00 00 00 00,00 84 04 10 00 00 08 00 00 01 f1 07 00 00 02 d0 07 00 00 03 e7 07 00 00 04 0d 08 00 00 05 eb 07 00 00 06 e8 07 00 00 07 f1 07 00 00 08 01 08 00 00 09 f3 07 00 00 0a ee 07 00 00 0b f0 07 00 00 0c 0c 08 00 00 0d ff 07 00 00 0e 00 08 00 00 0f 01 08 00 00
422000,00 84 04 10 00 00 00 00 00 01 00 00 00 00 02 00 00 00 00 03 00 00 00 00 04 00 00 00 00 05 00 00 00 00 06 00 00 00 00 07 00 00 00 00 08 00 00 00 00 09 00 00 00 00 0a 00 00 00 00 0b 00 00 00 00 0c 00 00 00 00 0d 00 00 00 00 0e 00 00 00 00 0f 00 00 00 00,00 84 04 10 00 00 08 00 00 01 f1 07 00 00 02 d0 07 00 00 03 e7 07 00 00 04 0d 08 00 00 05 eb 07 00 00 06 e8 07 00 00 07 f1 07 00 00 08 01 08 00 00 09 f3 07 00 00 0a ed 07 00 00 0b f0 07 00 00 0c 0c 08 00 00 0d ff 07 00 00 0e 00 08 00 00 0f 01 08 00 00
422000,00 84 04 10 00 00 00 00 00 01 00 00 00 00 02 00 00 00 00 03 00 00 00 00 04 00 00 00 00 05 00 00 00 00 06 00 00 00 00 07 00 00 00 00 08 00 00 00 00 09 00 00 00 00 0a 00 00 00 00 0b 00 00 00 00 0c 00 00 00 00 0d 00 00 00 00 0e 00 00 00 00 0f 00 00 00 00,00 84 04 10 00 00 08 00 00 01 f1 07 00 00 02 d0 07 00 00 03 e7 07 00 00 04 0d 08 00 00 05 eb 07 00 00 06 e8 07 00 00 07 f1 07 00 00 08 01 08 00 00 09 f3 07 00 00 0a ed 07 00 00 0b f0 07 00 00 0c 0c 08 00 00 0d ff 07 00 00 0e 00 08 00 00 0f 01 08 00 00
437000,00 84 04 10 00 00 00 00 00 01 00 00 00 00 02 00 00 00 00 03 00 00 00 00 04 00 00 00 00 05 00 00 00 00 06 00 00 00 00 07 00 00 00 00 08 00 00 00 00 09 00 00 00 00 0a 00 00 00 00 0b 00 00 00 00 0c 00 00 00 00 0d 00 00 00 00 0e 00 00 00 00 0f 00 00 00 00,00 84 04 10 00 00 08 00 00 01 f1 07 00 00 02 d0 07 00 00 03 e7 07 00 00 04 0d 08 00 00 05 eb 07 00 00 06 e8 07 00 00 07 f1 07 00 00 08 01 08 00 00 09 f3 07 00 00 0a ed 07 00 00 0b f0 07 00 00 0c 0c 08 00 00 0d ff 07 00 00 0e 00 08 00 00 0f 01 08 00 00
453000,00 84 04 10 00 00 00 00 00 01 00 00 00 00 02 00 00 00 00 03 00 00 00 00 04 00 00 00 00 05 00 00 00 00 06 00 00 00 00 07 00 00 00 00 08 00 00 00 00 09 00 00 00 00 0a 00 00 00 00 0b 00 00 00 00 0c 00 00 00 00 0d 00 00 00 00 0e 00 00 00 00 0f 00 00 00 00,00 84 04 10 00 00 08 00 00 01 f1 07 00 00 02 d0 07 00 00 03 e7 07 00 00 04 0d 08 00 00 05 eb 07 00 00 06 e8 07 00 00 07 f1 07 00 00 08 01 08 00 00 09 f3 07 00 00 0a ed 07 00 00 0b f0 07 00 00 0c 0c 08 00 00 0d ff 07 00 00 0e 00 08 00 00 0f 01 08 00 00
453000,00 84 04 10 00 00 00 00 00 01 00 00 00 00 02 00 00 00 00 03 00 00 00 00 04 00 00 00 00 05 00 00 00 00 06 00 00 00 00 07 00 00 00 00 08 00 00 00 00 09 00 00 00 00 0a 00 00 00 00 0b 00 00 00 00 0c 00 00 00 00 0d 00 00 00 00 0e 00 00 00 00 0f 00 00 00 00,00 84 04 10 00 00 08 00 00 01 f1 07 00 00 02 d0 07 00 00 03 e7 07 00 00 04 0d 08 00 00 05 eb 07 00 00 06 e7 07 00 00 07 f1 07 00 00 08 01 08 00 00 09 f3 07 00 00 0a ed 07 00 00 0b f0 07 00 00 0c 0c 08 00 00 0d ff 07 00 00 0e 00 08 00 00 0f 01 08 00 00
469000,00 84 04 10 00 00 00 00 00 01 00 00 00 00 02 00 00 00 00 03 00 00 00 00 04 00 00 00 00 05 00 00 00 00 06 00 00 00 00 07 00 00 00 00 08 00 00 00 00 09 00 00 00 00 0a 00 00 00 00 0b 00 00 00 00 0c 00 00 00 00 0d 00 00 00 00 0e 00 00 00 00 0f 00 00 00 00,00 84 04 10 00 00 08 00 00 01 f1 07 00 00 02 d0 07 00 00 03 e7 07 00 00 04 0d 08 00 00 05 eb 07 00 00 06 e8 07 00 00 07 f1 07 00 00 08 02 08 00 00 09 f3 07 00 00 0a ed 07 00 00 0b f0 07 00 00 0c 0c 08 00 00 0d ff 07 00 00 0e 00 08 00 00 0f 01 08 00 00
484000,00 84 04 10 00 00 00 00 00 01 00 00 00 00 02 00 00 00 00 03 00 00 00 00 04 00 00 00 00 05 00 00 00 00 06 00 00 00 00 07 00 00 00 00 08 00 00 00 00 09 00 00 00 00 0a 00 00 00 00 0b 00 00 00 00 0c 00 00 00 00 0d 00 00 00 00 0e 00 00 00 00 0f 00 00 00 00,00 84 04 10 00 00 08 00 00 01 f1 07 00 00 02 d0 07 00 00 03 e7 07 00 00 04 0d 08 00 00 05 eb 07 00 00 06 e8 07 00 00 07 f1 07 00 00 08 01 08 00 00 09 f3 07 00 00 0a ed 07 00 00 0b f0 07 00 00 0c 0c 08 00 00 0d ff 07 00 00 0e 00 08 00 00 0f 01 08 00 00
484000,00 84 04 10 00 00 00 00 00 01 00 00 00 00 02 00 00 00 00 03 00 00 00 00 04 00 00 00 00 05 00 00 00 00 06 00 00 00 00 07 00 00 00 00 08 00 00 00 00 09 00 00 00 00 0a 00 00 00 00 0b 00 00 00 00 0c 00 00 00 00 0d 00 00 00 00 0e 00 00 00 00 0f 00 00 00 00,00 84 04 10 00 00 08 00 00 01 f1 07 00 00 02 d0 07 00 00 03 e7 07 00 00 04 0d 08 00 00 05 eb 07 00 00 06 e8 07 00 00 07 f1 07 00 00 08 01 08 00 00 09 f3 07 00 00 0a ed 07 00 00 0b f0 07 00 00 0c 0c 08 00 00 0d ff 07 00 00 0e 00 08 00 00 0f 01 08 00 00
500000,00 84 04 10 00 00 00 00 00 01 00 00 00 00 02 00 00 00 00 03 00 00 00 00 04 00 00 00 00 05 00 00 00 00 06 00 00 00 00 07 00 00 00 00 08 00 00 00 00 09 00 00 00 00 0a 00 00 00 00 0b 00 00 00 00 0c 00 00 00 00 0d 00 00 00 00 0e 00 00 00 00 0f 00 00 00 00,00 84 04 10 00 00 08 00 00 01 f1 07 00 00 02 d0 07 00 00 03 e7 07 00 00 04 0d 08 00 00 05 eb 07 00 00 06 e8 07 00 00 07 f1 07 00 00 08 01 08 00 00 09 f3 07 00 00 0a ed 07 00 00 0b f0 07 00 00 0c 0c 08 00 00 0d ff 07 00 00 0e 00 08 00 00 0f 01 08 00 00
500000,00 84 04 10 00 00 00 00 00 01 00 00 00 00 02 00 00 00 00 03 00 00 00 00 04 00 00 00 00 05 00 00 00 00 06 00 00 00 00 07 00 00 00 00 08 00 00 00 00 09 00 00 00 00 0a 00 00 00 00 0b 00 00 00 00 0c 00 00 00 00 0d 00 00 00 00 0e 00 00 00 00 0f 00 00 00 00,00 84 04 10 00 00 08 00 00 01 f1 07 00 00 02 d0 07 00 00 03 e7 07 00 00 04 0d 08 00 00 05 eb 07 00 00 06 e8 07 00 00 07 f0 07 00 00 08 01 08 00 00 09 f3 07 00 00 0a ed 07 00 00 0b f0 07 00 00 0c 0c 08 00 00 0d ff 07 00 00 0e 00 08 00 00 0f 01 08 00 00
515000,00 84 04 10 00 00 00 00 00 01 00 00 00 00 02 00 00 00 00 03 00 00 00 00 04 00 00 00 00 05 00 00 00 00 06 00 00 00 00 07 00 00 00 00 08 00 00 00 00 09 00 00 00 00 0a 00 00 00 00 0b 00 00 00 00 0c 00 00 00 00 0d 00 00 00 00 0e 00 00 00 00 0f 00 00 00 00,00 84 04 10 00 00 08 00 00 01 f1 07 00 00 02 d0 07 00 00 03 e7 07 00 00 04 0d 08 00 00 05 eb 07 00 00 06 e8 07 00 00 07 f1 07 00 00 08 01 08 00 00 09 f3 07 00 00 0a ed 07 00 00 0b f0 07 00 00 0c 0c 08 00 00 0d ff 07 00 00 0e 00 08 00 00 0f 01 08 00 00
531000,00 84 04 10 00 00 00 00 00 01 00 00 00 00 02 00 00 00 00 03 00 00 00 00 04 00 00 00 00 05 00 00 00 00 06 00 00 00 00 07 00 00 00 00 08 00 00 00 00 09 00 00 00 00 0a 00 00 00 00 0b 00 00 00 00 0c 00 00 00 00 0d 00 00 00 00 0e 00 00 00 00 0f 00 00 00 00,00 84 04 10 00 00 08 00 00 01 f1 07 00 00 02 d0 07 00 00 03 e7 07 00 00 04 0d 08 00 00 05 eb 07 00 00 06 e8 07 00 00 07 f1 07 00 00 08 01 08 00 00 09 f3 07 00 00 0a ed 07 00 00 0b f0 07 00 00 0c 0c 08 00 00 0d ff 07 00 00 0e 00 08 00 00 0f 01 08 00 00
531000,00 84 04 10 00 00 00 00 00 01 00 00 00 00 02 00 00 00 00 03 00 00 00 00 04 00 00 00 00 05 00 00 00 00 06 00 00 00 00 07 00 00 00 00 08 00 00 00 00 09 00 00 00 00 0a 00 00 00 00 0b 00 00 00 00 0c 00 00 00 00 0d 00 00 00 00 0e 00 00 00 00 0f 00 00 00 00,00 84 04 10 00 00 08 00 00 01 f1 07 00 00 02 d0 07 00 00 03 e7 07 00 00 04 0d 08 00 00 05 eb 07 00 00 06 e8 07 00 00 07 f1 07 00 00 08 01 08 00 00 09 f3 07 00 00 0a ed 07 00 00 0b f0 07 00 00 0c 0c 08 00 00 0d ff 07 00 00 0e 00 08 00 00 0f 01 08 00 00
547000,00 84 04 10 00 00 00 00 00 01 00 00 00 00 02 00 00 00 00 03 00 00 00 00 04 00 00 00 00 05 00 00 00 00 06 00 00 00 00 07 00 00 00 00 08 00 00 00 00 09 00 00 00 00 0a 00 00 00 00 0b 00 00 00 00 0c 00 00 00 00 0d 00 00 00 00 0e 00 00 00 00 0f 00 00 00 00,00 84 04 10 00 00 08 00 00 01 f1 07 00 00 02 d0 07 00 00 03 e7 07 00 00 04 0d 08 00 00 05 eb 07 00 00 06 e8 07 00 00 07 f0 07 00 00 08 01 08 00 00 09 f3 07 00 00 0a ed 07 00 00 0b f0 07 00 00 0c 0c 08 00 00 0d ff 07 00 00 0e 00 08 00 00 0f 01 08 00 00
547000,00 84 04 10 00 00 00 00 00 01 00 00 00 00 02 00 00 00 00 03 00 00 00 00 04 00 00 00 00 05 00 00 00 00 06 00 00 00 00 07 00 00 00 00 08 00 00 00 00 09 00 00 00 00 0a 00 00 00 00 0b 00 00 00 00 0c 00 00 00 00 0d 00 00 00 00 0e 00 00 00 00 0f 00 00 00 00,00 84 04 10 00 00 08 00 00 01 f1 07 00 00 02 d0 07 00 00 03 e7 07 00 00 04 0d 08 00 00 05 eb 07 00 00 06 e8 07 00 00 07 f1 07 00 00 08 01 08 00 00 09 f3 07 00 00 0a ed 07 00 00 0b f0 07 00 00 0c 0c 08 00 00 0d ff 07 00 00 0e 00 08 00 00 0f 01 08 00 00
562000,00 84 04 10 00 00 00 00 00 01 00 00 00 00 02 00 00 00 00 03 00 00 00 00 04 00 00 00 00 05 00 00 00 00 06 00 00 00 00 07 00 00 00 00 08 00 00 00 00 09 00 00 00 00 0a 00 00 00 00 0b 00 00 00 00 0c 00 00 00 00 0d 00 00 00 00 0e 00 00 00 00 0f 00 00 00 00,00 84 04 10 00 00 08 00 00 01 f1 07 00 00 02 d0 07 00 00 03 e7 07 00 00 04 0d 08 00 00 05 eb 07 00 00 06 e8 07 00 00 07 f1 07 00 00 08 01 08 00 00 09 f3 07 00 00 0a ed 07 00 00 0b f0 07 00 00 0c 0c 08 00 00 0d ff 07 00 00 0e 00 08 00 00 0f 01 08 00 00
578000,00 84 04 10 00 00 00 00 00 01 00 00 00 00 02 00 00 00 00 03 00 00 00 00 04 00 00 00 00 05 00 00 00 00 06 00 00 00 00 07 00 00 00 00 08 00 00 00 00 09 00 00 00 00 0a 00 00 00 00 0b 00 00 00 00 0c 00 00 00 00 0d 00 00 00 00 0e 00 00 00 00 0f 00 00 00 00,00 84 04 10 00 00 08 00 00 01 f1 07 00 00 02 d0 07 00 00 03 e7 07 00 00 04 0d 08 00 00 05 eb 07 00 00 06 e8 07 00 00 07 f1 07 00 00 08 01 08 00 00 09 f3 07 00 00 0a ed 07 00 00 0b f0 07 00 00 0c 0c 08 00 00 0d ff 07 00 00 0e 00 08 00 00 0f 01 08 00 00
578000,00 84 04 10 00 00 00 00 00 01 00 00 00 00 02 00 00 00 00 03 00 00 00 00 04 00 00 00 00 05 00 00 00 00 06 00 00 00 00 07 00 00 00 00 08 00 00 00 00 09 00 00 00 00 0a 00 00 00 00 0b 00 00 00 00 0c 00 00 00 00 0d 00 00 00 00 0e 00 00 00 00 0f 00 00 00 00,00 84 04 10 00 00 08 00 00 01 f1 07 00 00 02 d0 07 00 00 03 e7 07 00 00 04 0d 08 00 00 05 eb 07 00 00 06 e8 07 00 00 07 f1 07 00 00 08 02 08 00 00 09 f3 07 00 00 0a ed 07 00 00 0b f0 07 00 00 0c 0c 08 00 00 0d ff 07 00 00 0e 00 08 00 00 0f 01 08 00 00
594000,00 84 04 10 00 00 00 00 00 01 00 00 00 00 02 00 00 00 00 03 00 00 00 00 04 00 00 00 00 05 00 00 00 00 06 00 00 00 00 07 00 00 00 00 08 00 00 00 00 09 00 00 00 00 0a 00 00 00 00 0b 00 00 00 00 0c 00 00 00 00 0d 00 00 00 00 0e 00 00 00 00 0f 00 00 00 00,00 84 04 10 00 00 08 00 00 01 f1 07 00 00 02 d0 07 00 00 03 e7 07 00 00 04 0d 08 00 00 05 eb 07 00 00 06 e8 07 00 00 07 f0 07 00 00 08 01 08 00 00 09 f3 07 00 00 0a ed 07 00 00 0b f0 07 00 00 0c 0c 08 00 00 0d ff 07 00 00 0e 01 08 00 00 0f 01 08 00 00
594000,00 84 04 10 00 00 00 00 00 01 00 00 00 00 02 00 00 00 00 03 00 00 00 00 04 00 00 00 00 05 00 00 00 00 06 00 00 00 00 07 00 00 00 00 08 00 00 00 00 09 00 00 00 00 0a 00 00 00 00 0b 00 00 00 00 0c 00 00 00 00 0d 00 00 00 00 0e 00 00 00 00 0f 00 00 00 00,00 84 04 10 00 00 08 00 00 01 f1 07 00 00 02 d0 07 00 00 03 e7 07 00 00 04 0d 08 00 00 05 eb 07 00 00 06 e8 07 00 00 07 f1 07 00 00 08 01 08 00 00 09 f3 07 00 00 0a ed 07 00 00 0b f0 07 00 00 0c 0c 08 00 00 0d ff 07 00 00 0e 00 08 00 00 0f 01 08 00 00
609000,00 84 04 10 00 00 00 00 00 01 00 00 00 00 02 00 00 00 00 03 00 00 00 00 04 00 00 00 00 05 00 00 00 00 06 00 00 00 00 07 00 00 00 00 08 00 00 00 00 09 00 00 00 00 0a 00 00 00 00 0b 00 00 00 00 0c 00 00 00 00 0d 00 00 00 00 0e 00 00 00 00 0f 00 00 00 00,00 84 04 10 00 00 08 00 00 01 f1 07 00 00 02 d0 07 00 00 03 e7 07 00 00 04 0d 08 00 00 05 eb 07 00 00 06 e8 07 00 00 07 f1 07 00 00 08 01 08 00 00 09 f3 07 00 00 0a ed 07 00 00 0b f0 07 00 00 0c 0c 08 00 00 0d ff 07 00 00 0e 00 08 00 00 0f 01 08 00 00
625000,00 84 04 10 00 00 00 00 00 01 00 00 00 00 02 00 00 00 00 03 00 00 00 00 04 00 00 00 00 05 00 00 00 00 06 00 00 00 00 07 00 00 00 00 08 00 00 00 00 09 00 00 00 00 0a 00 00 00 00 0b 00 00 00 00 0c 00 00 00 00 0d 00 00 00 00 0e 00 00 00 00 0f 00 00 00 00,00 84 04 10 00 00 08 00 00 01 f1 07 00 00 02 d0 07 00 00 03 e7 07 00 00 04 0d 08 00 00 05 eb 07 00 00 06 e8 07 00 00 07 f1 07 00 00 08 01 08 00 00 09 f3 07 00 00 0a ed 07 00 00 0b f0 07 00 00 0c 0c 08 00 00 0d ff 07 00 00 0e 00 08 00 00 0f 01 08 00 00
625000,00 84 04 10 00 00 00 00 00 01 00 00 00 00 02 00 00 00 00 03 00 00 00 00 04 00 00 00 00 05 00 00 00 00 06 00 00 00 00 07 00 00 00 00 08 00 00 00 00 09 00 00 00 00 0a 00 00 00 00 0b 00 00 00 00 0c 00 00 00 00 0d 00 00 00 00 0e 00 00 00 00 0f 00 00 00 00,00 84 04 10 00 00 08 00 00 01 f1 07 00 00 02 d0 07 00 00 03 e7 07 00 00 04 0d 08 00 00 05 eb 07 00 00 06 e8 07 00 00 07 f1 07 00 00 08 01 08 00 00 09 f3 07 00 00 0a ed 07 00 00 0b f0 07 00 00 0c 0c 08 00 00 0d ff 07 00 00 0e 00 08 00 00 0f 01 08 00 00
640000,00 84 04 10 00 00 00 00 00 01 00 00 00 00 02 00 00 00 00 03 00 00 00 00 04 00 00 00 00 05 00 00 00 00 06 00 00 00 00 07 00 00 00 00 08 00 00 00 00 09 00 00 00 00 0a 00 00 00 00 0b 00 00 00 00 0c 00 00 00 00 0d 00 00 00 00 0e 00 00 00 00 0f 00 00 00 00,00 84 04 10 00 00 08 00 00 01 f1 07 00 00 02 d0 07 00 00 03 e7 07 00 00 04 0d 08 00 00 05 eb 07 00 00 06 e8 07 00 00 07 f1 07 00 00 08 01 08 00 00 09 f3 07 00 00 0a ed 07 00 00 0b f0 07 00 00 0c 0c 08 00 00 0d ff 07 00 00 0e 00 08 00 00 0f 01 08 00 00
656000,00 84 04 10 00 00 00 00 00 01 00 00 00 00 02 00 00 00 00 03 00 00 00 00 04 00 00 00 00 05 00 00 00 00 06 00 00 00 00 07 00 00 00 00 08 00 00 00 00 09 00 00 00 00 0a 00 00 00 00 0b 00 00 00 00 0c 00 00 00 00 0d 00 00 00 00 0e 00 00 00 00 0f 00 00 00 00,00 84 04 10 00 00 08 00 00 01 f1 07 00 00 02 d0 07 00 00 03 e7 07 00 00 04 0d 08 00 00 05 eb 07 00 00 06 e8 07 00 00 07 f1 07 00 00 08 01 08 00 00 09 f3 07 00 00 0a ed 07 00 00 0b f0 07 00 00 0c 0c 08 00 00 0d ff 07 00 00 0e 00 08 00 00 0f 01 08 00 00
656000,00 84 04 10 00 00 00 00 00 01 00 00 00 00 02 00 00 00 00 03 00 00 00 00 04 00 00 00 00 05 00 00 00 00 06 00 00 00 00 07 00 00 00 00 08 00 00 00 00 09 00 00 00 00 0a 00 00 00 00 0b 00 00 00 00 0c 00 00 00 00 0d 00 00 00 00 0e 00 00 00 00 0f 00 00 00 00,00 84 04 10 00 00 08 00 00 01 f1 07 00 00 02 d0 07 00 00 03 e7 07 00 00 04 0d 08 00 00 05 eb 07 00 00 06 e8 07 00 00 07 f1 07 00 00 08 01 08 00 00 09 f3 07 00 00 0a ed 07 00 00 0b f0 07 00 00 0c 0c 08 00 00 0d ff 07 00 00 0e 00 08 00 00 0f 01 08 00 00
672000,00 84 04 10 00 00 00 00 00 01 00 00 00 00 02 00 00 00 00 03 00 00 00 00 04 00 00 00 00 05 00 00 00 00 06 00 00 00 00 07 00 00 00 00 08 00 00 00 00 09 00 00 00 00 0a 00 00 00 00 0b 00 00 00 00 0c 00 00 00 00 0d 00 00 00 00 0e 00 00 00 00 0f 00 00 00 00,00 84 04 10 00 00 08 00 00 01 f1 07 00 00 02 d0 07 00 00 03 e7 07 00 00 04 0d 08 00 00 05 eb 07 00 00 06 e8 07 00 00 07 f1 07 00 00 08 01 08 00 00 09 f3 07 00 00 0a ed 07 00 00 0b f0 07 00 00 0c 0c 08 00 00 0d ff 07 00 00 0e 00 08 00 00 0f 01 08 00 00
672000,00 84 04 10 00 00 00 00 00 01 00 00 00 00 02 00 00 00 00 03 00 00 00 00 04 00 00 00 00 05 00 00 00 00 06 00 00 00 00 07 00 00 00 00 08 00 00 00 00 09 00 00 00 00 0a 00 00 00 00 0b 00 00 00 00 0c 00 00 00 00 0d 00 00 00 00 0e 00 00 00 00 0f 00 00 00 00,00 84 04 10 00 00 08 00 00 01 f1 07 00 00 02 d0 07 00 00 03 e7 07 00 00 04 0d 08 00 00 05 eb 07 00 00 06 e8 07 00 00 07 f1 07 00 00 08 01 08 00 00 09 f3 07 00 00 0a ed 07 00 00 0b f0 07 00 00 0c 0c 08 00 00 0d ff 07 00 00 0e 00 08 00 00 0f 01 08 00 00
687000,00 84 04 10 00 00 00 00 00 01 00 00 00 00 02 00 00 00 00 03 00 00 00 00 04 00 00 00 00 05 00 00 00 00 06 00 00 00 00 07 00 00 00 00 08 00 00 00 00 09 00 00 00 00 0a 00 00 00 00 0b 00 00 00 00 0c 00 00 00 00 0d 00 00 00 00 0e 00 00 00 00 0f 00 00 00 00,00 84 04 10 00 00 08 00 00 01 f1 07 00 00 02 d0 07 00 00 03 e7 07 00 00 04 0d 08 00 00 05 eb 07 00 00 06 e8 07 00 00 07 f1 07 00 00 08 01 08 00 00 09 f3 07 00 00 0a ed 07 00 00 0b f0 07 00 00 0c 0c 08 00 00 0d ff 07 00 00 0e 00 08 00 00 0f 01 08 00 00
703000,00 84 04 10 00 00 00 00 00 01 00 00 00 00 02 00 00 00 00 03 00 00 00 00 04 00 00 00 00 05 00 00 00 00 06 00 00 00 00 07 00 00 00 00 08 00 00 00 00 09 00 00 00 00 0a 00 00 00 00 0b 00 00 00 00 0c 00 00 00 00 0d 00 00 00 00 0e 00 00 00 00 0f 00 00 00 00,00 84 04 10 00 00 08 00 00 01 f1 07 00 00 02 d0 07 00 00 03 e7 07 00 00 04 0d 08 00 00 05 eb 07 00 00 06 e8 07 00 00 07 f1 07 00 00 08 01 08 00 00 09 f3 07 00 00 0a ed 07 00 00 0b f0 07 00 00 0c 0c 08 00 00 0d ff 07 00 00 0e 00 08 00 00 0f 01 08 00 00
703000,00 84 04 10 00 00 00 00 00 01 00 00 00 00 02 00 00 00 00 03 00 00 00 00 04 00 00 00 00 05 00 00 00 00 06 00 00 00 00 07 00 00 00 00 08 00 00 00 00 09 00 00 00 00 0a 00 00 00 00 0b 00 00 00 00 0c 00 00 00 00 0d 00 00 00 00 0e 00 00 00 00 0f 00 00 00 00,00 84 04 10 00 00 08 00 00 01 f1 07 00 00 02 d0 07 00 00 03 e7 07 00 00 04 0d 08 00 00 05 eb 07 00 00 06 e8 07 00 00 07 f1 07 00 00 08 01 08 00 00 09 f3 07 00 00 0a ed 07 00 00 0b f0 07 00 00 0c 0c 08 00 00 0d ff 07 00 00 0e 00 08 00 00 0f 01 08 00 00
719000,00 84 04 10 00 00 00 00 00 01 00 00 00 00 02 00 00 00 00 03 00 00 00 00 04 00 00 00 00 05 00 00 00 00 06 00 00 00 00 07 00 00 00 00 08 00 00 00 00 09 00 00 00 00 0a 00 00 00 00 0b 00 00 00 00 0c 00 00 00 00 0d 00 00 00 00 0e 00 00 00 00 0f 00 00 00 00,00 84 04 10 00 00 08 00 00 01 f1 07 00 00 02 d0 07 00 00 03 e7 07 00 00 04 0d 08 00 00 05 eb 07 00 00 06 e8 07 00 00 07 f0 07 00 00 08 01 08 00 00 09 f3 07 00 00 0a ed 07 00 00 0b f0 07 00 00 0c 0c 08 00 00 0d ff 07 00 00 0e 00 08 00 00 0f 01 08 00 00
734000,00 84 04 10 00 00 00 00 00 01 00 00 00 00 02 00 00 00 00 03 00 00 00 00 04 00 00 00 00 05 00 00 00 00 06 00 00 00 00 07 00 00 00 00 08 00 00 00 00 09 00 00 00 00 0a 00 00 00 00 0b 00 00 00 00 0c 00 00 00 00 0d 00 00 00 00 0e 00 00 00 00 0f 00 00 00 00,00 84 04 10 00 00 08 00 00 01 f1 07 00 00 02 d0 07 00 00 03 e7 07 00 00 04 0d 08 00 00 05 eb 07 00 00 06 e8 07 00 00 07 f1 07 00 00 08 01 08 00 00 09 f3 07 00 00 0a ed 07 00 00 0b f0 07 00 00 0c 0c 08 00 00 0d ff 07 00 00 0e 00 08 00 00 0f 01 08 00 00
734000,00 84 04 10 00 00 00 00 00 01 00 00 00 00 02 00 00 00 00 03 00 00 00 00 04 00 00 00 00 05 00 00 00 00 06 00 00 00 00 07 00 00 00 00 08 00 00 00 00 09 00 00 00 00 0a 00 00 00 00 0b 00 00 00 00 0c 00 00 00 00 0d 00 00 00 00 0e 00 00 00 00 0f 00 00 00 00,00 84 04 10 00 00 08 00 00 01 f1 07 00 00 02 d0 07 00 00 03 e7 07 00 00 04 0d 08 00 00 05 eb 07 00 00 06 e8 07 00 00 07 f1 07 00 00 08 01 08 00 00 09 f3 07 00 00 0a ed 07 00 00 0b f0 07 00 00 0c 0c 08 00 00 0d ff 07 00 00 0e 00 08 00 00 0f 01 08 00 00
750000,00 84 04 10 00 00 00 00 00 01 00 00 00 00 02 00 00 00 00 03 00 00 00 00 04 00 00 00 00 05 00 00 00 00 06 00 00 00 00 07 00 00 00 00 08 00 00 00 00 09 00 00 00 00 0a 00 00 00 00 0b 00 00 00 00 0c 00 00 00 00 0d 00 00 00 00 0e 00 00 00 00 0f 00 00 00 00,00 84 04 10 00 00 08 00 00 01 f1 07 00 00 02 d0 07 00 00 03 e7 07 00 00 04 0d 08 00 00 05 eb 07 00 00 06 e8 07 00 00 07 f1 07 00 00 08 01 08 00 00 09 f3 07 00 00 0a ed 07 00 00 0b f0 07 00 00 0c 0c 08 00 00 0d ff 07 00 00 0e 00 08 00 00 0f 01 08 00 00
765000,00 84 04 10 00 00 00 00 00 01 00 00 00 00 02 00 00 00 00 03 00 00 00 00 04 00 00 00 00 05 00 00 00 00 06 00 00 00 00 07 00 00 00 00 08 00 00 00 00 09 00 00 00 00 0a 00 00 00 00 0b 00 00 00 00 0c 00 00 00 00 0d 00 00 00 00 0e 00 00 00 00 0f 00 00 00 00,00 84 04 10 00 00 08 00 00 01 f1 07 00 00 02 d0 07 00 00 03 e7 07 00 00 04 0d 08 00 00 05 eb 07 00 00 06 e8 07 00 00 07 f0 07 00 00 08 01 08 00 00 09 f3 07 00 00 0a ed 07 00 00 0b f0 07 00 00 0c 0c 08 00 00 0d ff 07 00 00 0e 00 08 00 00 0f 01 08 00 00
765000,00 84 04 10 00 00 00 00 00 01 00 00 00 00 02 00 00 00 00 03 00 00 00 00 04 00 00 00 00 05 00 00 00 00 06 00 00 00 00 07 00 00 00 00 08 00 00 00 00 09 00 00 00 00 0a 00 00 00 00 0b 00 00 00 00 0c 00 00 00 00 0d 00 00 00 00 0e 00 00 00 00 0f 00 00 00 00,00 84 04 10 00 00 08 00 00 01 f1 07 00 00 02 d0 07 00 00 03 e7 07 00 00 04 0d 08 00 00 05 eb 07 00 00 06 e8 07 00 00 07 f1 07 00 00 08 02 08 00 00 09 f3 07 00 00 0a ed 07 00 00 0b f0 07 00 00 0c 0c 08 00 00 0d ff 07 00 00 0e 00 08 00 00 0f 01 08 00 00
781000,00 84 04 10 00 00 00 00 00 01 00 00 00 00 02 00 00 00 00 03 00 00 00 00 04 00 00 00 00 05 00 00 00 00 06 00 00 00 00 07 00 00 00 00 08 00 00 00 00 09 00 00 00 00 0a 00 00 00 00 0b 00 00 00 00 0c 00 00 00 00 0d 00 00 00 00 0e 00 00 00 00 0f 00 00 00 00,00 84 04 10 00 00 08 00 00 01 f1 07 00 00 02 d0 07 00 00 03 e7 07 00 00 04 0d 08 00 00 05 eb 07 00 00 06 e8 07 00 00 07 f1 07 00 00 08 01 08 00 00 09 f3 07 00 00 0a ed 07 00 00 0b f0 07 00 00 0c 0c 08 00 00 0d ff 07 00 00 0e 00 08 00 00 0f 01 08 00 00
797000,00 84 04 10 00 00 00 00 00 01 00 00 00 00 02 00 00 00 00 03 00 00 00 00 04 00 00 00 00 05 00 00 00 00 06 00 00 00 00 07 00 00 00 00 08 00 00 00 00 09 00 00 00 00 0a 00 00 00 00 0b 00 00 00 00 0c 00 00 00 00 0d 00 00 00 00 0e 00 00 00 00 0f 00 00 00 00,00 84 04 10 00 00 08 00 00 01 f1 07 00 00 02 d0 07 00 00 03 e7 07 00 00 04 0d 08 00 00 05 eb 07 00 00 06 e8 07 00 00 07 f1 07 00 00 08 01 08 00 00 09 f3 07 00 00 0a ed 07 00 00 0b f0 07 00 00 0c 0c 08 00 00 0d ff 07 00 00 0e 00 08 00 00 0f 01 08 00 00
797000,00 84 04 10 00 00 00 00 00 01 00 00 00 00 02 00 00 00 00 03 00 00 00 00 04 00 00 00 00 05 00 00 00 00 06 00 00 00 00 07 00 00 00 00 08 00 00 00 00 09 00 00 00 00 0a 00 00 00 00 0b 00 00 00 00 0c 00 00 00 00 0d 00 00 00 00 0e 00 00 00 00 0f 00 00 00 00,00 84 04 10 00 00 08 00 00 01 f1 07 00 00 02 d0 07 00 00 03 e7 07 00 00 04 0d 08 00 00 05 eb 07 00 00 06 e8 07 00 00 07 f1 07 00 00 08 01 08 00 00 09 f3 07 00 00 0a ed 07 00 00 0b f0 07 00 00 0c 0c 08 00 00 0d ff 07 00 00 0e 00 08 00 00 0f 01 08 00 00
812000,00 84 04 10 00 00 00 00 00 01 00 00 00 00 02 00 00 00 00 03 00 00 00 00 04 00 00 00 00 05 00 00 00 00 06 00 00 00 00 07 00 00 00 00 08 00 00 00 00 09 00 00 00 00 0a 00 00 00 00 0b 00 00 00 00 0c 00 00 00 00 0d 00 00 00 00 0e 00 00 00 00 0f 00 00 00 00,00 84 04 10 00 00 08 00 00 01 f1 07 00 00 02 d0 07 00 00 03 e7 07 00 00 04 0d 08 00 00 05 eb 07 00 00 06 e8 07 00 00 07 f0 07 00 00 08 01 08 00 00 09 f3 07 00 00 0a ed 07 00 00 0b f0 07 00 00 0c 0c 08 00 00 0d ff 07 00 00 0e 00 08 00 00 0f 01 08 00 00
812000,00 84 04 10 00 00 00 00 00 01 00 00 00 00 02 00 00 00 00 03 00 00 00 00 04 00 00 00 00 05 00 00 00 00 06 00 00 00 00 07 00 00 00 00 08 00 00 00 00 09 00 00 00 00 0a 00 00 00 00 0b 00 00 00 00 0c 00 00 00 00 0d 00 00 00 00 0e 00 00 00 00 0f 00 00 00 00,00 84 04 10 00 00 08 00 00 01 f1 07 00 00 02 d0 07 00 00 03 e7 07 00 00 04 0d 08 00 00 05 eb 07 00 00 06 e8 07 00 00 07 f1 07 00 00 08 01 08 00 00 09 f3 07 00 00 0a ed 07 00 00 0b f0 07 00 00 0c 0c 08 00 00 0d ff 07 00 00 0e 00 08 00 00 0f 01 08 00 00
828000,00 84 04 10 00 00 00 00 00 01 00 00 00 00 02 00 00 00 00 03 00 00 00 00 04 00 00 00 00 05 00 00 00 00 06 00 00 00 00 07 00 00 00 00 08 00 00 00 00 09 00 00 00 00 0a 00 00 00 00 0b 00 00 00 00 0c 00 00 00 00 0d 00 00 00 00 0e 00 00 00 00 0f 00 00 00 00,00 84 04 10 00 00 08 00 00 01 f1 07 00 00 02 d0 07 00 00 03 e7 07 00 00 04 0d 08 00 00 05 eb 07 00 00 06 e8 07 00 00 07 f1 07 00 00 08 01 08 00 00 09 f3 07 00 00 0a ed 07 00 00 0b f0 07 00 00 0c 0c 08 00 00 0d ff 07 00 00 0e 00 08 00 00 0f 01 08 00 00
844000,00 84 04 10 00 00 00 00 00 01 00 00 00 00 02 00 00 00 00 03 00 00 00 00 04 00 00 00 00 05 00 00 00 00 06 00 00 00 00 07 00 00 00 00 08 00 00 00 00 09 00 00 00 00 0a 00 00 00 00 0b 00 00 00 00 0c 00 00 00 00 0d 00 00 00 00 0e 00 00 00 00 0f 00 00 00 00,00 84 04 10 00 00 08 00 00 01 f1 07 00 00 02 d0 07 00 00 03 e7 07 00 00 04 0d 08 00 00 05 eb 07 00 00 06 e8 07 00 00 07 f0 07 00 00 08 01 08 00 00 09 f3 07 00 00 0a ed 07 00 00 0b f0 07 00 00 0c 0c 08 00 00 0d ff 07 00 00 0e 00 08 00 00 0f 01 08 00 00
844000,00 84 04 10 00 00 00 00 00 01 00 00 00 00 02 00 00 00 00 03 00 00 00 00 04 00 00 00 00 05 00 00 00 00 06 00 00 00 00 07 00 00 00 00 08 00 00 00 00 09 00 00 00 00 0a 00 00 00 00 0b 00 00 00 00 0c 00 00 00 00 0d 00 00 00 00 0e 00 00 00 00 0f 00 00 00 00,00 84 04 10 00 00 08 00 00 01 f1 07 00 00 02 d0 07 00 00 03 e7 07 00 00 04 0d 08 00 00 05 eb 07 00 00 06 e8 07 00 00 07 f1 07 00 00 08 01 08 00 00 09 f3 07 00 00 0a ed 07 00 00 0b f0 07 00 00 0c 0c 08 00 00 0d ff 07 00 00 0e 00 08 00 00 0f 01 08 00 00
859000,00 84 04 10 00 00 00 00 00 01 00 00 00 00 02 00 00 00 00 03 00 00 00 00 04 00 00 00 00 05 00 00 00 00 06 00 00 00 00 07 00 00 00 00 08 00 00 00 00 09 00 00 00 00 0a 00 00 00 00 0b 00 00 00 00 0c 00 00 00 00 0d 00 00 00 00 0e 00 00 00 00 0f 00 00 00 00,00 84 04 10 00 00 08 00 00 01 f1 07 00 00 02 d0 07 00 00 03 e7 07 00 00 04 0d 08 00 00 05 eb 07 00 00 06 e8 07 00 00 07 f1 07 00 00 08 01 08 00 00 09 f3 07 00 00 0a ed 07 00 00 0b f0 07 00 00 0c 0c 08 00 00 0d ff 07 00 00 0e 00 08 00 00 0f 01 08 00 00
875000,00 84 04 10 00 00 00 00 00 01 00 00 00 00 02 00 00 00 00 03 00 00 00 00 04 00 00 00 00 05 00 00 00 00 06 00 00 00 00 07 00 00 00 00 08 00 00 00 00 09 00 00 00 00 0a 00 00 00 00 0b 00 00 00 00 0c 00 00 00 00 0d 00 00 00 00 0e 00 00 00 00 0f 00 00 00 00,00 84 04 10 00 00 08 00 00 01 f1 07 00 00 02 d0 07 00 00 03 e7 07 00 00 04 0d 08 00 00 05 eb 07 00 00 06 e8 07 00 00 07 f1 07 00 00 08 01 08 00 00 09 f3 07 00 00 0a ed 07 00 00 0b f0 07 00 00 0c 0c 08 00 00 0d ff 07 00 00 0e 00 08 00 00 0f 01 08 00 00
875000,00 84 04 10 00 00 00 00 00 01 00 00 00 00 02 00 00 00 00 03 00 00 00 00 04 00 00 00 00 05 00 00 00 00 06 00 00 00 00 07 00 00 00 00 08 00 00 00 00 09 00 00 00 00 0a 00 00 00 00 0b 00 00 00 00 0c 00 00 00 00 0d 00 00 00 00 0e 00 00 00 00 0f 00 00 00 00,00 84 04 10 00 00 08 00 00 01 f1 07 00 00 02 d0 07 00 00 03 e7 07 00 00 04 0d 08 00 00 05 eb 07 00 00 06 e8 07 00 00 07 f1 07 00 00 08 01 08 00 00 09 f3 07 00 00 0a ed 07 00 00 0b f0 07 00 00 0c 0c 08 00 00 0d ff 07 00 00 0e 00 08 00 00 0f 01 08 00 00
890000,00 84 04 10 00 00 00 00 00 01 00 00 00 00 02 00 00 00 00 03 00 00 00 00 04 00 00 00 00 05 00 00 00 00 06 00 00 00 00 07 00 00 00 00 08 00 00 00 00 09 00 00 00 00 0a 00 00 00 00 0b 00 00 00 00 0c 00 00 00 00 0d 00 00 00 00 0e 00 00 00 00 0f 00 00 00 00,00 84 04 10 00 00 08 00 00 01 f1 07 00 00 02 d0 07 00 00 03 e7 07 00 00 04 0d 08 00 00 05 eb 07 00 00 06 e8 07 00 00 07 f0 07 00 00 08 01 08 00 00 09 f3 07 00 00 0a ed 07 00 00 0b f0 07 00 00 0c 0c 08 00 00 0d ff 07 00 00 0e 00 08 00 00 0f 01 08 00 00
890000,00 84 04 10 00 00 00 00 00 01 00 00 00 00 02 00 00 00 00 03 00 00 00 00 04 00 00 00 00 05 00 00 00 00 06 00 00 00 00 07 00 00 00 00 08 00 00 00 00 09 00 00 00 00 0a 00 00 00 00 0b 00 00 00 00 0c 00 00 00 00 0d 00 00 00 00 0e 00 00 00 00 0f 00 00 00 00,00 84 04 10 00 00 08 00 00 01 f1 07 00 00 02 d0 07 00 00 03 e7 07 00 00 04 0d 08 00 00 05 eb 07 00 00 06 e8 07 00 00 07 f1 07 00 00 08 01 08 00 00 09 f3 07 00 00 0a ed 07 00 00 0b f0 07 00 00 0c 0c 08 00 00 0d ff 07 00 00 0e 00 08 00 00 0f 01 08 00 00
906000,00 84 04 10 00 00 00 00 00 01 00 00 00 00 02 00 00 00 00 03 00 00 00 00 04 00 00 00 00 05 00 00 00 00 06 00 00 00 00 07 00 00 00 00 08 00 00 00 00 09 00 00 00 00 0a 00 00 00 00 0b 00 00 00 00 0c 00 00 00 00 0d 00 00 00 00 0e 00 00 00 00 0f 00 00 00 00,00 84 04 10 00 00 08 00 00 01 f1 07 00 00 02 d0 07 00 00 03 e7 07 00 00 04 0d 08 00 00 05 eb 07 00 00 06 e8 07 00 00 07 f1 07 00 00 08 01 08 00 00 09 f3 07 00 00 0a ed 07 00 00 0b f0 07 00 00 0c 0c 08 00 00 0d ff 07 00 00 0e 00 08 00 00 0f 01 08 00 00
922000,00 84 04 10 00 00 00 00 00 01 00 00 00 00 02 00 00 00 00 03 00 00 00 00 04 00 00 00 00 05 00 00 00 00 06 00 00 00 00 07 00 00 00 00 08 00 00 00 00 09 00 00 00 00 0a 00 00 00 00 0b 00 00 00 00 0c 00 00 00 00 0d 00 00 00 00 0e 00 00 00 00 0f 00 00 00 00,00 84 04 10 00 00 08 00 00 01 f1 07 00 00 02 d0 07 00 00 03 e7 07 00 00 04 0d 08 00 00 05 eb 07 00 00 06 e8 07 00 00 07 f1 07 00 00 08 01 08 00 00 09 f3 07 00 00 0a ed 07 00 00 0b f0 07 00 00 0c 0c 08 00 00 0d ff 07 00 00 0e 00 08 00 00 0f 01 08 00 00
922000,00 84 04 10 00 00 00 00 00 01 00 00 00 00 02 00 00 00 00 03 00 00 00 00 04 00 00 00 00 05 00 00 00 00 06 00 00 00 00 07 00 00 00 00 08 00 00 00 00 09 00 00 00 00 0a 00 00 00 00 0b 00 00 00 00 0c 00 00 00 00 0d 00 00 00 00 0e 00 00 00 00 0f 00 00 00 00,00 84 04 10 00 00 08 00 00 01 f1 07 00 00 02 d0 07 00 00 03 e7 07 00 00 04 0d 08 00 00 05 eb 07 00 00 06 e8 07 00 00 07 f1 07 00 00 08 01 08 00 00 09 f3 07 00 00 0a ed 07 00 00 0b f0 07 00 00 0c 0c 08 00 00 0d ff 07 00 00 0e 00 08 00 00 0f 01 08 00 00
937000,00 84 04 10 00 00 00 00 00 01 00 00 00 00 02 00 00 00 00 03 00 00 00 00 04 00 00 00 00 05 00 00 00 00 06 00 00 00 00 07 00 00 00 00 08 00 00 00 00 09 00 00 00 00 0a 00 00 00 00 0b 00 00 00 00 0c 00 00 00 00 0d 00 00 00 00 0e 00 00 00 00 0f 00 00 00 00,00 84 04 10 00 00 08 00 00 01 f1 07 00 00 02 d0 07 00 00 03 e7 07 00 00 04 0d 08 00 00 05 eb 07 00 00 06 e8 07 00 00 07 f0 07 00 00 08 01 08 00 00 09 f3 07 00 00 0a ed 07 00 00 0b f0 07 00 00 0c 0c 08 00 00 0d ff 07 00 00 0e 00 08 00 00 0f 01 08 00 00
937000,00 84 04 10 00 00 00 00 00 01 00 00 00 00 02 00 00 00 00 03 00 00 00 00 04 00 00 00 00 05 00 00 00 00 06 00 00 00 00 07 00 00 00 00 08 00 00 00 00 09 00 00 00 00 0a 00 00 00 00 0b 00 00 00 00 0c 00 00 00 00 0d 00 00 00 00 0e 00 00 00 00 0f 00 00 00 00,00 84 04 10 00 00 08 00 00 01 f1 07 00 00 02 d0 07 00 00 03 e7 07 00 00 04 0d 08 00 00 05 eb 07 00 00 06 e8 07 00 00 07 f1 07 00 00 08 02 08 00 00 09 f3 07 00 00 0a ed 07 00 00 0b f0 07 00 00 0c 0c 08 00 00 0d ff 07 00 00 0e 00 08 00 00 0f 01 08 00 00
953000,00 84 04 10 00 00 00 00 00 01 00 00 00 00 02 00 00 00 00 03 00 00 00 00 04 00 00 00 00 05 00 00 00 00 06 00 00 00 00 07 00 00 00 00 08 00 00 00 00 09 00 00 00 00 0a 00 00 00 00 0b 00 00 00 00 0c 00 00 00 00 0d 00 00 00 00 0e 00 00 00 00 0f 00 00 00 00,00 84 04 10 00 00 08 00 00 01 f1 07 00 00 02 d0 07 00 00 03 e7 07 00 00 04 0d 08 00 00 05 eb 07 00 00 06 e8 07 00 00 07 f1 07 00 00 08 01 08 00 00 09 f3 07 00 00 0a ed 07 00 00 0b f0 07 00 00 0c 0c 08 00 00 0d ff 07 00 00 0e 00 08 00 00 0f 01 08 00 00
969000,00 84 04 10 00 00 00 00 00 01 00 00 00 00 02 00 00 00 00 03 00 00 00 00 04 00 00 00 00 05 00 00 00 00 06 00 00 00 00 07 00 00 00 00 08 00 00 00 00 09 00 00 00 00 0a 00 00 00 00 0b 00 00 00 00 0c 00 00 00 00 0d 00 00 00 00 0e 00 00 00 00 0f 00 00 00 00,00 84 04 10 00 00 08 00 00 01 f1 07 00 00 02 d0 07 00 00 03 e7 07 00 00 04 0d 08 00 00 05 eb 07 00 00 06 e8 07 00 00 07 f1 07 00 00 08 01 08 00 00 09 f3 07 00 00 0a ed 07 00 00 0b f0 07 00 00 0c 0c 08 00 00 0d ff 07 00 00 0e 00 08 00 00 0f 01 08 00 00
969000,00 84 04 10 00 00 00 00 00 01 00 00 00 00 02 00 00 00 00 03 00 00 00 00 04 00 00 00 00 05 00 00 00 00 06 00 00 00 00 07 00 00 00 00 08 00 00 00 00 09 00 00 00 00 0a 00 00 00 00 0b 00 00 00 00 0c 00 00 00 00 0d 00 00 00 00 0e 00 00 00 00 0f 00 00 00 00,00 84 04 10 00 00 08 00 00 01 f1 07 00 00 02 d0 07 00 00 03 e7 07 00 00 04 0d 08 00 00 05 eb 07 00 00 06 e8 07 00 00 07 f1 07 00 00 08 01 08 00 00 09 f3 07 00 00 0a ed 07 00 00 0b f0 07 00 00 0c 0c 08 00 00 0d ff 07 00 00 0e 00 08 00 00 0f 01 08 00 00
984000,00 84 04 10 00 00 00 00 00 01 00 00 00 00 02 00 00 00 00 03 00 00 00 00 04 00 00 00 00 05 00 00 00 00 06 00 00 00 00 07 00 00 00 00 08 00 00 00 00 09 00 00 00 00 0a 00 00 00 00 0b 00 00 00 00 0c 00 00 00 00 0d 00 00 00 00 0e 00 00 00 00 0f 00 00 00 00,00 84 04 10 00 00 08 00 00 01 f1 07 00 00 02 d0 07 00 00 03 e7 07 00 00 04 0d 08 00 00 05 eb 07 00 00 06 e8 07 00 00 07 f1 07 00 00 08 01 08 00 00 09 f3 07 00 00 0a ed 07 00 00 0b f0 07 00 00 0c 0c 08 00 00 0d ff 07 00 00 0e 00 08 00 00 0f 01 08 00 00
984000,00 84 04 10 00 00 00 00 00 01 00 00 00 00 02 00 00 00 00 03 00 00 00 00 04 00 00 00 00 05 00 00 00 00 06 00 00 00 00 07 00 00 00 00 08 00 00 00 00 09 00 00 00 00 0a 00 00 00 00 0b 00 00 00 00 0c 00 00 00 00 0d 00 00 00 00 0e 00 00 00 00 0f 00 00 00 00,00 84 04 10 00 00 08 00 00 01 f1 07 00 00 02 d0 07 00 00 03 e7 07 00 00 04 0d 08 00 00 05 eb 07 00 00 06 e8 07 00 00 07 f1 07 00 00 08 01 08 00 00 09 f3 07 00 00 0a ed 07 00 00 0b f0 07 00 00 0c 0c 08 00 00 0d ff 07 00 00 0e 00 08 00 00 0f 01 08 00 00
1000000,00 84 04 10 00 00 00 00 00 01 00 00 00 00 02 00 00 00 00 03 00 00 00 00 04 00 00 00 00 05 00 00 00 00 06 00 00 00 00 07 00 00 00 00 08 00 00 00 00 09 00 00 00 00 0a 00 00 00 00 0b 00 00 00 00 0c 00 00 00 00 0d 00 00 00 00 0e 00 00 00 00 0f 00 00 00 00,00 84 04 10 00 00 08 00 00 01 f1 07 00 00 02 d0 07 00 00 03 e7 07 00 00 04 0d 08 00 00 05 eb 07 00 00 06 e8 07 00 00 07 f1 07 00 00 08 01 08 00 00 09 f3 07 00 00 0a ed 07 00 00 0b f0 07 00 00 0c 0c 08 00 00 0d ff 07 00 00 0e 00 08 00 00 0f 01 08 00 00
1015000,00 84 04 10 00 00 00 00 00 01 00 00 00 00 02 00 00 00 00 03 00 00 00 00 04 00 00 00 00 05 00 00 00 00 06 00 00 00 00 07 00 00 00 00 08 00 00 00 00 09 00 00 00 00 0a 00 00 00 00 0b 00 00 00 00 0c 00 00 00 00 0d 00 00 00 00 0e 00 00 00 00 0f 00 00 00 00,00 84 04 10 00 00 08 00 00 01 f1 07 00 00 02 d0 07 00 00 03 e7 07 00 00 04 0d 08 00 00 05 eb 07 00 00 06 e8 07 00 00 07 f1 07 00 00 08 01 08 00 00 09 f3 07 00 00 0a ed 07 00 00 0b f0 07 00 00 0c 0c 08 00 00 0d ff 07 00 00 0e 00 08 00 00 0f 01 08 00 00
1015000,01 74 04 10 00 d6 07 00 00 01 d9 07 00 00 02 0c 08 00 00 03 24 08 00 00 04 2a 08 00 00 05 0d 08 00 00 06 ef 07 00 00 07 d7 07 00 00 08 f4 07 00 00 09 18 08 00 00 0a 0d 08 00 00 0b ee 07 00 00 0c ed 07 00 00 0d d7 07 00 00 0e 0c 08 00 00 0f d6 07 00 00,01 74 04 10 00 d6 07 00 00 01 d9 07 00 00 02 0c 08 00 00 03 24 08 00 00 04 2a 08 00 00 05 0d 08 00 00 06 ef 07 00 00 07 d7 07 00 00 08 f4 07 00 00 09 18 08 00 00 0a 0d 08 00 00 0b ee 07 00 00 0c ed 07 00 00 0d d7 07 00 00 0e 0c 08 00 00 0f d6 07 00 00
1031000,00 84 04 10 00 00 00 00 00 01 00 00 00 00 02 00 00 00 00 03 00 00 00 00 04 00 00 00 00 05 00 00 00 00 06 00 00 00 00 07 00 00 00 00 08 00 00 00 00 09 00 00 00 00 0a 00 00 00 00 0b 00 00 00 00 0c 00 00 00 00 0d 00 00 00 00 0e 00 00 00 00 0f 00 00 00 00,00 84 04 10 00 00 08 00 00 01 f1 07 00 00 02 d0 07 00 00 03 e7 07 00 00 04 0d 08 00 00 05 eb 07 00 00 06 e8 07 00 00 07 f0 07 00 00 08 01 08 00 00 09 f3 07 00 00 0a ed 07 00 00 0b f0 07 00 00 0c 0c 08 00 00 0d ff 07 00 00 0e 00 08 00 00 0f 01 08 00 00
1031000,01 74 04 10 00 f3 07 00 00 01 e0 07 00 00 02 f9 07 00 00 03 25 08 00 00 04 01 08 00 00 05 21 08 00 00 06 05 08 00 00 07 f1 07 00 00 08 07 08 00 00 09 10 08 00 00 0a fd 07 00 00 0b e7 07 00 00 0c 26 08 00 00 0d 25 08 00 00 0e 2a 08 00 00 0f 1d 08 00 00,01 74 04 10 00 f3 07 00 00 01 e0 07 00 00 02 f9 07 00 00 03 25 08 00 00 04 01 08 00 00 05 21 08 00 00 06 05 08 00 00 07 f1 07 00 00 08 07 08 00 00 09 10 08 00 00 0a fd 07 00 00 0b e7 07 00 00 0c 26 08 00 00 0d 25 08 00 00 0e 2a 08 00 00 0f 1d 08 00 00
1047000,00 84 04 10 00 00 00 00 00 01 00 00 00 00 02 00 00 00 00 03 00 00 00 00 04 00 00 00 00 05 00 00 00 00 06 00 00 00 00 07 00 00 00 00 08 00 00 00 00 09 00 00 00 00 0a 00 00 00 00 0b 00 00 00 00 0c 00 00 00 00 0d 00 00 00 00 0e 00 00 00 00 0f 00 00 00 00,00 84 04 0e 00 ff 07 00 00 01 f1 07 00 00 02 cf 07 00 00 03 ea 07 00 00 04 0e 08 00 00 05 ec 07 00 00 06 e8 07 00 00 07 ef 07 00 00 08 ff 07 00 00 09 f4 07 00 00 0a ed 07 00 00 0b f0 07 00 00 0c 0a 08 00 00 0d fd 07 00 00 ff 00 00 00 00 ff 00 00 00 00
1047000,01 40 01 10 00 00 00 00 00 01 00 00 00 00 02 00 00 00 00 03 00 00 00 00 04 00 00 00 00 05 00 00 00 00 06 00 00 00 00 07 00 00 00 00 08 00 00 00 00 09 00 00 00 00 0a 00 00 00 00 0b 00 00 00 00 0c 00 00 00 00 0d 00 00 00 00 0e 00 00 00 00 0f 00 00 00 00,01 40 01 10 00 00 00 00 00 01 00 00 00 00 02 00 00 00 00 03 00 00 00 00 04 00 00 00 00 05 00 00 00 00 06 00 00 00 00 07 00 00 00 00 08 00 00 00 00 09 00 00 00 00 0a 00 00 00 00 0b 00 00 00 00 0c 00 00 00 00 0d 00 00 00 00 0e 00 00 00 00 0f 00 00 00 00
16000,01 26 02 10 00 96 00 00 00 01 96 00 00 00 02 96 00 00 00 03 96 00 00 00 04 96 00 00 00 05 96 00 00 00 06 96 00 00 00 07 96 00 00 00 08 96 00 00 00 09 96 00 00 00 0a 96 00 00 00 0b 96 00 00 00 0c 96 00 00 00 0d 96 00 00 00 0e 96 00 00 00 0f 96 00 00 00,01 26 02 10 00 96 00 00 00 01 96 00 00 00 02 96 00 00 00 03 96 00 00 00 04 96 00 00 00 05 96 00 00 00 06 96 00 00 00 07 96 00 00 00 08 96 00 00 00 09 96 00 00 00 0a 96 00 00 00 0b 96 00 00 00 0c 96 00 00 00 0d 96 00 00 00 0e 96 00 00 00 0f 96 00 00 00
16000,01 0b 01 10 00 03 00 00 00 01 03 00 00 00 02 03 00 00 00 03 03 00 00 00 04 03 00 00 00 05 03 00 00 00 06 03 00 00 00 07 03 00 00 00 08 03 00 00 00 09 03 00 00 00 0a 03 00 00 00 0b 03 00 00 00 0c 03 00 00 00 0d 03 00 00 00 0e 03 00 00 00 0f 03 00 00 00,01 0b 01 10 00 03 00 00 00 01 03 00 00 00 02 03 00 00 00 03 03 00 00 00 04 03 00 00 00 05 03 00 00 00 06 03 00 00 00 07 03 00 00 00 08 03 00 00 00 09 03 00 00 00 0a 03 00 00 00 0b 03 00 00 00 0c 03 00 00 00 0d 03 00 00 00 0e 03 00 00 00 0f 03 00 00 00
16000,01 40 01 10 00 01 00 00 00 01 01 00 00 00 02 01 00 00 00 03 01 00 00 00 04 01 00 00 00 05 01 00 00 00 06 01 00 00 00 07 01 00 00 00 08 01 00 00 00 09 01 00 00 00 0a 01 00 00 00 0b 01 00 00 00 0c 01 00 00 00 0d 01 00 00 00 0e 01 00 00 00 0f 01 00 00 00,01 40 01 10 00 01 00 00 00 01 01 00 00 00 02 01 00 00 00 03 01 00 00 00 04 01 00 00 00 05 01 00 00 00 06 01 00 00 00 07 01 00 00 00 08 01 00 00 00 09 01 00 00 00 0a 01 00 00 00 0b 01 00 00 00 0c 01 00 00 00 0d 01 00 00 00 0e 01 00 00 00 0f 01 00 00 00
31000,01 74 04 10 00 00 08 00 00 01 00 08 00 00 02 00 08 00 00 03 00 08 00 00 04 00 08 00 00 05 00 08 00 00 06 00 08 00 00 07 00 08 00 00 08 00 08 00 00 09 00 08 00 00 0a 00 08 00 00 0b 00 08 00 00 0c 00 08 00 00 0d 00 08 00 00 0e 00 08 00 00 0f 00 08 00 00,01 74 04 10 00 00 08 00 00 01 00 08 00 00 02 00 08 00 00 03 00 08 00 00 04 00 08 00 00 05 00 08 00 00 06 00 08 00 00 07 00 08 00 00 08 00 08 00 00 09 00 08 00 00 0a 00 08 00 00 0b 00 08 00 00 0c 00 08 00 00 0d 00 08 00 00 0e 00 08 00 00 0f 00 08 00 00
31000,01 74 04 10 00 d3 07 00 00 01 d2 07 00 00 02 30 08 00 00 03 f2 07 00 00 04 ea 07 00 00 05 e1 07 00 00 06 33 08 00 00 07 d6 07 00 00 08 13 08 00 00 09 12 08 00 00 0a d0 07 00 00 0b 10 08 00 00 0c d7 07 00 00 0d 2d 08 00 00 0e dd 07 00 00 0f ed 07 00 00,01 74 04 10 00 d3 07 00 00 01 d2 07 00 00 02 30 08 00 00 03 f2 07 00 00 04 ea 07 00 00 05 e1 07 00 00 06 33 08 00 00 07 d6 07 00 00 08 13 08 00 00 09 12 08 00 00 0a d0 07 00 00 0b 10 08 00 00 0c d7 07 00 00 0d 2d 08 00 00 0e dd 07 00 00 0f ed 07 00 00
31000,01 74 04 10 00 0f 08 00 00 01 31 08 00 00 02 d7 07 00 00 03 30 08 00 00 04 db 07 00 00 05 05 08 00 00 06 21 08 00 00 07 13 08 00 00 08 1e 08 00 00 09 e4 07 00 00 0a f5 07 00 00 0b 33 08 00 00 0c eb 07 00 00 0d ef 07 00 00 0e 1c 08 00 00 0f ea 07 00 00,01 74 04 10 00 0f 08 00 00 01 31 08 00 00 02 d7 07 00 00 03 30 08 00 00 04 db 07 00 00 05 05 08 00 00 06 21 08 00 00 07 13 08 00 00 08 1e 08 00 00 09 e4 07 00 00 0a f5 07 00 00 0b 33 08 00 00 0c eb 07 00 00 0d ef 07 00 00 0e 1c 08 00 00 0f ea 07 00 00
31000,01 74 04 10 00 14 08 00 00 01 de 07 00 00 02 13 08 00 00 03 f0 07 00 00 04 34 08 00 00 05 d4 07 00 00 06 2c 08 00 00 07 d5 07 00 00 08 17 08 00 00 09 2f 08 00 00 0a 18 08 00 00 0b 23 08 00 00 0c 0e 08 00 00 0d 01 08 00 00 0e 21 08 00 00 0f de 07 00 00,01 74 04 10 00 14 08 00 00 01 de 07 00 00 02 13 08 00 00 03 f0 07 00 00 04 34 08 00 00 05 d4 07 00 00 06 2c 08 00 00 07 d5 07 00 00 08 17 08 00 00 09 2f 08 00 00 0a 18 08 00 00 0b 23 08 00 00 0c 0e 08 00 00 0d 01 08 00 00 0e 21 08 00 00 0f de 07 00 00
47000,01 74 04 10 00 20 08 00 00 01 1a 08 00 00 02 dd 07 00 00 03 da 07 00 00 04 04 08 00 00 05 ed 07 00 00 06 1f 08 00 00 07 d8 07 00 00 08 f9 07 00 00 09 f6 07 00 00 0a da 07 00 00 0b d5 07 00 00 0c 09 08 00 00 0d d3 07 00 00 0e f1 07 00 00 0f 1e 08 00 00,01 74 04 10 00 20 08 00 00 01 1a 08 00 00 02 dd 07 00 00 03 da 07 00 00 04 04 08 00 00 05 ed 07 00 00 06 1f 08 00 00 07 d8 07 00 00 08 f9 07 00 00 09 f6 07 00 00 0a da 07 00 00 0b d5 07 00 00 0c 09 08 00 00 0d d3 07 00 00 0e f1 07 00 00 0f 1e 08 00 00
47000,01 74 04 10 00 2d 08 00 00 01 07 08 00 00 02 21 08 00 00 03 0b 08 00 00 04 03 08 00 00 05 df 07 00 00 06 0b 08 00 00 07 27 08 00 00 08 da 07 00 00 09 d2 07 00 00 0a ee 07 00 00 0b 1a 08 00 00 0c 32 08 00 00 0d 31 08 00 00 0e d4 07 00 00 0f ff 07 00 00,01 74 04 10 00 2d 08 00 00 01 07 08 00 00 02 21 08 00 00 03 0b 08 00 00 04 03 08 00 00 05 df 07 00 00 06 0b 08 00 00 07 27 08 00 00 08 da 07 00 00 09 d2 07 00 00 0a ee 07 00 00 0b 1a 08 00 00 0c 32 08 00 00 0d 31 08 00 00 0e d4 07 00 00 0f ff 07 00 00
47000,01 74 04 10 00 28 08 00 00 01 02 08 00 00 02 ea 07 00 00 03 d3 07 00 00 04 05 08 00 00 05 2c 08 00 00 06 2f 08 00 00 07 f9 07 00 00 08 0a 08 00 00 09 20 08 00 00 0a e0 07 00 00 0b f7 07 00 00 0c 24 08 00 00 0d 0e 08 00 00 0e f8 07 00 00 0f 0b 08 00 00,01 74 04 10 00 28 08 00 00 01 02 08 00 00 02 ea 07 00 00 03 d3 07 00 00 04 05 08 00 00 05 2c 08 00 00 06 2f 08 00 00 07 f9 07 00 00 08 0a 08 00 00 09 20 08 00 00 0a e0 07 00 00 0b f7 07 00 00 0c 24 08 00 00 0d 0e 08 00 00 0e f8 07 00 00 0f 0b 08 00 00
47000,01 74 04 10 00 f7 07 00 00 01 02 08 00 00 02 20 08 00 00 03 dc 07 00 00 04 0d 08 00 00 05 f1 07 00 00 06 e5 07 00 00 07 1f 08 00 00 08 08 08 00 00 09 12 08 00 00 0a ee 07 00 00 0b 0d 08 00 00 0c fb 07 00 00 0d e2 07 00 00 0e 32 08 00 00 0f 09 08 00 00,01 74 04 10 00 f7 07 00 00 01 02 08 00 00 02 20 08 00 00 03 dc 07 00 00 04 0d 08 00 00 05 f1 07 00 00 06 e5 07 00 00 07 1f 08 00 00 08 08 08 00 00 09 12 08 00 00 0a ee 07 00 00 0b 0d 08 00 00 0c fb 07 00 00 0d e2 07 00 00 0e 32 08 00 00 0f 09 08 00 00
47000,01 74 04 10 00 e8 07 00 00 01 0f 08 00 00 02 07 08 00 00 03 10 08 00 00 04 1e 08 00 00 05 2c 08 00 00 06 15 08 00 00 07 29 08 00 00 08 d2 07 00 00 09 15 08 00 00 0a 21 08 00 00 0b 21 08 00 00 0c 2b 08 00 00 0d 04 08 00 00 0e fa 07 00 00 0f 04 08 00 00,01 74 04 10 00 e8 07 00 00 01 0f 08 00 00 02 07 08 00 00 03 10 08 00 00 04 1e 08 00 00 05 2c 08 00 00 06 15 08 00 00 07 29 08 00 00 08 d2 07 00 00 09 15 08 00 00 0a 21 08 00 00 0b 21 08 00 00 0c 2b 08 00 00 0d 04 08 00 00 0e fa 07 00 00 0f 04 08 00 00
63000,01 74 04 10 00 f6 07 00 00 01 25 08 00 00 02 2c 08 00 00 03 f4 07 00 00 04 31 08 00 00 05 ff 07 00 00 06 25 08 00 00 07 12 08 00 00 08 0b 08 00 00 09 d6 07 00 00 0a d8 07 00 00 0b d6 07 00 00 0c 1a 08 00 00 0d d1 07 00 00 0e 1f 08 00 00 0f e9 07 00 00,01 74 04 10 00 f6 07 00 00 01 25 08 00 00 02 2c 08 00 00 03 f4 07 00 00 04 31 08 00 00 05 ff 07 00 00 06 25 08 00 00 07 12 08 00 00 08 0b 08 00 00 09 d6 07 00 00 0a d8 07 00 00 0b d6 07 00 00 0c 1a 08 00 00 0d d1 07 00 00 0e 1f 08 00 00 0f e9 07 00 00
63000,01 74 04 10 00 0d 08 00 00 01 f2 07 00 00 02 12 08 00 00 03 1e 08 00 00 04 d9 07 00 00 05 de 07 00 00 06 d3 07 00 00 07 0f 08 00 00 08 fd 07 00 00 09 dd 07 00 00 0a 03 08 00 00 0b 31 08 00 00 0c f0 07 00 00 0d 15 08 00 00 0e fc 07 00 00 0f f2 07 00 00,01 74 04 10 00 0d 08 00 00 01 f2 07 00 00 02 12 08 00 00 03 1e 08 00 00 04 d9 07 00 00 05 de 07 00 00 06 d3 07 00 00 07 0f 08 00 00 08 fd 07 00 00 09 dd 07 00 00 0a 03 08 00 00 0b 31 08 00 00 0c f0 07 00 00 0d 15 08 00 00 0e fc 07 00 00 0f f2 07 00 00
63000,01 74 04 10 00 11 08 00 00 01 2a 08 00 00 02 34 08 00 00 03 11 08 00 00 04 ea 07 00 00 05 ef 07 00 00 06 01 08 00 00 07 30 08 00 00 08 05 08 00 00 09 05 08 00 00 0a fe 07 00 00 0b e4 07 00 00 0c dc 07 00 00 0d 23 08 00 00 0e 22 08 00 00 0f e5 07 00 00,01 74 04 10 00 11 08 00 00 01 2a 08 00 00 02 34 08 00 00 03 11 08 00 00 04 ea 07 00 00 05 ef 07 00 00 06 01 08 00 00 07 30 08 00 00 08 05 08 00 00 09 05 08 00 00 0a fe 07 00 00 0b e4 07 00 00 0c dc 07 00 00 0d 23 08 00 00 0e 22 08 00 00 0f e5 07 00 00
63000,01 74 04 10 00 34 08 00 00 01 d2 07 00 00 02 f9 07 00 00 03 d3 07 00 00 04 07 08 00 00 05 ec 07 00 00 06 e7 07 00 00 07 0e 08 00 00 08 0e 08 00 00 09 e2 07 00 00 0a 11 08 00 00 0b d7 07 00 00 0c 08 08 00 00 0d df 07 00 00 0e 15 08 00 00 0f 32 08 00 00,01 74 04 10 00 34 08 00 00 01 d2 07 00 00 02 f9 07 00 00 03 d3 07 00 00 04 07 08 00 00 05 ec 07 00 00 06 e7 07 00 00 07 0e 08 00 00 08 0e 08 00 00 09 e2 07 00 00 0a 11 08 00 00 0b d7 07 00 00 0c 08 08 00 00 0d df 07 00 00 0e 15 08 00 00 0f 32 08 00 00
63000,01 74 04 10 00 1b 08 00 00 01 f2 07 00 00 02 2d 08 00 00 03 34 08 00 00 04 f5 07 00 00 05 27 08 00 00 06 05 08 00 00 07 11 08 00 00 08 20 08 00 00 09 21 08 00 00 0a 1b 08 00 00 0b d8 07 00 00 0c f7 07 00 00 0d 2a 08 00 00 0e 10 08 00 00 0f db 07 00 00,01 74 04 10 00 1b 08 00 00 01 f2 07 00 00 02 2d 08 00 00 03 34 08 00 00 04 f5 07 00 00 05 27 08 00 00 06 05 08 00 00 07 11 08 00 00 08 20 08 00 00 09 21 08 00 00 0a 1b 08 00 00 0b d8 07 00 00 0c f7 07 00 00 0d 2a 08 00 00 0e 10 08 00 00 0f db 07 00 00
78000,01 74 04 10 00 1f 08 00 00 01 fa 07 00 00 02 e9 07 00 00 03 e3 07 00 00 04 16 08 00 00 05 d4 07 00 00 06 0a 08 00 00 07 e1 07 00 00 08 fe 07 00 00 09 f3 07 00 00 0a 23 08 00 00 0b f9 07 00 00 0c d9 07 00 00 0d 0e 08 00 00 0e f0 07 00 00 0f e5 07 00 00,01 74 04 10 00 1f 08 00 00 01 fa 07 00 00 02 e9 07 00 00 03 e3 07 00 00 04 16 08 00 00 05 d4 07 00 00 06 0a 08 00 00 07 e1 07 00 00 08 fe 07 00 00 09 f3 07 00 00 0a 23 08 00 00 0b f9 07 00 00 0c d9 07 00 00 0d 0e 08 00 00 0e f0 07 00 00 0f e5 07 00 00
78000,01 74 04 10 00 f7 07 00 00 01 f7 07 00 00 02 0d 08 00 00 03 24 08 00 00 04 e5 07 00 00 05 fd 07 00 00 06 14 08 00 00 07 33 08 00 00 08 23 08 00 00 09 10 08 00 00 0a 19 08 00 00 0b fe 07 00 00 0c eb 07 00 00 0d 11 08 00 00 0e 07 08 00 00 0f 33 08 00 00,01 74 04 10 00 f7 07 00 00 01 f7 07 00 00 02 0d 08 00 00 03 24 08 00 00 04 e5 07 00 00 05 fd 07 00 00 06 14 08 00 00 07 33 08 00 00 08 23 08 00 00 09 10 08 00 00 0a 19 08 00 00 0b fe 07 00 00 0c eb 07 00 00 0d 11 08 00 00 0e 07 08 00 00 0f 33 08 00 00
78000,01 74 04 10 00 f4 07 00 00 01 e0 07 00 00 02 0c 08 00 00 03 00 08 00 00 04 14 08 00 00 05 d0 07 00 00 06 21 08 00 00 07 33 08 00 00 08 e9 07 00 00 09 d4 07 00 00 0a 1c 08 00 00 0b 1f 08 00 00 0c eb 07 00 00 0d d6 07 00 00 0e f5 07 00 00 0f 11 08 00 00,01 74 04 10 00 f4 07 00 00 01 e0 07 00 00 02 0c 08 00 00 03 00 08 00 00 04 14 08 00 00 05 d0 07 00 00 06 21 08 00 00 07 33 08 00 00 08 e9 07 00 00 09 d4 07 00 00 0a 1c 08 00 00 0b 1f 08 00 00 0c eb 07 00 00 0d d6 07 00 00 0e f5 07 00 00 0f 11 08 00 00
78000,01 74 04 10 00 34 08 00 00 01 2b 08 00 00 02 1c 08 00 00 03 e7 07 00 00 04 d7 07 00 00 05 fb 07 00 00 06 d2 07 00 00 07 11 08 00 00 08 22 08 00 00 09 f0 07 00 00 0a ed 07 00 00 0b f5 07 00 00 0c d2 07 00 00 0d ee 07 00 00 0e 2f 08 00 00 0f 32 08 00 00,01 74 04 10 00 34 08 00 00 01 2b 08 00 00 02 1c 08 00 00 03 e7 07 00 00 04 d7 07 00 00 05 fb 07 00 00 06 d2 07 00 00 07 11 08 00 00 08 22 08 00 00 09 f0 07 00 00 0a ed 07 00 00 0b f5 07 00 00 0c d2 07 00 00 0d ee 07 00 00 0e 2f 08 00 00 0f 32 08 00 00
94000,01 74 04 10 00 34 08 00 00 01 2e 08 00 00 02 fe 07 00 00 03 21 08 00 00 04 fb 07 00 00 05 0f 08 00 00 06 da 07 00 00 07 e3 07 00 00 08 e2 07 00 00 09 22 08 00 00 0a eb 07 00 00 0b f7 07 00 00 0c 25 08 00 00 0d 2c 08 00 00 0e d1 07 00 00 0f d0 07 00 00,01 74 04 10 00 34 08 00 00 01 2e 08 00 00 02 fe 07 00 00 03 21 08 00 00 04 fb 07 00 00 05 0f 08 00 00 06 da 07 00 00 07 e3 07 00 00 08 e2 07 00 00 09 22 08 00 00 0a eb 07 00 00 0b f7 07 00 00 0c 25 08 00 00 0d 2c 08 00 00 0e d1 07 00 00 0f d0 07 00 00
94000,01 74 04 10 00 fd 07 00 00 01 f5 07 00 00 02 f1 07 00 00 03 d5 07 00 00 04 d8 07 00 00 05 03 08 00 00 06 0a 08 00 00 07 1e 08 00 00 08 fb 07 00 00 09 d0 07 00 00 0a 01 08 00 00 0b e6 07 00 00 0c 07 08 00 00 0d ed 07 00 00 0e 2b 08 00 00 0f 1b 08 00 00,01 74 04 10 00 fd 07 00 00 01 f5 07 00 00 02 f1 07 00 00 03 d5 07 00 00 04 d8 07 00 00 05 03 08 00 00 06 0a 08 00 00 07 1e 08 00 00 08 fb 07 00 00 09 d0 07 00 00 0a 01 08 00 00 0b e6 07 00 00 0c 07 08 00 00 0d ed 07 00 00 0e 2b 08 00 00 0f 1b 08 00 00
94000,01 74 04 10 00 22 08 00 00 01 fa 07 00 00 02 e3 07 00 00 03 fc 07 00 00 04 11 08 00 00 05 24 08 00 00 06 31 08 00 00 07 f0 07 00 00 08 e3 07 00 00 09 e2 07 00 00 0a e6 07 00 00 0b d2 07 00 00 0c 06 08 00 00 0d 29 08 00 00 0e 27 08 00 00 0f e4 07 00 00,01 74 04 10 00 22 08 00 00 01 fa 07 00 00 02 e3 07 00 00 03 fc 07 00 00 04 11 08 00 00 05 24 08 00 00 06 31 08 00 00 07 f0 07 00 00 08 e3 07 00 00 09 e2 07 00 00 0a e6 07 00 00 0b d2 07 00 00 0c 06 08 00 00 0d 29 08 00 00 0e 27 08 00 00 0f e4 07 00 00
94000,01 74 04 10 00 1a 08 00 00 01 0b 08 00 00 02 e5 07 00 00 03 27 08 00 00 04 dc 07 00 00 05 02 08 00 00 06 34 08 00 00 07 04 08 00 00 08 f5 07 00 00 09 fd 07 00 00 0a 26 08 00 00 0b e4 07 00 00 0c e0 07 00 00 0d 06 08 00 00 0e d4 07 00 00 0f 2b 08 00 00,01 74 04 10 00 1a 08 00 00 01 0b 08 00 00 02 e5 07 00 00 03 27 08 00 00 04 dc 07 00 00 05 02 08 00 00 06 34 08 00 00 07 04 08 00 00 08 f5 07 00 00 09 fd 07 00 00 0a 26 08 00 00 0b e4 07 00 00 0c e0 07 00 00 0d 06 08 00 00 0e d4 07 00 00 0f 2b 08 00 00
109000,01 74 04 10 00 db 07 00 00 01 2d 08 00 00 02 0d 08 00 00 03 d9 07 00 00 04 ee 07 00 00 05 1b 08 00 00 06 20 08 00 00 07 dc 07 00 00 08 fc 07 00 00 09 2d 08 00 00 0a 0a 08 00 00 0b d7 07 00 00 0c f5 07 00 00 0d f5 07 00 00 0e d5 07 00 00 0f 0d 08 00 00,01 74 04 10 00 db 07 00 00 01 2d 08 00 00 02 0d 08 00 00 03 d9 07 00 00 04 ee 07 00 00 05 1b 08 00 00 06 20 08 00 00 07 dc 07 00 00 08 fc 07 00 00 09 2d 08 00 00 0a 0a 08 00 00 0b d7 07 00 00 0c f5 07 00 00 0d f5 07 00 00 0e d5 07 00 00 0f 0d 08 00 00
109000,01 74 04 10 00 f8 07 00 00 01 0f 08 00 00 02 08 08 00 00 03 2c 08 00 00 04 25 08 00 00 05 d9 07 00 00 06 de 07 00 00 07 d2 07 00 00 08 da 07 00 00 09 fd 07 00 00 0a 23 08 00 00 0b 0b 08 00 00 0c 2a 08 00 00 0d fb 07 00 00 0e 32 08 00 00 0f fe 07 00 00,01 74 04 10 00 f8 07 00 00 01 0f 08 00 00 02 08 08 00 00 03 2c 08 00 00 04 25 08 00 00 05 d9 07 00 00 06 de 07 00 00 07 d2 07 00 00 08 da 07 00 00 09 fd 07 00 00 0a 23 08 00 00 0b 0b 08 00 00 0c 2a 08 00 00 0d fb 07 00 00 0e 32 08 00 00 0f fe 07 00 00
109000,01 74 04 10 00 e1 07 00 00 01 26 08 00 00 02 33 08 00 00 03 29 08 00 00 04 e9 07 00 00 05 26 08 00 00 06 01 08 00 00 07 25 08 00 00 08 ea 07 00 00 09 1a 08 00 00 0a 23 08 00 00 0b 0f 08 00 00 0c d8 07 00 00 0d f7 07 00 00 0e db 07 00 00 0f 2d 08 00 00,01 74 04 10 00 e1 07 00 00 01 26 08 00 00 02 33 08 00 00 03 29 08 00 00 04 e9 07 00 00 05 26 08 00 00 06 01 08 00 00 07 25 08 00 00 08 ea 07 00 00 09 1a 08 00 00 0a 23 08 00 00 0b 0f 08 00 00 0c d8 07 00 00 0d f7 07 00 00 0e db 07 00 00 0f 2d 08 00 00
109000,01 74 04 10 00 17 08 00 00 01 13 08 00 00 02 d1 07 00 00 03 dd 07 00 00 04 f7 07 00 00 05 27 08 00 00 06 13 08 00 00 07 26 08 00 00 08 f0 07 00 00 09 1c 08 00 00 0a 0b 08 00 00 0b 12 08 00 00 0c 25 08 00 00 0d 1d 08 00 00 0e 31 08 00 00 0f 16 08 00 00,01 74 04 10 00 17 08 00 00 01 13 08 00 00 02 d1 07 00 00 03 dd 07 00 00 04 f7 07 00 00 05 27 08 00 00 06 13 08 00 00 07 26 08 00 00 08 f0 07 00 00 09 1c 08 00 00 0a 0b 08 00 00 0b 12 08 00 00 0c 25 08 00 00 0d 1d 08 00 00 0e 31 08 00 00 0f 16 08 00 00
125000,01 74 04 10 00 de 07 00 00 01 11 08 00 00 02 d5 07 00 00 03 de 07 00 00 04 1e 08 00 00 05 26 08 00 00 06 f6 07 00 00 07 25 08 00 00 08 ef 07 00 00 09 0e 08 00 00 0a dd 07 00 00 0b 02 08 00 00 0c 27 08 00 00 0d 00 08 00 00 0e 32 08 00 00 0f e3 07 00 00,01 74 04 10 00 de 07 00 00 01 11 08 00 00 02 d5 07 00 00 03 de 07 00 00 04 1e 08 00 00 05 26 08 00 00 06 f6 07 00 00 07 25 08 00 00 08 ef 07 00 00 09 0e 08 00 00 0a dd 07 00 00 0b 02 08 00 00 0c 27 08 00 00 0d 00 08 00 00 0e 32 08 00 00 0f e3 07 00 00
125000,01 74 04 10 00 f1 07 00 00 01 32 08 00 00 02 26 08 00 00 03 e9 07 00 00 04 30 08 00 00 05 d8 07 00 00 06 16 08 00 00 07 00 08 00 00 08 10 08 00 00 09 02 08 00 00 0a db 07 00 00 0b e2 07 00 00 0c 31 08 00 00 0d 2d 08 00 00 0e 13 08 00 00 0f 1f 08 00 00,01 74 04 10 00 f1 07 00 00 01 32 08 00 00 02 26 08 00 00 03 e9 07 00 00 04 30 08 00 00 05 d8 07 00 00 06 16 08 00 00 07 00 08 00 00 08 10 08 00 00 09 02 08 00 00 0a db 07 00 00 0b e2 07 00 00 0c 31 08 00 00 0d 2d 08 00 00 0e 13 08 00 00 0f 1f 08 00 00
125000,01 74 04 10 00 e0 07 00 00 01 13 08 00 00 02 fb 07 00 00 03 d8 07 00 00 04 25 08 00 00 05 d8 07 00 00 06 29 08 00 00 07 16 08 00 00 08 f3 07 00 00 09 1f 08 00 00 0a 18 08 00 00 0b ff 07 00 00 0c 14 08 00 00 0d f4 07 00 00 0e 34 08 00 00 0f 29 08 00 00,01 74 04 10 00 e0 07 00 00 01 13 08 00 00 02 fb 07 00 00 03 d8 07 00 00 04 25 08 00 00 05 d8 07 00 00 06 29 08 00 00 07 16 08 00 00 08 f3 07 00 00 09 1f 08 00 00 0a 18 08 00 00 0b ff 07 00 00 0c 14 08 00 00 0d f4 07 00 00 0e 34 08 00 00 0f 29 08 00 00
125000,01 74 04 10 00 df 07 00 00 01 d1 07 00 00 02 0a 08 00 00 03 24 08 00 00 04 e5 07 00 00 05 d2 07 00 00 06 d5 07 00 00 07 2f 08 00 00 08 dc 07 00 00 09 20 08 00 00 0a e2 07 00 00 0b f9 07 00 00 0c df 07 00 00 0d e7 07 00 00 0e f1 07 00 00 0f ff 07 00 00,01 74 04 10 00 df 07 00 00 01 d1 07 00 00 02 0a 08 00 00 03 24 08 00 00 04 e5 07 00 00 05 d2 07 00 00 06 d5 07 00 00 07 2f 08 00 00 08 dc 07 00 00 09 20 08 00 00 0a e2 07 00 00 0b f9 07 00 00 0c df 07 00 00 0d e7 07 00 00 0e f1 07 00 00 0f ff 07 00 00
141000,01 74 04 10 00 eb 07 00 00 01 20 08 00 00 02 f0 07 00 00 03 d4 07 00 00 04 e6 07 00 00 05 02 08 00 00 06 1e 08 00 00 07 2c 08 00 00 08 ef 07 00 00 09 d0 07 00 00 0a e3 07 00 00 0b 1e 08 00 00 0c ed 07 00 00 0d 11 08 00 00 0e e3 07 00 00 0f 32 08 00 00,01 74 04 10 00 eb 07 00 00 01 20 08 00 00 02 f0 07 00 00 03 d4 07 00 00 04 e6 07 00 00 05 02 08 00 00 06 1e 08 00 00 07 2c 08 00 00 08 ef 07 00 00 09 d0 07 00 00 0a e3 07 00 00 0b 1e 08 00 00 0c ed 07 00 00 0d 11 08 00 00 0e e3 07 00 00 0f 32 08 00 00
141000,01 74 04 10 00 06 08 00 00 01 2e 08 00 00 02 e7 07 00 00 03 ee 07 00 00 04 15 08 00 00 05 d2 07 00 00 06 1d 08 00 00 07 1e 08 00 00 08 16 08 00 00 09 05 08 00 00 0a d8 07 00 00 0b de 07 00 00 0c f1 07 00 00 0d f5 07 00 00 0e d5 07 00 00 0f 15 08 00 00,01 74 04 10 00 06 08 00 00 01 2e 08 00 00 02 e7 07 00 00 03 ee 07 00 00 04 15 08 00 00 05 d2 07 00 00 06 1d 08 00 00 07 1e 08 00 00 08 16 08 00 00 09 05 08 00 00 0a d8 07 00 00 0b de 07 00 00 0c f1 07 00 00 0d f5 07 00 00 0e d5 07 00 00 0f 15 08 00 00
141000,01 74 04 10 00 f3 07 00 00 01 eb 07 00 00 02 e6 07 00 00 03 08 08 00 00 04 07 08 00 00 05 e0 07 00 00 06 f5 07 00 00 07 01 08 00 00 08 2e 08 00 00 09 2b 08 00 00 0a 25 08 00 00 0b e8 07 00 00 0c 34 08 00 00 0d ff 07 00 00 0e 0a 08 00 00 0f 27 08 00 00,01 74 04 10 00 f3 07 00 00 01 eb 07 00 00 02 e6 07 00 00 03 08 08 00 00 04 07 08 00 00 05 e0 07 00 00 06 f5 07 00 00 07 01 08 00 00 08 2e 08 00 00 09 2b 08 00 00 0a 25 08 00 00 0b e8 07 00 00 0c 34 08 00 00 0d ff 07 00 00 0e 0a 08 00 00 0f 27 08 00 00
141000,01 74 04 10 00 f1 07 00 00 01 21 08 00 00 02 2c 08 00 00 03 2f 08 00 00 04 de 07 00 00 05 07 08 00 00 06 f2 07 00 00 07 dd 07 00 00 08 0b 08 00 00 09 dd 07 00 00 0a e5 07 00 00 0b 13 08 00 00 0c 2c 08 00 00 0d d6 07 00 00 0e 2a 08 00 00 0f d8 07 00 00,01 74 04 10 00 f1 07 00 00 01 21 08 00 00 02 2c 08 00 00 03 2f 08 00 00 04 de 07 00 00 05 07 08 00 00 06 f2 07 00 00 07 dd 07 00 00 08 0b 08 00 00 09 dd 07 00 00 0a e5 07 00 00 0b 13 08 00 00 0c 2c 08 00 00 0d d6 07 00 00 0e 2a 08 00 00 0f d8 07 00 00
141000,01 74 04 10 00 33 08 00 00 01 f6 07 00 00 02 d2 07 00 00 03 f4 07 00 00 04 13 08 00 00 05 f8 07 00 00 06 24 08 00 00 07 da 07 00 00 08 dc 07 00 00 09 fe 07 00 00 0a e9 07 00 00 0b e4 07 00 00 0c 0a 08 00 00 0d e0 07 00 00 0e 33 08 00 00 0f 10 08 00 00,01 74 04 10 00 33 08 00 00 01 f6 07 00 00 02 d2 07 00 00 03 f4 07 00 00 04 13 08 00 00 05 f8 07 00 00 06 24 08 00 00 07 da 07 00 00 08 dc 07 00 00 09 fe 07 00 00 0a e9 07 00 00 0b e4 07 00 00 0c 0a 08 00 00 0d e0 07 00 00 0e 33 08 00 00 0f 10 08 00 00
156000,01 74 04 10 00 05 08 00 00 01 ee 07 00 00 02 e2 07 00 00 03 2d 08 00 00 04 07 08 00 00 05 28 08 00 00 06 13 08 00 00 07 d2 07 00 00 08 fb 07 00 00 09 ee 07 00 00 0a 32 08 00 00 0b 16 08 00 00 0c 05 08 00 00 0d 0a 08 00 00 0e 18 08 00 00 0f 21 08 00 00,01 74 04 10 00 05 08 00 00 01 ee 07 00 00 02 e2 07 00 00 03 2d 08 00 00 04 07 08 00 00 05 28 08 00 00 06 13 08 00 00 07 d2 07 00 00 08 fb 07 00 00 09 ee 07 00 00 0a 32 08 00 00 0b 16 08 00 00 0c 05 08 00 00 0d 0a 08 00 00 0e 18 08 00 00 0f 21 08 00 00
156000,01 74 04 10 00 23 08 00 00 01 f8 07 00 00 02 09 08 00 00 03 f6 07 00 00 04 12 08 00 00 05 0c 08 00 00 06 f2 07 00 00 07 2f 08 00 00 08 0d 08 00 00 09 ec 07 00 00 0a f2 07 00 00 0b dc 07 00 00 0c 19 08 00 00 0d f5 07 00 00 0e e0 07 00 00 0f 07 08 00 00,01 74 04 10 00 23 08 00 00 01 f8 07 00 00 02 09 08 00 00 03 f6 07 00 00 04 12 08 00 00 05 0c 08 00 00 06 f2 07 00 00 07 2f 08 00 00 08 0d 08 00 00 09 ec 07 00 00 0a f2 07 00 00 0b dc 07 00 00 0c 19 08 00 00 0d f5 07 00 00 0e e0 07 00 00 0f 07 08 00 00
156000,01 74 04 10 00 f6 07 00 00 01 fc 07 00 00 02 10 08 00 00 03 1c 08 00 00 04 e2 07 00 00 05 0f 08 00 00 06 fd 07 00 00 07 02 08 00 00 08 06 08 00 00 09 ef 07 00 00 0a f9 07 00 00 0b 33 08 00 00 0c d4 07 00 00 0d 05 08 00 00 0e ee 07 00 00 0f 28 08 00 00,01 74 04 10 00 f6 07 00 00 01 fc 07 00 00 02 10 08 00 00 03 1c 08 00 00 04 e2 07 00 00 05 0f 08 00 00 06 fd 07 00 00 07 02 08 00 00 08 06 08 00 00 09 ef 07 00 00 0a f9 07 00 00 0b 33 08 00 00 0c d4 07 00 00 0d 05 08 00 00 0e ee 07 00 00 0f 28 08 00 00
156000,01 74 04 10 00 f9 07 00 00 01 0c 08 00 00 02 28 08 00 00 03 17 08 00 00 04 1a 08 00 00 05 de 07 00 00 06 d1 07 00 00 07 13 08 00 00 08 f1 07 00 00 09 f5 07 00 00 0a d5 07 00 00 0b 10 08 00 00 0c 17 08 00 00 0d e3 07 00 00 0e 1f 08 00 00 0f e1 07 00 00,01 74 04 10 00 f9 07 00 00 01 0c 08 00 00 02 28 08 00 00 03 17 08 00 00 04 1a 08 00 00 05 de 07 00 00 06 d1 07 00 00 07 13 08 00 00 08 f1 07 00 00 09 f5 07 00 00 0a d5 07 00 00 0b 10 08 00 00 0c 17 08 00 00 0d e3 07 00 00 0e 1f 08 00 00 0f e1 07 00 00
156000,01 74 04 10 00 0d 08 00 00 01 07 08 00 00 02 04 08 00 00 03 22 08 00 00 04 f0 07 00 00 05 1a 08 00 00 06 30 08 00 00 07 33 08 00 00 08 1a 08 00 00 09 ed 07 00 00 0a e2 07 00 00 0b 30 08 00 00 0c 2c 08 00 00 0d 00 08 00 00 0e 14 08 00 00 0f 2c 08 00 00,01 74 04 10 00 0d 08 00 00 01 07 08 00 00 02 04 08 00 00 03 22 08 00 00 04 f0 07 00 00 05 1a 08 00 00 06 30 08 00 00 07 33 08 00 00 08 1a 08 00 00 09 ed 07 00 00 0a e2 07 00 00 0b 30 08 00 00 0c 2c 08 00 00 0d 00 08 00 00 0e 14 08 00 00 0f 2c 08 00 00
172000,01 74 04 10 00 e2 07 00 00 01 dd 07 00 00 02 23 08 00 00 03 d8 07 00 00 04 05 08 00 00 05 16 08 00 00 06 fe 07 00 00 07 d6 07 00 00 08 19 08 00 00 09 f2 07 00 00 0a fa 07 00 00 0b fe 07 00 00 0c 05 08 00 00 0d da 07 00 00 0e 26 08 00 00 0f 14 08 00 00,01 74 04 10 00 e2 07 00 00 01 dd 07 00 00 02 23 08 00 00 03 d8 07 00 00 04 05 08 00 00 05 16 08 00 00 06 fe 07 00 00 07 d6 07 00 00 08 19 08 00 00 09 f2 07 00 00 0a fa 07 00 00 0b fe 07 00 00 0c 05 08 00 00 0d da 07 00 00 0e 26 08 00 00 0f 14 08 00 00
172000,01 74 04 10 00 d1 07 00 00 01 f0 07 00 00 02 2b 08 00 00 03 13 08 00 00 04 10 08 00 00 05 0a 08 00 00 06 21 08 00 00 07 20 08 00 00 08 f5 07 00 00 09 29 08 00 00 0a d0 07 00 00 0b 0d 08 00 00 0c fc 07 00 00 0d 0d 08 00 00 0e fc 07 00 00 0f 0e 08 00 00,01 74 04 10 00 d1 07 00 00 01 f0 07 00 00 02 2b 08 00 00 03 13 08 00 00 04 10 08 00 00 05 0a 08 00 00 06 21 08 00 00 07 20 08 00 00 08 f5 07 00 00 09 29 08 00 00 0a d0 07 00 00 0b 0d 08 00 00 0c fc 07 00 00 0d 0d 08 00 00 0e fc 07 00 00 0f 0e 08 00 00
172000,01 74 04 10 00 d6 07 00 00 01 f4 07 00 00 02 1a 08 00 00 03 34 08 00 00 04 14 08 00 00 05 07 08 00 00 06 0a 08 00 00 07 1c 08 00 00 08 0a 08 00 00 09 fe 07 00 00 0a 0d 08 00 00 0b e1 07 00 00 0c d2 07 00 00 0d ff 07 00 00 0e 1d 08 00 00 0f 02 08 00 00,01 74 04 10 00 d6 07 00 00 01 f4 07 00 00 02 1a 08 00 00 03 34 08 00 00 04 14 08 00 00 05 07 08 00 00 06 0a 08 00 00 07 1c 08 00 00 08 0a 08 00 00 09 fe 07 00 00 0a 0d 08 00 00 0b e1 07 00 00 0c d2 07 00 00 0d ff 07 00 00 0e 1d 08 00 00 0f 02 08 00 00
172000,01 74 04 10 00 25 08 00 00 01 e9 07 00 00 02 1d 08 00 00 03 0b 08 00 00 04 32 08 00 00 05 31 08 00 00 06 f2 07 00 00 07 0b 08 00 00 08 06 08 00 00 09 f2 07 00 00 0a ed 07 00 00 0b 04 08 00 00 0c e0 07 00 00 0d 27 08 00 00 0e 0b 08 00 00 0f e7 07 00 00,01 74 04 10 00 25 08 00 00 01 e9 07 00 00 02 1d 08 00 00 03 0b 08 00 00 04 32 08 00 00 05 31 08 00 00 06 f2 07 00 00 07 0b 08 00 00 08 06 08 00 00 09 f2 07 00 00 0a ed 07 00 00 0b 04 08 00 00 0c e0 07 00 00 0d 27 08 00 00 0e 0b 08 00 00 0f e7 07 00 00
172000,01 74 04 10 00 d0 07 00 00 01 f3 07 00 00 02 2e 08 00 00 03 0b 08 00 00 04 f2 07 00 00 05 f1 07 00 00 06 0f 08 00 00 07 15 08 00 00 08 ef 07 00 00 09 d4 07 00 00 0a d7 07 00 00 0b 15 08 00 00 0c 23 08 00 00 0d 09 08 00 00 0e f5 07 00 00 0f 22 08 00 00,01 74 04 10 00 d0 07 00 00 01 f3 07 00 00 02 2e 08 00 00 03 0b 08 00 00 04 f2 07 00 00 05 f1 07 00 00 06 0f 08 00 00 07 15 08 00 00 08 ef 07 00 00 09 d4 07 00 00 0a d7 07 00 00 0b 15 08 00 00 0c 23 08 00 00 0d 09 08 00 00 0e f5 07 00 00 0f 22 08 00 00
172000,01 74 04 10 00 df 07 00 00 01 0b 08 00 00 02 fa 07 00 00 03 34 08 00 00 04 e2 07 00 00 05 dd 07 00 00 06 07 08 00 00 07 d0 07 00 00 08 0b 08 00 00 09 04 08 00 00 0a d4 07 00 00 0b fe 07 00 00 0c ef 07 00 00 0d 34 08 00 00 0e d0 07 00 00 0f 2b 08 00 00,01 74 04 10 00 df 07 00 00 01 0b 08 00 00 02 fa 07 00 00 03 34 08 00 00 04 e2 07 00 00 05 dd 07 00 00 06 07 08 00 00 07 d0 07 00 00 08 0b 08 00 00 09 04 08 00 00 0a d4 07 00 00 0b fe 07 00 00 0c ef 07 00 00 0d 34 08 00 00 0e d0 07 00 00 0f 2b 08 00 00
188000,01 74 04 10 00 14 08 00 00 01 0d 08 00 00 02 ee 07 00 00 03 f5 07 00 00 04 0e 08 00 00 05 10 08 00 00 06 19 08 00 00 07 1a 08 00 00 08 d2 07 00 00 09 28 08 00 00 0a fd 07 00 00 0b fc 07 00 00 0c 03 08 00 00 0d e4 07 00 00 0e 0b 08 00 00 0f e8 07 00 00,01 74 04 10 00 14 08 00 00 01 0d 08 00 00 02 ee 07 00 00 03 f5 07 00 00 04 0e 08 00 00 05 10 08 00 00 06 19 08 00 00 07 1a 08 00 00 08 d2 07 00 00 09 28 08 00 00 0a fd 07 00 00 0b fc 07 00 00 0c 03 08 00 00 0d e4 07 00 00 0e 0b 08 00 00 0f e8 07 00 00
188000,01 74 04 10 00 1c 08 00 00 01 21 08 00 00 02 1c 08 00 00 03 d6 07 00 00 04 15 08 00 00 05 d9 07 00 00 06 17 08 00 00 07 db 07 00 00 08 ee 07 00 00 09 14 08 00 00 0a 21 08 00 00 0b fd 07 00 00 0c 08 08 00 00 0d 04 08 00 00 0e f4 07 00 00 0f 1e 08 00 00,01 74 04 10 00 1c 08 00 00 01 21 08 00 00 02 1c 08 00 00 03 d6 07 00 00 04 15 08 00 00 05 d9 07 00 00 06 17 08 00 00 07 db 07 00 00 08 ee 07 00 00 09 14 08 00 00 0a 21 08 00 00 0b fd 07 00 00 0c 08 08 00 00 0d 04 08 00 00 0e f4 07 00 00 0f 1e 08 00 00
188000,01 74 04 10 00 31 08 00 00 01 2d 08 00 00 02 d9 07 00 00 03 31 08 00 00 04 d3 07 00 00 05 d0 07 00 00 06 d0 07 00 00 07 09 08 00 00 08 f7 07 00 00 09 f9 07 00 00 0a 2e 08 00 00 0b f0 07 00 00 0c da 07 00 00 0d 0a 08 00 00 0e ff 07 00 00 0f 29 08 00 00,01 74 04 10 00 31 08 00 00 01 2d 08 00 00 02 d9 07 00 00 03 31 08 00 00 04 d3 07 00 00 05 d0 07 00 00 06 d0 07 00 00 07 09 08 00 00 08 f7 07 00 00 09 f9 07 00 00 0a 2e 08 00 00 0b f0 07 00 00 0c da 07 00 00 0d 0a 08 00 00 0e ff 07 00 00 0f 29 08 00 00
188000,01 74 04 10 00 19 08 00 00 01 d1 07 00 00 02 d7 07 00 00 03 2f 08 00 00 04 d7 07 00 00 05 16 08 00 00 06 03 08 00 00 07 fb 07 00 00 08 ef 07 00 00 09 1b 08 00 00 0a d6 07 00 00 0b 27 08 00 00 0c 15 08 00 00 0d 1e 08 00 00 0e 28 08 00 00 0f 05 08 00 00,01 74 04 10 00 19 08 00 00 01 d1 07 00 00 02 d7 07 00 00 03 2f 08 00 00 04 d7 07 00 00 05 16 08 00 00 06 03 08 00 00 07 fb 07 00 00 08 ef 07 00 00 09 1b 08 00 00 0a d6 07 00 00 0b 27 08 00 00 0c 15 08 00 00 0d 1e 08 00 00 0e 28 08 00 00 0f 05 08 00 00
188000,01 74 04 10 00 31 08 00 00 01 f4 07 00 00 02 10 08 00 00 03 f4 07 00 00 04 f1 07 00 00 05 1b 08 00 00 06 e8 07 00 00 07 30 08 00 00 08 f5 07 00 00 09 07 08 00 00 0a ff 07 00 00 0b d8 07 00 00 0c e2 07 00 00 0d 16 08 00 00 0e 1b 08 00 00 0f ef 07 00 00,01 74 04 10 00 31 08 00 00 01 f4 07 00 00 02 10 08 00 00 03 f4 07 00 00 04 f1 07 00 00 05 1b 08 00 00 06 e8 07 00 00 07 30 08 00 00 08 f5 07 00 00 09 07 08 00 00 0a ff 07 00 00 0b d8 07 00 00 0c e2 07 00 00 0d 16 08 00 00 0e 1b 08 00 00 0f ef 07 00 00
203000,01 74 04 10 00 0b 08 00 00 01 ff 07 00 00 02 f3 07 00 00 03 ee 07 00 00 04 fb 07 00 00 05 f7 07 00 00 06 23 08 00 00 07 09 08 00 00 08 d7 07 00 00 09 ee 07 00 00 0a 34 08 00 00 0b 25 08 00 00 0c 1a 08 00 00 0d 06 08 00 00 0e 1d 08 00 00 0f f2 07 00 00,01 74 04 10 00 0b 08 00 00 01 ff 07 00 00 02 f3 07 00 00 03 ee 07 00 00 04 fb 07 00 00 05 f7 07 00 00 06 23 08 00 00 07 09 08 00 00 08 d7 07 00 00 09 ee 07 00 00 0a 34 08 00 00 0b 25 08 00 00 0c 1a 08 00 00 0d 06 08 00 00 0e 1d 08 00 00 0f f2 07 00 00
203000,01 74 04 10 00 f4 07 00 00 01 22 08 00 00 02 1f 08 00 00 03 ee 07 00 00 04 13 08 00 00 05 d3 07 00 00 06 06 08 00 00 07 fd 07 00 00 08 d8 07 00 00 09 d9 07 00 00 0a 10 08 00 00 0b e3 07 00 00 0c 1e 08 00 00 0d f5 07 00 00 0e eb 07 00 00 0f 31 08 00 00,01 74 04 10 00 f4 07 00 00 01 22 08 00 00 02 1f 08 00 00 03 ee 07 00 00 04 13 08 00 00 05 d3 07 00 00 06 06 08 00 00 07 fd 07 00 00 08 d8 07 00 00 09 d9 07 00 00 0a 10 08 00 00 0b e3 07 00 00 0c 1e 08 00 00 0d f5 07 00 00 0e eb 07 00 00 0f 31 08 00 00
203000,01 74 04 10 00 1b 08 00 00 01 df 07 00 00 02 fb 07 00 00 03 29 08 00 00 04 11 08 00 00 05 29 08 00 00 06 e3 07 00 00 07 33 08 00 00 08 d8 07 00 00 09 e0 07 00 00 0a d3 07 00 00 0b 1c 08 00 00 0c d3 07 00 00 0d 2b 08 00 00 0e fe 07 00 00 0f e7 07 00 00,01 74 04 10 00 1b 08 00 00 01 df 07 00 00 02 fb 07 00 00 03 29 08 00 00 04 11 08 00 00 05 29 08 00 00 06 e3 07 00 00 07 33 08 00 00 08 d8 07 00 00 09 e0 07 00 00 0a d3 07 00 00 0b 1c 08 00 00 0c d3 07 00 00 0d 2b 08 00 00 0e fe 07 00 00 0f e7 07 00 00
203000,01 74 04 10 00 d4 07 00 00 01 11 08 00 00 02 de 07 00 00 03 f2 07 00 00 04 33 08 00 00 05 0c 08 00 00 06 e3 07 00 00 07 0b 08 00 00 08 0b 08 00 00 09 d1 07 00 00 0a 25 08 00 00 0b 2b 08 00 00 0c d4 07 00 00 0d 2d 08 00 00 0e 2e 08 00 00 0f 2f 08 00 00,01 74 04 10 00 d4 07 00 00 01 11 08 00 00 02 de 07 00 00 03 f2 07 00 00 04 33 08 00 00 05 0c 08 00 00 06 e3 07 00 00 07 0b 08 00 00 08 0b 08 00 00 09 d1 07 00 00 0a 25 08 00 00 0b 2b 08 00 00 0c d4 07 00 00 0d 2d 08 00 00 0e 2e 08 00 00 0f 2f 08 00 00
219000,01 74 04 10 00 d5 07 00 00 01 f7 07 00 00 02 d7 07 00 00 03 20 08 00 00 04 23 08 00 00 05 1f 08 00 00 06 f1 07 00 00 07 d2 07 00 00 08 2d 08 00 00 09 de 07 00 00 0a 09 08 00 00 0b d7 07 00 00 0c f0 07 00 00 0d d4 07 00 00 0e 01 08 00 00 0f ea 07 00 00,01 74 04 10 00 d5 07 00 00 01 f7 07 00 00 02 d7 07 00 00 03 20 08 00 00 04 23 08 00 00 05 1f 08 00 00 06 f1 07 00 00 07 d2 07 00 00 08 2d 08 00 00 09 de 07 00 00 0a 09 08 00 00 0b d7 07 00 00 0c f0 07 00 00 0d d4 07 00 00 0e 01 08 00 00 0f ea 07 00 00
219000,01 74 04 10 00 ef 07 00 00 01 24 08 00 00 02 1a 08 00 00 03 0d 08 00 00 04 d4 07 00 00 05 25 08 00 00 06 e3 07 00 00 07 02 08 00 00 08 10 08 00 00 09 1c 08 00 00 0a e7 07 00 00 0b 10 08 00 00 0c f5 07 00 00 0d fa 07 00 00 0e f3 07 00 00 0f e7 07 00 00,01 74 04 10 00 ef 07 00 00 01 24 08 00 00 02 1a 08 00 00 03 0d 08 00 00 04 d4 07 00 00 05 25 08 00 00 06 e3 07 00 00 07 02 08 00 00 08 10 08 00 00 09 1c 08 00 00 0a e7 07 00 00 0b 10 08 00 00 0c f5 07 00 00 0d fa 07 00 00 0e f3 07 00 00 0f e7 07 00 00
219000,01 74 04 10 00 eb 07 00 00 01 e7 07 00 00 02 07 08 00 00 03 01 08 00 00 04 f7 07 00 00 05 23 08 00 00 06 de 07 00 00 07 16 08 00 00 08 0f 08 00 00 09 2e 08 00 00 0a 21 08 00 00 0b d5 07 00 00 0c 1d 08 00 00 0d 22 08 00 00 0e 05 08 00 00 0f fc 07 00 00,01 74 04 10 00 eb 07 00 00 01 e7 07 00 00 02 07 08 00 00 03 01 08 00 00 04 f7 07 00 00 05 23 08 00 00 06 de 07 00 00 07 16 08 00 00 08 0f 08 00 00 09 2e 08 00 00 0a 21 08 00 00 0b d5 07 00 00 0c 1d 08 00 00 0d 22 08 00 00 0e 05 08 00 00 0f fc 07 00 00
219000,01 74 04 10 00 d1 07 00 00 01 f5 07 00 00 02 ff 07 00 00 03 1b 08 00 00 04 f2 07 00 00 05 1b 08 00 00 06 fc 07 00 00 07 08 08 00 00 08 32 08 00 00 09 05 08 00 00 0a e1 07 00 00 0b de 07 00 00 0c 15 08 00 00 0d 31 08 00 00 0e f8 07 00 00 0f 19 08 00 00,01 74 04 10 00 d1 07 00 00 01 f5 07 00 00 02 ff 07 00 00 03 1b 08 00 00 04 f2 07 00 00 05 1b 08 00 00 06 fc 07 00 00 07 08 08 00 00 08 32 08 00 00 09 05 08 00 00 0a e1 07 00 00 0b de 07 00 00 0c 15 08 00 00 0d 31 08 00 00 0e f8 07 00 00 0f 19 08 00 00
219000,01 74 04 10 00 01 08 00 00 01 33 08 00 00 02 d4 07 00 00 03 05 08 00 00 04 eb 07 00 00 05 db 07 00 00 06 f3 07 00 00 07 07 08 00 00 08 e0 07 00 00 09 2e 08 00 00 0a 03 08 00 00 0b 0a 08 00 00 0c 13 08 00 00 0d 12 08 00 00 0e e1 07 00 00 0f 06 08 00 00,01 74 04 10 00 01 08 00 00 01 33 08 00 00 02 d4 07 00 00 03 05 08 00 00 04 eb 07 00 00 05 db 07 00 00 06 f3 07 00 00 07 07 08 00 00 08 e0 07 00 00 09 2e 08 00 00 0a 03 08 00 00 0b 0a 08 00 00 0c 13 08 00 00 0d 12 08 00 00 0e e1 07 00 00 0f 06 08 00 00
219000,01 74 04 10 00 2e 08 00 00 01 21 08 00 00 02 19 08 00 00 03 e9 07 00 00 04 0a 08 00 00 05 e5 07 00 00 06 ef 07 00 00 07 1e 08 00 00 08 15 08 00 00 09 e2 07 00 00 0a 20 08 00 00 0b 1d 08 00 00 0c d4 07 00 00 0d ec 07 00 00 0e 1a 08 00 00 0f db 07 00 00,01 74 04 10 00 2e 08 00 00 01 21 08 00 00 02 19 08 00 00 03 e9 07 00 00 04 0a 08 00 00 05 e5 07 00 00 06 ef 07 00 00 07 1e 08 00 00 08 15 08 00 00 09 e2 07 00 00 0a 20 08 00 00 0b 1d 08 00 00 0c d4 07 00 00 0d ec 07 00 00 0e 1a 08 00 00 0f db 07 00 00
234000,01 74 04 10 00 f3 07 00 00 01 24 08 00 00 02 f5 07 00 00 03 e0 07 00 00 04 d8 07 00 00 05 e8 07 00 00 06 07 08 00 00 07 f1 07 00 00 08 d4 07 00 00 09 08 08 00 00 0a df 07 00 00 0b 23 08 00 00 0c d0 07 00 00 0d ef 07 00 00 0e ff 07 00 00 0f 00 08 00 00,01 74 04 10 00 f3 07 00 00 01 24 08 00 00 02 f5 07 00 00 03 e0 07 00 00 04 d8 07 00 00 05 e8 07 00 00 06 07 08 00 00 07 f1 07 00 00 08 d4 07 00 00 09 08 08 00 00 0a df 07 00 00 0b 23 08 00 00 0c d0 07 00 00 0d ef 07 00 00 0e ff 07 00 00 0f 00 08 00 00
234000,01 74 04 10 00 d2 07 00 00 01 e6 07 00 00 02 2e 08 00 00 03 00 08 00 00 04 0c 08 00 00 05 09 08 00 00 06 e1 07 00 00 07 ed 07 00 00 08 e6 07 00 00 09 dc 07 00 00 0a d9 07 00 00 0b 21 08 00 00 0c 29 08 00 00 0d 17 08 00 00 0e 18 08 00 00 0f 14 08 00 00,01 74 04 10 00 d2 07 00 00 01 e6 07 00 00 02 2e 08 00 00 03 00 08 00 00 04 0c 08 00 00 05 09 08 00 00 06 e1 07 00 00 07 ed 07 00 00 08 e6 07 00 00 09 dc 07 00 00 0a d9 07 00 00 0b 21 08 00 00 0c 29 08 00 00 0d 17 08 00 00 0e 18 08 00 00 0f 14 08 00 00
234000,01 74 04 10 00 0e 08 00 00 01 21 08 00 00 02 1c 08 00 00 03 1e 08 00 00 04 0a 08 00 00 05 da 07 00 00 06 0a 08 00 00 07 f7 07 00 00 08 2a 08 00 00 09 1e 08 00 00 0a 0f 08 00 00 0b 12 08 00 00 0c d4 07 00 00 0d 2e 08 00 00 0e ed 07 00 00 0f fb 07 00 00,01 74 04 10 00 0e 08 00 00 01 21 08 00 00 02 1c 08 00 00 03 1e 08 00 00 04 0a 08 00 00 05 da 07 00 00 06 0a 08 00 00 07 f7 07 00 00 08 2a 08 00 00 09 1e 08 00 00 0a 0f 08 00 00 0b 12 08 00 00 0c d4 07 00 00 0d 2e 08 00 00 0e ed 07 00 00 0f fb 07 00 00
234000,01 74 04 10 00 30 08 00 00 01 d9 07 00 00 02 01 08 00 00 03 1b 08 00 00 04 02 08 00 00 05 e0 07 00 00 06 16 08 00 00 07 f6 07 00 00 08 04 08 00 00 09 2f 08 00 00 0a f7 07 00 00 0b 0d 08 00 00 0c 07 08 00 00 0d dc 07 00 00 0e 2a 08 00 00 0f 29 08 00 00,01 74 04 10 00 30 08 00 00 01 d9 07 00 00 02 01 08 00 00 03 1b 08 00 00 04 02 08 00 00 05 e0 07 00 00 06 16 08 00 00 07 f6 07 00 00 08 04 08 00 00 09 2f 08 00 00 0a f7 07 00 00 0b 0d 08 00 00 0c 07 08 00 00 0d dc 07 00 00 0e 2a 08 00 00 0f 29 08 00 00
234000,01 74 04 10 00 2a 08 00 00 01 2d 08 00 00 02 f5 07 00 00 03 eb 07 00 00 04 d1 07 00 00 05 08 08 00 00 06 23 08 00 00 07 07 08 00 00 08 e1 07 00 00 09 f7 07 00 00 0a 1b 08 00 00 0b 2f 08 00 00 0c ff 07 00 00 0d 05 08 00 00 0e e9 07 00 00 0f e2 07 00 00,01 74 04 10 00 2a 08 00 00 01 2d 08 00 00 02 f5 07 00 00 03 eb 07 00 00 04 d1 07 00 00 05 08 08 00 00 06 23 08 00 00 07 07 08 00 00 08 e1 07 00 00 09 f7 07 00 00 0a 1b 08 00 00 0b 2f 08 00 00 0c ff 07 00 00 0d 05 08 00 00 0e e9 07 00 00 0f e2 07 00 00
250000,01 74 04 10 00 15 08 00 00 01 08 08 00 00 02 06 08 00 00 03 00 08 00 00 04 23 08 00 00 05 26 08 00 00 06 0d 08 00 00 07 f2 07 00 00 08 03 08 00 00 09 db 07 00 00 0a fd 07 00 00 0b 25 08 00 00 0c de 07 00 00 0d 24 08 00 00 0e 2e 08 00 00 0f 23 08 00 00,01 74 04 10 00 15 08 00 00 01 08 08 00 00 02 06 08 00 00 03 00 08 00 00 04 23 08 00 00 05 26 08 00 00 06 0d 08 00 00 07 f2 07 00 00 08 03 08 00 00 09 db 07 00 00 0a fd 07 00 00 0b 25 08 00 00 0c de 07 00 00 0d 24 08 00 00 0e 2e 08 00 00 0f 23 08 00 00
250000,01 74 04 10 00 f9 07 00 00 01 07 08 00 00 02 d3 07 00 00 03 25 08 00 00 04 28 08 00 00 05 e9 07 00 00 06 d7 07 00 00 07 f2 07 00 00 08 d0 07 00 00 09 12 08 00 00 0a 0a 08 00 00 0b 1b 08 00 00 0c da 07 00 00 0d 24 08 00 00 0e fa 07 00 00 0f e3 07 00 00,01 74 04 10 00 f9 07 00 00 01 07 08 00 00 02 d3 07 00 00 03 25 08 00 00 04 28 08 00 00 05 e9 07 00 00 06 d7 07 00 00 07 f2 07 00 00 08 d0 07 00 00 09 12 08 00 00 0a 0a 08 00 00 0b 1b 08 00 00 0c da 07 00 00 0d 24 08 00 00 0e fa 07 00 00 0f e3 07 00 00
250000,01 74 04 10 00 0c 08 00 00 01 08 08 00 00 02 f8 07 00 00 03 28 08 00 00 04 df 07 00 00 05 1a 08 00 00 06 09 08 00 00 07 26 08 00 00 08 27 08 00 00 09 33 08 00 00 0a e5 07 00 00 0b 11 08 00 00 0c 03 08 00 00 0d 03 08 00 00 0e ef 07 00 00 0f fd 07 00 00,01 74 04 10 00 0c 08 00 00 01 08 08 00 00 02 f8 07 00 00 03 28 08 00 00 04 df 07 00 00 05 1a 08 00 00 06 09 08 00 00 07 26 08 00 00 08 27 08 00 00 09 33 08 00 00 0a e5 07 00 00 0b 11 08 00 00 0c 03 08 00 00 0d 03 08 00 00 0e ef 07 00 00 0f fd 07 00 00
250000,01 74 04 10 00 d6 07 00 00 01 28 08 00 00 02 e3 07 00 00 03 ea 07 00 00 04 17 08 00 00 05 f7 07 00 00 06 fd 07 00 00 07 da 07 00 00 08 ee 07 00 00 09 0c 08 00 00 0a de 07 00 00 0b 0b 08 00 00 0c 0d 08 00 00 0d ed 07 00 00 0e 1a 08 00 00 0f 1f 08 00 00,01 74 04 10 00 d6 07 00 00 01 28 08 00 00 02 e3 07 00 00 03 ea 07 00 00 04 17 08 00 00 05 f7 07 00 00 06 fd 07 00 00 07 da 07 00 00 08 ee 07 00 00 09 0c 08 00 00 0a de 07 00 00 0b 0b 08 00 00 0c 0d 08 00 00 0d ed 07 00 00 0e 1a 08 00 00 0f 1f 08 00 00
250000,01 74 04 10 00 1c 08 00 00 01 f2 07 00 00 02 d8 07 00 00 03 18 08 00 00 04 0a 08 00 00 05 fc 07 00 00 06 d4 07 00 00 07 e1 07 00 00 08 09 08 00 00 09 e7 07 00 00 0a 27 08 00 00 0b dd 07 00 00 0c 0e 08 00 00 0d fb 07 00 00 0e 17 08 00 00 0f fe 07 00 00,01 74 04 10 00 1c 08 00 00 01 f2 07 00 00 02 d8 07 00 00 03 18 08 00 00 04 0a 08 00 00 05 fc 07 00 00 06 d4 07 00 00 07 e1 07 00 00 08 09 08 00 00 09 e7 07 00 00 0a 27 08 00 00 0b dd 07 00 00 0c 0e 08 00 00 0d fb 07 00 00 0e 17 08 00 00 0f fe 07 00 00
266000,01 74 04 10 00 14 08 00 00 01 2d 08 00 00 02 e0 07 00 00 03 fb 07 00 00 04 f4 07 00 00 05 e3 07 00 00 06 1f 08 00 00 07 29 08 00 00 08 1f 08 00 00 09 30 08 00 00 0a e5 07 00 00 0b 34 08 00 00 0c 14 08 00 00 0d 2b 08 00 00 0e dd 07 00 00 0f f2 07 00 00,01 74 04 10 00 14 08 00 00 01 2d 08 00 00 02 e0 07 00 00 03 fb 07 00 00 04 f4 07 00 00 05 e3 07 00 00 06 1f 08 00 00 07 29 08 00 00 08 1f 08 00 00 09 30 08 00 00 0a e5 07 00 00 0b 34 08 00 00 0c 14 08 00 00 0d 2b 08 00 00 0e dd 07 00 00 0f f2 07 00 00
266000,01 74 04 10 00 f9 07 00 00 01 21 08 00 00 02 21 08 00 00 03 da 07 00 00 04 0d 08 00 00 05 25 08 00 00 06 11 08 00 00 07 ee 07 00 00 08 11 08 00 00 09 fc 07 00 00 0a db 07 00 00 0b 06 08 00 00 0c e9 07 00 00 0d f6 07 00 00 0e dc 07 00 00 0f 1c 08 00 00,01 74 04 10 00 f9 07 00 00 01 21 08 00 00 02 21 08 00 00 03 da 07 00 00 04 0d 08 00 00 05 25 08 00 00 06 11 08 00 00 07 ee 07 00 00 08 11 08 00 00 09 fc 07 00 00 0a db 07 00 00 0b 06 08 00 00 0c e9 07 00 00 0d f6 07 00 00 0e dc 07 00 00 0f 1c 08 00 00
266000,01 74 04 10 00 2b 08 00 00 01 f8 07 00 00 02 32 08 00 00 03 2c 08 00 00 04 32 08 00 00 05 0e 08 00 00 06 03 08 00 00 07 ed 07 00 00 08 2c 08 00 00 09 28 08 00 00 0a d0 07 00 00 0b 24 08 00 00 0c 17 08 00 00 0d d9 07 00 00 0e fc 07 00 00 0f dd 07 00 00,01 74 04 10 00 2b 08 00 00 01 f8 07 00 00 02 32 08 00 00 03 2c 08 00 00 04 32 08 00 00 05 0e 08 00 00 06 03 08 00 00 07 ed 07 00 00 08 2c 08 00 00 09 28 08 00 00 0a d0 07 00 00 0b 24 08 00 00 0c 17 08 00 00 0d d9 07 00 00 0e fc 07 00 00 0f dd 07 00 00
266000,01 74 04 10 00 1c 08 00 00 01 e9 07 00 00 02 ff 07 00 00 03 d0 07 00 00 04 fe 07 00 00 05 d5 07 00 00 06 e5 07 00 00 07 21 08 00 00 08 fe 07 00 00 09 28 08 00 00 0a ed 07 00 00 0b 0d 08 00 00 0c 34 08 00 00 0d ea 07 00 00 0e 00 08 00 00 0f 1b 08 00 00,01 74 04 10 00 1c 08 00 00 01 e9 07 00 00 02 ff 07 00 00 03 d0 07 00 00 04 fe 07 00 00 05 d5 07 00 00 06 e5 07 00 00 07 21 08 00 00 08 fe 07 00 00 09 28 08 00 00 0a ed 07 00 00 0b 0d 08 00 00 0c 34 08 00 00 0d ea 07 00 00 0e 00 08 00 00 0f 1b 08 00 00
266000,01 74 04 10 00 28 08 00 00 01 08 08 00 00 02 d4 07 00 00 03 d7 07 00 00 04 ea 07 00 00 05 ee 07 00 00 06 f3 07 00 00 07 15 08 00 00 08 f9 07 00 00 09 33 08 00 00 0a dd 07 00 00 0b f2 07 00 00 0c dd 07 00 00 0d e1 07 00 00 0e 09 08 00 00 0f 30 08 00 00,01 74 04 10 00 28 08 00 00 01 08 08 00 00 02 d4 07 00 00 03 d7 07 00 00 04 ea 07 00 00 05 ee 07 00 00 06 f3 07 00 00 07 15 08 00 00 08 f9 07 00 00 09 33 08 00 00 0a dd 07 00 00 0b f2 07 00 00 0c dd 07 00 00 0d e1 07 00 00 0e 09 08 00 00 0f 30 08 00 00
281000,01 74 04 10 00 ea 07 00 00 01 2e 08 00 00 02 df 07 00 00 03 df 07 00 00 04 22 08 00 00 05 18 08 00 00 06 09 08 00 00 07 2a 08 00 00 08 26 08 00 00 09 32 08 00 00 0a e3 07 00 00 0b ef 07 00 00 0c 1a 08 00 00 0d ec 07 00 00 0e 2b 08 00 00 0f d4 07 00 00,01 74 04 10 00 ea 07 00 00 01 2e 08 00 00 02 df 07 00 00 03 df 07 00 00 04 22 08 00 00 05 18 08 00 00 06 09 08 00 00 07 2a 08 00 00 08 26 08 00 00 09 32 08 00 00 0a e3 07 00 00 0b ef 07 00 00 0c 1a 08 00 00 0d ec 07 00 00 0e 2b 08 00 00 0f d4 07 00 00
281000,01 74 04 10 00 f7 07 00 00 01 de 07 00 00 02 34 08 00 00 03 f0 07 00 00 04 0a 08 00 00 05 24 08 00 00 06 f0 07 00 00 07 21 08 00 00 08 d6 07 00 00 09 2d 08 00 00 0a 2c 08 00 00 0b 26 08 00 00 0c f1 07 00 00 0d f6 07 00 00 0e 0e 08 00 00 0f ee 07 00 00,01 74 04 10 00 f7 07 00 00 01 de 07 00 00 02 34 08 00 00 03 f0 07 00 00 04 0a 08 00 00 05 24 08 00 00 06 f0 07 00 00 07 21 08 00 00 08 d6 07 00 00 09 2d 08 00 00 0a 2c 08 00 00 0b 26 08 00 00 0c f1 07 00 00 0d f6 07 00 00 0e 0e 08 00 00 0f ee 07 00 00
281000,01 74 04 10 00 30 08 00 00 01 34 08 00 00 02 f1 07 00 00 03 1e 08 00 00 04 da 07 00 00 05 16 08 00 00 06 2e 08 00 00 07 f9 07 00 00 08 dd 07 00 00 09 30 08 00 00 0a 10 08 00 00 0b ff 07 00 00 0c 05 08 00 00 0d 19 08 00 00 0e e8 07 00 00 0f ea 07 00 00,01 74 04 10 00 30 08 00 00 01 34 08 00 00 02 f1 07 00 00 03 1e 08 00 00 04 da 07 00 00 05 16 08 00 00 06 2e 08 00 00 07 f9 07 00 00 08 dd 07 00 00 09 30 08 00 00 0a 10 08 00 00 0b ff 07 00 00 0c 05 08 00 00 0d 19 08 00 00 0e e8 07 00 00 0f ea 07 00 00
281000,01 74 04 10 00 34 08 00 00 01 24 08 00 00 02 09 08 00 00 03 e3 07 00 00 04 1a 08 00 00 05 03 08 00 00 06 f9 07 00 00 07 fa 07 00 00 08 ef 07 00 00 09 0f 08 00 00 0a da 07 00 00 0b 0f 08 00 00 0c f2 07 00 00 0d f0 07 00 00 0e 01 08 00 00 0f 07 08 00 00,01 74 04 10 00 34 08 00 00 01 24 08 00 00 02 09 08 00 00 03 e3 07 00 00 04 1a 08 00 00 05 03 08 00 00 06 f9 07 00 00 07 fa 07 00 00 08 ef 07 00 00 09 0f 08 00 00 0a da 07 00 00 0b 0f 08 00 00 0c f2 07 00 00 0d f0 07 00 00 0e 01 08 00 00 0f 07 08 00 00
281000,01 74 04 10 00 0a 08 00 00 01 1f 08 00 00 02 2d 08 00 00 03 f0 07 00 00 04 ee 07 00 00 05 ec 07 00 00 06 f6 07 00 00 07 dc 07 00 00 08 d5 07 00 00 09 1a 08 00 00 0a 2c 08 00 00 0b 24 08 00 00 0c e5 07 00 00 0d 2a 08 00 00 0e f6 07 00 00 0f e7 07 00 00,01 74 04 10 00 0a 08 00 00 01 1f 08 00 00 02 2d 08 00 00 03 f0 07 00 00 04 ee 07 00 00 05 ec 07 00 00 06 f6 07 00 00 07 dc 07 00 00 08 d5 07 00 00 09 1a 08 00 00 0a 2c 08 00 00 0b 24 08 00 00 0c e5 07 00 00 0d 2a 08 00 00 0e f6 07 00 00 0f e7 07 00 00
297000,01 74 04 10 00 10 08 00 00 01 f0 07 00 00 02 30 08 00 00 03 d5 07 00 00 04 d0 07 00 00 05 2b 08 00 00 06 08 08 00 00 07 f9 07 00 00 08 dd 07 00 00 09 f0 07 00 00 0a 1b 08 00 00 0b 01 08 00 00 0c 08 08 00 00 0d 06 08 00 00 0e db 07 00 00 0f 1c 08 00 00,01 74 04 10 00 10 08 00 00 01 f0 07 00 00 02 30 08 00 00 03 d5 07 00 00 04 d0 07 00 00 05 2b 08 00 00 06 08 08 00 00 07 f9 07 00 00 08 dd 07 00 00 09 f0 07 00 00 0a 1b 08 00 00 0b 01 08 00 00 0c 08 08 00 00 0d 06 08 00 00 0e db 07 00 00 0f 1c 08 00 00
297000,01 74 04 10 00 d7 07 00 00 01 12 08 00 00 02 d2 07 00 00 03 2b 08 00 00 04 10 08 00 00 05 f2 07 00 00 06 20 08 00 00 07 1d 08 00 00 08 29 08 00 00 09 27 08 00 00 0a 0e 08 00 00 0b 1d 08 00 00 0c 1d 08 00 00 0d 0f 08 00 00 0e d7 07 00 00 0f d9 07 00 00,01 74 04 10 00 d7 07 00 00 01 12 08 00 00 02 d2 07 00 00 03 2b 08 00 00 04 10 08 00 00 05 f2 07 00 00 06 20 08 00 00 07 1d 08 00 00 08 29 08 00 00 09 27 08 00 00 0a 0e 08 00 00 0b 1d 08 00 00 0c 1d 08 00 00 0d 0f 08 00 00 0e d7 07 00 00 0f d9 07 00 00
297000,01 74 04 10 00 d9 07 00 00 01 d8 07 00 00 02 fe 07 00 00 03 e1 07 00 00 04 0d 08 00 00 05 00 08 00 00 06 d5 07 00 00 07 d4 07 00 00 08 06 08 00 00 09 19 08 00 00 0a 33 08 00 00 0b 0d 08 00 00 0c 0e 08 00 00 0d 1e 08 00 00 0e 20 08 00 00 0f e9 07 00 00,01 74 04 10 00 d9 07 00 00 01 d8 07 00 00 02 fe 07 00 00 03 e1 07 00 00 04 0d 08 00 00 05 00 08 00 00 06 d5 07 00 00 07 d4 07 00 00 08 06 08 00 00 09 19 08 00 00 0a 33 08 00 00 0b 0d 08 00 00 0c 0e 08 00 00 0d 1e 08 00 00 0e 20 08 00 00 0f e9 07 00 00
297000,01 74 04 10 00 ec 07 00 00 01 dd 07 00 00 02 0f 08 00 00 03 df 07 00 00 04 1f 08 00 00 05 1b 08 00 00 06 f3 07 00 00 07 2c 08 00 00 08 eb 07 00 00 09 e5 07 00 00 0a 33 08 00 00 0b 1e 08 00 00 0c e9 07 00 00 0d e0 07 00 00 0e eb 07 00 00 0f d9 07 00 00,01 74 04 10 00 ec 07 00 00 01 dd 07 00 00 02 0f 08 00 00 03 df 07 00 00 04 1f 08 00 00 05 1b 08 00 00 06 f3 07 00 00 07 2c 08 00 00 08 eb 07 00 00 09 e5 07 00 00 0a 33 08 00 00 0b 1e 08 00 00 0c e9 07 00 00 0d e0 07 00 00 0e eb 07 00 00 0f d9 07 00 00
297000,01 74 04 10 00 31 08 00 00 01 fb 07 00 00 02 0a 08 00 00 03 06 08 00 00 04 da 07 00 00 05 30 08 00 00 06 32 08 00 00 07 07 08 00 00 08 ff 07 00 00 09 db 07 00 00 0a 01 08 00 00 0b fc 07 00 00 0c 29 08 00 00 0d d9 07 00 00 0e 27 08 00 00 0f f1 07 00 00,01 74 04 10 00 31 08 00 00 01 fb 07 00 00 02 0a 08 00 00 03 06 08 00 00 04 da 07 00 00 05 30 08 00 00 06 32 08 00 00 07 07 08 00 00 08 ff 07 00 00 09 db 07 00 00 0a 01 08 00 00 0b fc 07 00 00 0c 29 08 00 00 0d d9 07 00 00 0e 27 08 00 00 0f f1 07 00 00
313000,01 74 04 10 00 31 08 00 00 01 d5 07 00 00 02 d5 07 00 00 03 05 08 00 00 04 06 08 00 00 05 2e 08 00 00 06 0c 08 00 00 07 d3 07 00 00 08 f8 07 00 00 09 f1 07 00 00 0a 32 08 00 00 0b 01 08 00 00 0c e2 07 00 00 0d 08 08 00 00 0e fb 07 00 00 0f fd 07 00 00,01 74 04 10 00 31 08 00 00 01 d5 07 00 00 02 d5 07 00 00 03 05 08 00 00 04 06 08 00 00 05 2e 08 00 00 06 0c 08 00 00 07 d3 07 00 00 08 f8 07 00 00 09 f1 07 00 00 0a 32 08 00 00 0b 01 08 00 00 0c e2 07 00 00 0d 08 08 00 00 0e fb 07 00 00 0f fd 07 00 00
313000,01 74 04 10 00 f6 07 00 00 01 0d 08 00 00 02 23 08 00 00 03 2e 08 00 00 04 11 08 00 00 05 2f 08 00 00 06 24 08 00 00 07 0c 08 00 00 08 d7 07 00 00 09 e9 07 00 00 0a 10 08 00 00 0b fb 07 00 00 0c 1a 08 00 00 0d 31 08 00 00 0e 1d 08 00 00 0f 0e 08 00 00,01 74 04 10 00 f6 07 00 00 01 0d 08 00 00 02 23 08 00 00 03 2e 08 00 00 04 11 08 00 00 05 2f 08 00 00 06 24 08 00 00 07 0c 08 00 00 08 d7 07 00 00 09 e9 07 00 00 0a 10 08 00 00 0b fb 07 00 00 0c 1a 08 00 00 0d 31 08 00 00 0e 1d 08 00 00 0f 0e 08 00 00
313000,01 74 04 10 00 05 08 00 00 01 01 08 00 00 02 14 08 00 00 03 f5 07 00 00 04 e3 07 00 00 05 dd 07 00 00 06 e2 07 00 00 07 1b 08 00 00 08 d2 07 00 00 09 0e 08 00 00 0a 34 08 00 00 0b 2d 08 00 00 0c 30 08 00 00 0d f2 07 00 00 0e 12 08 00 00 0f e6 07 00 00,01 74 04 10 00 05 08 00 00 01 01 08 00 00 02 14 08 00 00 03 f5 07 00 00 04 e3 07 00 00 05 dd 07 00 00 06 e2 07 00 00 07 1b 08 00 00 08 d2 07 00 00 09 0e 08 00 00 0a 34 08 00 00 0b 2d 08 00 00 0c 30 08 00 00 0d f2 07 00 00 0e 12 08 00 00 0f e6 07 00 00
313000,01 74 04 10 00 d5 07 00 00 01 ed 07 00 00 02 fc 07 00 00 03 17 08 00 00 04 32 08 00 00 05 dc 07 00 00 06 22 08 00 00 07 df 07 00 00 08 f6 07 00 00 09 1b 08 00 00 0a 20 08 00 00 0b dd 07 00 00 0c 31 08 00 00 0d 1e 08 00 00 0e d2 07 00 00 0f 22 08 00 00,01 74 04 10 00 d5 07 00 00 01 ed 07 00 00 02 fc 07 00 00 03 17 08 00 00 04 32 08 00 00 05 dc 07 00 00 06 22 08 00 00 07 df 07 00 00 08 f6 07 00 00 09 1b 08 00 00 0a 20 08 00 00 0b dd 07 00 00 0c 31 08 00 00 0d 1e 08 00 00 0e d2 07 00 00 0f 22 08 00 00
313000,01 74 04 10 00 0c 08 00 00 01 e7 07 00 00 02 f9 07 00 00 03 33 08 00 00 04 0c 08 00 00 05 f5 07 00 00 06 08 08 00 00 07 1b 08 00 00 08 11 08 00 00 09 eb 07 00 00 0a fe 07 00 00 0b fb 07 00 00 0c 0a 08 00 00 0d da 07 00 00 0e fa 07 00 00 0f 2f 08 00 00,01 74 04 10 00 0c 08 00 00 01 e7 07 00 00 02 f9 07 00 00 03 33 08 00 00 04 0c 08 00 00 05 f5 07 00 00 06 08 08 00 00 07 1b 08 00 00 08 11 08 00 00 09 eb 07 00 00 0a fe 07 00 00 0b fb 07 00 00 0c 0a 08 00 00 0d da 07 00 00 0e fa 07 00 00 0f 2f 08 00 00
328000,01 74 04 10 00 e9 07 00 00 01 2f 08 00 00 02 27 08 00 00 03 32 08 00 00 04 fb 07 00 00 05 24 08 00 00 06 01 08 00 00 07 ee 07 00 00 08 2c 08 00 00 09 03 08 00 00 0a d0 07 00 00 0b 07 08 00 00 0c 0d 08 00 00 0d e6 07 00 00 0e 04 08 00 00 0f 03 08 00 00,01 74 04 10 00 e9 07 00 00 01 2f 08 00 00 02 27 08 00 00 03 32 08 00 00 04 fb 07 00 00 05 24 08 00 00 06 01 08 00 00 07 ee 07 00 00 08 2c 08 00 00 09 03 08 00 00 0a d0 07 00 00 0b 07 08 00 00 0c 0d 08 00 00 0d e6 07 00 00 0e 04 08 00 00 0f 03 08 00 00
328000,01 74 04 10 00 01 08 00 00 01 03 08 00 00 02 ef 07 00 00 03 d9 07 00 00 04 1e 08 00 00 05 33 08 00 00 06 f5 07 00 00 07 fd 07 00 00 08 d7 07 00 00 09 e2 07 00 00 0a 23 08 00 00 0b f9 07 00 00 0c d2 07 00 00 0d d0 07 00 00 0e 22 08 00 00 0f 15 08 00 00,01 74 04 10 00 01 08 00 00 01 03 08 00 00 02 ef 07 00 00 03 d9 07 00 00 04 1e 08 00 00 05 33 08 00 00 06 f5 07 00 00 07 fd 07 00 00 08 d7 07 00 00 09 e2 07 00 00 0a 23 08 00 00 0b f9 07 00 00 0c d2 07 00 00 0d d0 07 00 00 0e 22 08 00 00 0f 15 08 00 00
328000,01 74 04 10 00 d1 07 00 00 01 f3 07 00 00 02 fe 07 00 00 03 0d 08 00 00 04 f8 07 00 00 05 df 07 00 00 06 0b 08 00 00 07 d0 07 00 00 08 25 08 00 00 09 d4 07 00 00 0a db 07 00 00 0b d9 07 00 00 0c 13 08 00 00 0d e6 07 00 00 0e f7 07 00 00 0f 29 08 00 00,01 74 04 10 00 d1 07 00 00 01 f3 07 00 00 02 fe 07 00 00 03 0d 08 00 00 04 f8 07 00 00 05 df 07 00 00 06 0b 08 00 00 07 d0 07 00 00 08 25 08 00 00 09 d4 07 00 00 0a db 07 00 00 0b d9 07 00 00 0c 13 08 00 00 0d e6 07 00 00 0e f7 07 00 00 0f 29 08 00 00
328000,01 74 04 10 00 d3 07 00 00 01 29 08 00 00 02 02 08 00 00 03 f2 07 00 00 04 27 08 00 00 05 f0 07 00 00 06 2d 08 00 00 07 d9 07 00 00 08 0f 08 00 00 09 1a 08 00 00 0a 1e 08 00 00 0b 0f 08 00 00 0c ed 07 00 00 0d 23 08 00 00 0e e4 07 00 00 0f fd 07 00 00,01 74 04 10 00 d3 07 00 00 01 29 08 00 00 02 02 08 00 00 03 f2 07 00 00 04 27 08 00 00 05 f0 07 00 00 06 2d 08 00 00 07 d9 07 00 00 08 0f 08 00 00 09 1a 08 00 00 0a 1e 08 00 00 0b 0f 08 00 00 0c ed 07 00 00 0d 23 08 00 00 0e e4 07 00 00 0f fd 07 00 00
344000,01 74 04 10 00 e2 07 00 00 01 1f 08 00 00 02 f3 07 00 00 03 33 08 00 00 04 29 08 00 00 05 30 08 00 00 06 32 08 00 00 07 dd 07 00 00 08 e2 07 00 00 09 dd 07 00 00 0a 2c 08 00 00 0b 1f 08 00 00 0c 00 08 00 00 0d 1d 08 00 00 0e 08 08 00 00 0f 07 08 00 00,01 74 04 10 00 e2 07 00 00 01 1f 08 00 00 02 f3 07 00 00 03 33 08 00 00 04 29 08 00 00 05 30 08 00 00 06 32 08 00 00 07 dd 07 00 00 08 e2 07 00 00 09 dd 07 00 00 0a 2c 08 00 00 0b 1f 08 00 00 0c 00 08 00 00 0d 1d 08 00 00 0e 08 08 00 00 0f 07 08 00 00
344000,01 74 04 10 00 33 08 00 00 01 d8 07 00 00 02 1f 08 00 00 03 ec 07 00 00 04 ec 07 00 00 05 11 08 00 00 06 db 07 00 00 07 db 07 00 00 08 19 08 00 00 09 2a 08 00 00 0a e2 07 00 00 0b dc 07 00 00 0c 0e 08 00 00 0d fb 07 00 00 0e fc 07 00 00 0f 09 08 00 00,01 74 04 10 00 33 08 00 00 01 d8 07 00 00 02 1f 08 00 00 03 ec 07 00 00 04 ec 07 00 00 05 11 08 00 00 06 db 07 00 00 07 db 07 00 00 08 19 08 00 00 09 2a 08 00 00 0a e2 07 00 00 0b dc 07 00 00 0c 0e 08 00 00 0d fb 07 00 00 0e fc 07 00 00 0f 09 08 00 00
344000,01 74 04 10 00 ec 07 00 00 01 e4 07 00 00 02 25 08 00 00 03 17 08 00 00 04 29 08 00 00 05 0d 08 00 00 06 da 07 00 00 07 1f 08 00 00 08 d5 07 00 00 09 31 08 00 00 0a f9 07 00 00 0b 21 08 00 00 0c e2 07 00 00 0d e2 07 00 00 0e de 07 00 00 0f 07 08 00 00,01 74 04 10 00 ec 07 00 00 01 e4 07 00 00 02 25 08 00 00 03 17 08 00 00 04 29 08 00 00 05 0d 08 00 00 06 da 07 00 00 07 1f 08 00 00 08 d5 07 00 00 09 31 08 00 00 0a f9 07 00 00 0b 21 08 00 00 0c e2 07 00 00 0d e2 07 00 00 0e de 07 00 00 0f 07 08 00 00
344000,01 74 04 10 00 1a 08 00 00 01 e5 07 00 00 02 e8 07 00 00 03 12 08 00 00 04 24 08 00 00 05 02 08 00 00 06 1c 08 00 00 07 d9 07 00 00 08 2a 08 00 00 09 26 08 00 00 0a d5 07 00 00 0b f2 07 00 00 0c 17 08 00 00 0d eb 07 00 00 0e fd 07 00 00 0f f1 07 00 00,01 74 04 10 00 1a 08 00 00 01 e5 07 00 00 02 e8 07 00 00 03 12 08 00 00 04 24 08 00 00 05 02 08 00 00 06 1c 08 00 00 07 d9 07 00 00 08 2a 08 00 00 09 26 08 00 00 0a d5 07 00 00 0b f2 07 00 00 0c 17 08 00 00 0d eb 07 00 00 0e fd 07 00 00 0f f1 07 00 00
344000,01 74 04 10 00 2f 08 00 00 01 ea 07 00 00 02 29 08 00 00 03 1f 08 00 00 04 16 08 00 00 05 1d 08 00 00 06 05 08 00 00 07 05 08 00 00 08 fe 07 00 00 09 1a 08 00 00 0a 11 08 00 00 0b f5 07 00 00 0c 20 08 00 00 0d e8 07 00 00 0e f4 07 00 00 0f e2 07 00 00,01 74 04 10 00 2f 08 00 00 01 ea 07 00 00 02 29 08 00 00 03 1f 08 00 00 04 16 08 00 00 05 1d 08 00 00 06 05 08 00 00 07 05 08 00 00 08 fe 07 00 00 09 1a 08 00 00 0a 11 08 00 00 0b f5 07 00 00 0c 20 08 00 00 0d e8 07 00 00 0e f4 07 00 00 0f e2 07 00 00
359000,01 74 04 10 00 d1 07 00 00 01 30 08 00 00 02 30 08 00 00 03 f9 07 00 00 04 d2 07 00 00 05 f4 07 00 00 06 0b 08 00 00 07 fe 07 00 00 08 d5 07 00 00 09 2d 08 00 00 0a e1 07 00 00 0b f0 07 00 00 0c f5 07 00 00 0d 0f 08 00 00 0e 29 08 00 00 0f de 07 00 00,01 74 04 10 00 d1 07 00 00 01 30 08 00 00 02 30 08 00 00 03 f9 07 00 00 04 d2 07 00 00 05 f4 07 00 00 06 0b 08 00 00 07 fe 07 00 00 08 d5 07 00 00 09 2d 08 00 00 0a e1 07 00 00 0b f0 07 00 00 0c f5 07 00 00 0d 0f 08 00 00 0e 29 08 00 00 0f de 07 00 00
359000,01 74 04 10 00 03 08 00 00 01 12 08 00 00 02 32 08 00 00 03 2e 08 00 00 04 15 08 00 00 05 d5 07 00 00 06 1e 08 00 00 07 d6 07 00 00 08 f0 07 00 00 09 0c 08 00 00 0a f7 07 00 00 0b df 07 00 00 0c de 07 00 00 0d 31 08 00 00 0e ed 07 00 00 0f f1 07 00 00,01 74 04 10 00 03 08 00 00 01 12 08 00 00 02 32 08 00 00 03 2e 08 00 00 04 15 08 00 00 05 d5 07 00 00 06 1e 08 00 00 07 d6 07 00 00 08 f0 07 00 00 09 0c 08 00 00 0a f7 07 00 00 0b df 07 00 00 0c de 07 00 00 0d 31 08 00 00 0e ed 07 00 00 0f f1 07 00 00
359000,01 74 04 10 00 f9 07 00 00 01 1c 08 00 00 02 20 08 00 00 03 2b 08 00 00 04 f3 07 00 00 05 2d 08 00 00 06 fa 07 00 00 07 f0 07 00 00 08 d8 07 00 00 09 de 07 00 00 0a f9 07 00 00 0b 09 08 00 00 0c 25 08 00 00 0d ec 07 00 00 0e 28 08 00 00 0f 24 08 00 00,01 74 04 10 00 f9 07 00 00 01 1c 08 00 00 02 20 08 00 00 03 2b 08 00 00 04 f3 07 00 00 05 2d 08 00 00 06 fa 07 00 00 07 f0 07 00 00 08 d8 07 00 00 09 de 07 00 00 0a f9 07 00 00 0b 09 08 00 00 0c 25 08 00 00 0d ec 07 00 00 0e 28 08 00 00 0f 24 08 00 00
375000,01 74 04 10 00 2f 08 00 00 01 fa 07 00 00 02 eb 07 00 00 03 31 08 00 00 04 d4 07 00 00 05 0d 08 00 00 06 28 08 00 00 07 0f 08 00 00 08 d5 07 00 00 09 01 08 00 00 0a 1f 08 00 00 0b 1b 08 00 00 0c 00 08 00 00 0d 0e 08 00 00 0e ea 07 00 00 0f fd 07 00 00,01 74 04 10 00 2f 08 00 00 01 fa 07 00 00 02 eb 07 00 00 03 31 08 00 00 04 d4 07 00 00 05 0d 08 00 00 06 28 08 00 00 07 0f 08 00 00 08 d5 07 00 00 09 01 08 00 00 0a 1f 08 00 00 0b 1b 08 00 00 0c 00 08 00 00 0d 0e 08 00 00 0e ea 07 00 00 0f fd 07 00 00
375000,01 74 04 10 00 17 08 00 00 01 ea 07 00 00 02 05 08 00 00 03 d6 07 00 00 04 29 08 00 00 05 2c 08 00 00 06 f2 07 00 00 07 02 08 00 00 08 08 08 00 00 09 d9 07 00 00 0a 0e 08 00 00 0b f2 07 00 00 0c 0c 08 00 00 0d 2c 08 00 00 0e 2a 08 00 00 0f 12 08 00 00,01 74 04 10 00 17 08 00 00 01 ea 07 00 00 02 05 08 00 00 03 d6 07 00 00 04 29 08 00 00 05 2c 08 00 00 06 f2 07 00 00 07 02 08 00 00 08 08 08 00 00 09 d9 07 00 00 0a 0e 08 00 00 0b f2 07 00 00 0c 0c 08 00 00 0d 2c 08 00 00 0e 2a 08 00 00 0f 12 08 00 00
375000,01 74 04 10 00 1b 08 00 00 01 f5 07 00 00 02 17 08 00 00 03 e7 07 00 00 04 0b 08 00 00 05 12 08 00 00 06 2c 08 00 00 07 f4 07 00 00 08 31 08 00 00 09 ff 07 00 00 0a d1 07 00 00 0b f8 07 00 00 0c 24 08 00 00 0d 07 08 00 00 0e eb 07 00 00 0f 0f 08 00 00,01 74 04 10 00 1b 08 00 00 01 f5 07 00 00 02 17 08 00 00 03 e7 07 00 00 04 0b 08 00 00 05 12 08 00 00 06 2c 08 00 00 07 f4 07 00 00 08 31 08 00 00 09 ff 07 00 00 0a d1 07 00 00 0b f8 07 00 00 0c 24 08 00 00 0d 07 08 00 00 0e eb 07 00 00 0f 0f 08 00 00
375000,01 74 04 10 00 28 08 00 00 01 ff 07 00 00 02 e3 07 00 00 03 d8 07 00 00 04 e4 07 00 00 05 d8 07 00 00 06 33 08 00 00 07 de 07 00 00 08 1e 08 00 00 09 33 08 00 00 0a 0b 08 00 00 0b 08 08 00 00 0c 2b 08 00 00 0d e7 07 00 00 0e 12 08 00 00 0f 17 08 00 00,01 74 04 10 00 28 08 00 00 01 ff 07 00 00 02 e3 07 00 00 03 d8 07 00 00 04 e4 07 00 00 05 d8 07 00 00 06 33 08 00 00 07 de 07 00 00 08 1e 08 00 00 09 33 08 00 00 0a 0b 08 00 00 0b 08 08 00 00 0c 2b 08 00 00 0d e7 07 00 00 0e 12 08 00 00 0f 17 08 00 00
375000,01 74 04 10 00 08 08 00 00 01 0a 08 00 00 02 1b 08 00 00 03 1c 08 00 00 04 11 08 00 00 05 f3 07 00 00 06 d4 07 00 00 07 09 08 00 00 08 22 08 00 00 09 09 08 00 00 0a d8 07 00 00 0b ff 07 00 00 0c f2 07 00 00 0d f1 07 00 00 0e d7 07 00 00 0f 05 08 00 00,01 74 04 10 00 08 08 00 00 01 0a 08 00 00 02 1b 08 00 00 03 1c 08 00 00 04 11 08 00 00 05 f3 07 00 00 06 d4 07 00 00 07 09 08 00 00 08 22 08 00 00 09 09 08 00 00 0a d8 07 00 00 0b ff 07 00 00 0c f2 07 00 00 0d f1 07 00 00 0e d7 07 00 00 0f 05 08 00 00
391000,01 74 04 10 00 32 08 00 00 01 23 08 00 00 02 16 08 00 00 03 0f 08 00 00 04 1c 08 00 00 05 20 08 00 00 06 e5 07 00 00 07 e1 07 00 00 08 07 08 00 00 09 0b 08 00 00 0a 18 08 00 00 0b 19 08 00 00 0c 2b 08 00 00 0d 0c 08 00 00 0e 0a 08 00 00 0f f4 07 00 00,01 74 04 10 00 32 08 00 00 01 23 08 00 00 02 16 08 00 00 03 0f 08 00 00 04 1c 08 00 00 05 20 08 00 00 06 e5 07 00 00 07 e1 07 00 00 08 07 08 00 00 09 0b 08 00 00 0a 18 08 00 00 0b 19 08 00 00 0c 2b 08 00 00 0d 0c 08 00 00 0e 0a 08 00 00 0f f4 07 00 00
391000,01 74 04 10 00 1e 08 00 00 01 16 08 00 00 02 29 08 00 00 03 ef 07 00 00 04 10 08 00 00 05 f2 07 00 00 06 03 08 00 00 07 25 08 00 00 08 07 08 00 00 09 11 08 00 00 0a 01 08 00 00 0b 2c 08 00 00 0c 21 08 00 00 0d 1a 08 00 00 0e 18 08 00 00 0f 00 08 00 00,01 74 04 10 00 1e 08 00 00 01 16 08 00 00 02 29 08 00 00 03 ef 07 00 00 04 10 08 00 00 05 f2 07 00 00 06 03 08 00 00 07 25 08 00 00 08 07 08 00 00 09 11 08 00 00 0a 01 08 00 00 0b 2c 08 00 00 0c 21 08 00 00 0d 1a 08 00 00 0e 18 08 00 00 0f 00 08 00 00
391000,01 74 04 10 00 fa 07 00 00 01 e0 07 00 00 02 25 08 00 00 03 1f 08 00 00 04 2f 08 00 00 05 f7 07 00 00 06 27 08 00 00 07 f3 07 00 00 08 00 08 00 00 09 ee 07 00 00 0a 0a 08 00 00 0b 07 08 00 00 0c 00 08 00 00 0d fa 07 00 00 0e f6 07 00 00 0f f4 07 00 00,01 74 04 10 00 fa 07 00 00 01 e0 07 00 00 02 25 08 00 00 03 1f 08 00 00 04 2f 08 00 00 05 f7 07 00 00 06 27 08 00 00 07 f3 07 00 00 08 00 08 00 00 09 ee 07 00 00 0a 0a 08 00 00 0b 07 08 00 00 0c 00 08 00 00 0d fa 07 00 00 0e f6 07 00 00 0f f4 07 00 00
391000,01 74 04 10 00 19 08 00 00 01 eb 07 00 00 02 ed 07 00 00 03 12 08 00 00 04 2a 08 00 00 05 e8 07 00 00 06 05 08 00 00 07 26 08 00 00 08 13 08 00 00 09 fe 07 00 00 0a 01 08 00 00 0b f1 07 00 00 0c 2e 08 00 00 0d d0 07 00 00 0e 27 08 00 00 0f f2 07 00 00,01 74 04 10 00 19 08 00 00 01 eb 07 00 00 02 ed 07 00 00 03 12 08 00 00 04 2a 08 00 00 05 e8 07 00 00 06 05 08 00 00 07 26 08 00 00 08 13 08 00 00 09 fe 07 00 00 0a 01 08 00 00 0b f1 07 00 00 0c 2e 08 00 00 0d d0 07 00 00 0e 27 08 00 00 0f f2 07 00 00
391000,01 74 04 10 00 ea 07 00 00 01 11 08 00 00 02 e2 07 00 00 03 d5 07 00 00 04 f3 07 00 00 05 07 08 00 00 06 d6 07 00 00 07 0b 08 00 00 08 0d 08 00 00 09 0f 08 00 00 0a 0d 08 00 00 0b d4 07 00 00 0c 0c 08 00 00 0d d8 07 00 00 0e dc 07 00 00 0f 00 08 00 00,01 74 04 10 00 ea 07 00 00 01 11 08 00 00 02 e2 07 00 00 03 d5 07 00 00 04 f3 07 00 00 05 07 08 00 00 06 d6 07 00 00 07 0b 08 00 00 08 0d 08 00 00 09 0f 08 00 00 0a 0d 08 00 00 0b d4 07 00 00 0c 0c 08 00 00 0d d8 07 00 00 0e dc 07 00 00 0f 00 08 00 00
406000,01 74 04 10 00 25 08 00 00 01 e0 07 00 00 02 fd 07 00 00 03 00 08 00 00 04 ed 07 00 00 05 f1 07 00 00 06 00 08 00 00 07 d1 07 00 00 08 0c 08 00 00 09 d4 07 00 00 0a f8 07 00 00 0b 05 08 00 00 0c fc 07 00 00 0d 23 08 00 00 0e ef 07 00 00 0f 1a 08 00 00,01 74 04 10 00 25 08 00 00 01 e0 07 00 00 02 fd 07 00 00 03 00 08 00 00 04 ed 07 00 00 05 f1 07 00 00 06 00 08 00 00 07 d1 07 00 00 08 0c 08 00 00 09 d4 07 00 00 0a f8 07 00 00 0b 05 08 00 00 0c fc 07 00 00 0d 23 08 00 00 0e ef 07 00 00 0f 1a 08 00 00
406000,01 74 04 10 00 ec 07 00 00 01 e5 07 00 00 02 14 08 00 00 03 15 08 00 00 04 d3 07 00 00 05 ff 07 00 00 06 25 08 00 00 07 d1 07 00 00 08 fb 07 00 00 09 e9 07 00 00 0a f1 07 00 00 0b fb 07 00 00 0c f7 07 00 00 0d 2d 08 00 00 0e 1a 08 00 00 0f e7 07 00 00,01 74 04 10 00 ec 07 00 00 01 e5 07 00 00 02 14 08 00 00 03 15 08 00 00 04 d3 07 00 00 05 ff 07 00 00 06 25 08 00 00 07 d1 07 00 00 08 fb 07 00 00 09 e9 07 00 00 0a f1 07 00 00 0b fb 07 00 00 0c f7 07 00 00 0d 2d 08 00 00 0e 1a 08 00 00 0f e7 07 00 00
406000,01 74 04 10 00 ef 07 00 00 01 d5 07 00 00 02 03 08 00 00 03 27 08 00 00 04 d7 07 00 00 05 0e 08 00 00 06 1e 08 00 00 07 23 08 00 00 08 e8 07 00 00 09 dd 07 00 00 0a e8 07 00 00 0b 02 08 00 00 0c ed 07 00 00 0d f9 07 00 00 0e 2d 08 00 00 0f 0a 08 00 00,01 74 04 10 00 ef 07 00 00 01 d5 07 00 00 02 03 08 00 00 03 27 08 00 00 04 d7 07 00 00 05 0e 08 00 00 06 1e 08 00 00 07 23 08 00 00 08 e8 07 00 00 09 dd 07 00 00 0a e8 07 00 00 0b 02 08 00 00 0c ed 07 00 00 0d f9 07 00 00 0e 2d 08 00 00 0f 0a 08 00 00
406000,01 74 04 10 00 d2 07 00 00 01 e0 07 00 00 02 d5 07 00 00 03 ea 07 00 00 04 d2 07 00 00 05 33 08 00 00 06 f1 07 00 00 07 33 08 00 00 08 29 08 00 00 09 d8 07 00 00 0a eb 07 00 00 0b fb 07 00 00 0c d5 07 00 00 0d f8 07 00 00 0e e6 07 00 00 0f 27 08 00 00,01 74 04 10 00 d2 07 00 00 01 e0 07 00 00 02 d5 07 00 00 03 ea 07 00 00 04 d2 07 00 00 05 33 08 00 00 06 f1 07 00 00 07 33 08 00 00 08 29 08 00 00 09 d8 07 00 00 0a eb 07 00 00 0b fb 07 00 00 0c d5 07 00 00 0d f8 07 00 00 0e e6 07 00 00 0f 27 08 00 00
422000,01 74 04 10 00 2a 08 00 00 01 22 08 00 00 02 1c 08 00 00 03 2b 08 00 00 04 d7 07 00 00 05 1d 08 00 00 06 de 07 00 00 07 2f 08 00 00 08 e1 07 00 00 09 24 08 00 00 0a 27 08 00 00 0b 33 08 00 00 0c e8 07 00 00 0d 04 08 00 00 0e f9 07 00 00 0f f4 07 00 00,01 74 04 10 00 2a 08 00 00 01 22 08 00 00 02 1c 08 00 00 03 2b 08 00 00 04 d7 07 00 00 05 1d 08 00 00 06 de 07 00 00 07 2f 08 00 00 08 e1 07 00 00 09 24 08 00 00 0a 27 08 00 00 0b 33 08 00 00 0c e8 07 00 00 0d 04 08 00 00 0e f9 07 00 00 0f f4 07 00 00
422000,01 74 04 10 00 e7 07 00 00 01 ed 07 00 00 02 28 08 00 00 03 19 08 00 00 04 04 08 00 00 05 30 08 00 00 06 0c 08 00 00 07 22 08 00 00 08 f2 07 00 00 09 e9 07 00 00 0a 03 08 00 00 0b 09 08 00 00 0c ea 07 00 00 0d d6 07 00 00 0e 00 08 00 00 0f fa 07 00 00,01 74 04 10 00 e7 07 00 00 01 ed 07 00 00 02 28 08 00 00 03 19 08 00 00 04 04 08 00 00 05 30 08 00 00 06 0c 08 00 00 07 22 08 00 00 08 f2 07 00 00 09 e9 07 00 00 0a 03 08 00 00 0b 09 08 00 00 0c ea 07 00 00 0d d6 07 00 00 0e 00 08 00 00 0f fa 07 00 00
422000,01 74 04 10 00 f3 07 00 00 01 14 08 00 00 02 31 08 00 00 03 e6 07 00 00 04 f2 07 00 00 05 09 08 00 00 06 f4 07 00 00 07 dd 07 00 00 08 02 08 00 00 09 21 08 00 00 0a d2 07 00 00 0b fb 07 00 00 0c ed 07 00 00 0d 03 08 00 00 0e 31 08 00 00 0f fe 07 00 00,01 74 04 10 00 f3 07 00 00 01 14 08 00 00 02 31 08 00 00 03 e6 07 00 00 04 f2 07 00 00 05 09 08 00 00 06 f4 07 00 00 07 dd 07 00 00 08 02 08 00 00 09 21 08 00 00 0a d2 07 00 00 0b fb 07 00 00 0c ed 07 00 00 0d 03 08 00 00 0e 31 08 00 00 0f fe 07 00 00
422000,01 74 04 10 00 e8 07 00 00 01 00 08 00 00 02 d3 07 00 00 03 28 08 00 00 04 09 08 00 00 05 11 08 00 00 06 2f 08 00 00 07 2a 08 00 00 08 fa 07 00 00 09 0b 08 00 00 0a 01 08 00 00 0b 21 08 00 00 0c e6 07 00 00 0d 0a 08 00 00 0e 1f 08 00 00 0f 26 08 00 00,01 74 04 10 00 e8 07 00 00 01 00 08 00 00 02 d3 07 00 00 03 28 08 00 00 04 09 08 00 00 05 11 08 00 00 06 2f 08 00 00 07 2a 08 00 00 08 fa 07 00 00 09 0b 08 00 00 0a 01 08 00 00 0b 21 08 00 00 0c e6 07 00 00 0d 0a 08 00 00 0e 1f 08 00 00 0f 26 08 00 00
438000,01 74 04 10 00 06 08 00 00 01 03 08 00 00 02 fd 07 00 00 03 dd 07 00 00 04 11 08 00 00 05 ee 07 00 00 06 13 08 00 00 07 23 08 00 00 08 11 08 00 00 09 fb 07 00 00 0a f1 07 00 00 0b df 07 00 00 0c 05 08 00 00 0d fa 07 00 00 0e e6 07 00 00 0f e7 07 00 00,01 74 04 10 00 06 08 00 00 01 03 08 00 00 02 fd 07 00 00 03 dd 07 00 00 04 11 08 00 00 05 ee 07 00 00 06 13 08 00 00 07 23 08 00 00 08 11 08 00 00 09 fb 07 00 00 0a f1 07 00 00 0b df 07 00 00 0c 05 08 00 00 0d fa 07 00 00 0e e6 07 00 00 0f e7 07 00 00
438000,01 74 04 10 00 e1 07 00 00 01 2d 08 00 00 02 27 08 00 00 03 d3 07 00 00 04 08 08 00 00 05 2e 08 00 00 06 05 08 00 00 07 ff 07 00 00 08 29 08 00 00 09 d1 07 00 00 0a 05 08 00 00 0b de 07 00 00 0c f7 07 00 00 0d d3 07 00 00 0e d1 07 00 00 0f 2e 08 00 00,01 74 04 10 00 e1 07 00 00 01 2d 08 00 00 02 27 08 00 00 03 d3 07 00 00 04 08 08 00 00 05 2e 08 00 00 06 05 08 00 00 07 ff 07 00 00 08 29 08 00 00 09 d1 07 00 00 0a 05 08 00 00 0b de 07 00 00 0c f7 07 00 00 0d d3 07 00 00 0e d1 07 00 00 0f 2e 08 00 00
438000,01 74 04 10 00 e6 07 00 00 01 e5 07 00 00 02 02 08 00 00 03 df 07 00 00 04 05 08 00 00 05 d7 07 00 00 06 20 08 00 00 07 fd 07 00 00 08 ee 07 00 00 09 e4 07 00 00 0a 20 08 00 00 0b 02 08 00 00 0c e8 07 00 00 0d 31 08 00 00 0e ed 07 00 00 0f d2 07 00 00,01 74 04 10 00 e6 07 00 00 01 e5 07 00 00 02 02 08 00 00 03 df 07 00 00 04 05 08 00 00 05 d7 07 00 00 06 20 08 00 00 07 fd 07 00 00 08 ee 07 00 00 09 e4 07 00 00 0a 20 08 00 00 0b 02 08 00 00 0c e8 07 00 00 0d 31 08 00 00 0e ed 07 00 00 0f d2 07 00 00
438000,01 74 04 10 00 03 08 00 00 01 10 08 00 00 02 e3 07 00 00 03 1e 08 00 00 04 13 08 00 00 05 07 08 00 00 06 25 08 00 00 07 01 08 00 00 08 0e 08 00 00 09 ea 07 00 00 0a f6 07 00 00 0b 34 08 00 00 0c 24 08 00 00 0d 25 08 00 00 0e 28 08 00 00 0f 24 08 00 00,01 74 04 10 00 03 08 00 00 01 10 08 00 00 02 e3 07 00 00 03 1e 08 00 00 04 13 08 00 00 05 07 08 00 00 06 25 08 00 00 07 01 08 00 00 08 0e 08 00 00 09 ea 07 00 00 0a f6 07 00 00 0b 34 08 00 00 0c 24 08 00 00 0d 25 08 00 00 0e 28 08 00 00 0f 24 08 00 00
453000,01 74 04 10 00 1d 08 00 00 01 27 08 00 00 02 e7 07 00 00 03 17 08 00 00 04 10 08 00 00 05 e4 07 00 00 06 22 08 00 00 07 fd 07 00 00 08 11 08 00 00 09 f3 07 00 00 0a 03 08 00 00 0b 2c 08 00 00 0c f9 07 00 00 0d 0d 08 00 00 0e 2b 08 00 00 0f 20 08 00 00,01 74 04 10 00 1d 08 00 00 01 27 08 00 00 02 e7 07 00 00 03 17 08 00 00 04 10 08 00 00 05 e4 07 00 00 06 22 08 00 00 07 fd 07 00 00 08 11 08 00 00 09 f3 07 00 00 0a 03 08 00 00 0b 2c 08 00 00 0c f9 07 00 00 0d 0d 08 00 00 0e 2b 08 00 00 0f 20 08 00 00
453000,01 74 04 10 00 1e 08 00 00 01 2b 08 00 00 02 fd 07 00 00 03 d2 07 00 00 04 05 08 00 00 05 da 07 00 00 06 26 08 00 00 07 d7 07 00 00 08 10 08 00 00 09 fa 07 00 00 0a 15 08 00 00 0b 22 08 00 00 0c 18 08 00 00 0d 33 08 00 00 0e ec 07 00 00 0f eb 07 00 00,01 74 04 10 00 1e 08 00 00 01 2b 08 00 00 02 fd 07 00 00 03 d2 07 00 00 04 05 08 00 00 05 da 07 00 00 06 26 08 00 00 07 d7 07 00 00 08 10 08 00 00 09 fa 07 00 00 0a 15 08 00 00 0b 22 08 00 00 0c 18 08 00 00 0d 33 08 00 00 0e ec 07 00 00 0f eb 07 00 00
453000,01 74 04 10 00 28 08 00 00 01 e5 07 00 00 02 1d 08 00 00 03 e9 07 00 00 04 fb 07 00 00 05 1d 08 00 00 06 d5 07 00 00 07 1e 08 00 00 08 31 08 00 00 09 f5 07 00 00 0a 16 08 00 00 0b 0d 08 00 00 0c 1b 08 00 00 0d 1f 08 00 00 0e 32 08 00 00 0f f9 07 00 00,01 74 04 10 00 28 08 00 00 01 e5 07 00 00 02 1d 08 00 00 03 e9 07 00 00 04 fb 07 00 00 05 1d 08 00 00 06 d5 07 00 00 07 1e 08 00 00 08 31 08 00 00 09 f5 07 00 00 0a 16 08 00 00 0b 0d 08 00 00 0c 1b 08 00 00 0d 1f 08 00 00 0e 32 08 00 00 0f f9 07 00 00
453000,01 74 04 10 00 04 08 00 00 01 d6 07 00 00 02 d8 07 00 00 03 08 08 00 00 04 11 08 00 00 05 d8 07 00 00 06 25 08 00 00 07 d4 07 00 00 08 2e 08 00 00 09 e3 07 00 00 0a 2e 08 00 00 0b 1d 08 00 00 0c 24 08 00 00 0d d3 07 00 00 0e d1 07 00 00 0f d3 07 00 00,01 74 04 10 00 04 08 00 00 01 d6 07 00 00 02 d8 07 00 00 03 08 08 00 00 04 11 08 00 00 05 d8 07 00 00 06 25 08 00 00 07 d4 07 00 00 08 2e 08 00 00 09 e3 07 00 00 0a 2e 08 00 00 0b 1d 08 00 00 0c 24 08 00 00 0d d3 07 00 00 0e d1 07 00 00 0f d3 07 00 00
453000,01 74 04 10 00 2e 08 00 00 01 33 08 00 00 02 00 08 00 00 03 e5 07 00 00 04 da 07 00 00 05 31 08 00 00 06 09 08 00 00 07 fd 07 00 00 08 e5 07 00 00 09 07 08 00 00 0a 18 08 00 00 0b f4 07 00 00 0c 14 08 00 00 0d 0b 08 00 00 0e 12 08 00 00 0f f3 07 00 00,01 74 04 10 00 2e 08 00 00 01 33 08 00 00 02 00 08 00 00 03 e5 07 00 00 04 da 07 00 00 05 31 08 00 00 06 09 08 00 00 07 fd 07 00 00 08 e5 07 00 00 09 07 08 00 00 0a 18 08 00 00 0b f4 07 00 00 0c 14 08 00 00 0d 0b 08 00 00 0e 12 08 00 00 0f f3 07 00 00
469000,01 74 04 10 00 ed 07 00 00 01 19 08 00 00 02 09 08 00 00 03 00 08 00 00 04 d2 07 00 00 05 07 08 00 00 06 d8 07 00 00 07 f3 07 00 00 08 24 08 00 00 09 d0 07 00 00 0a e7 07 00 00 0b f0 07 00 00 0c 2b 08 00 00 0d f6 07 00 00 0e 0b 08 00 00 0f 19 08 00 00,01 74 04 10 00 ed 07 00 00 01 19 08 00 00 02 09 08 00 00 03 00 08 00 00 04 d2 07 00 00 05 07 08 00 00 06 d8 07 00 00 07 f3 07 00 00 08 24 08 00 00 09 d0 07 00 00 0a e7 07 00 00 0b f0 07 00 00 0c 2b 08 00 00 0d f6 07 00 00 0e 0b 08 00 00 0f 19 08 00 00
469000,01 74 04 10 00 19 08 00 00 01 f5 07 00 00 02 e1 07 00 00 03 33 08 00 00 04 04 08 00 00 05 e4 07 00 00 06 02 08 00 00 07 1a 08 00 00 08 e3 07 00 00 09 34 08 00 00 0a 0c 08 00 00 0b dc 07 00 00 0c 0b 08 00 00 0d 0c 08 00 00 0e 04 08 00 00 0f 33 08 00 00,01 74 04 10 00 19 08 00 00 01 f5 07 00 00 02 e1 07 00 00 03 33 08 00 00 04 04 08 00 00 05 e4 07 00 00 06 02 08 00 00 07 1a 08 00 00 08 e3 07 00 00 09 34 08 00 00 0a 0c 08 00 00 0b dc 07 00 00 0c 0b 08 00 00 0d 0c 08 00 00 0e 04 08 00 00 0f 33 08 00 00
469000,01 74 04 10 00 e8 07 00 00 01 29 08 00 00 02 fe 07 00 00 03 1f 08 00 00 04 eb 07 00 00 05 0d 08 00 00 06 11 08 00 00 07 dd 07 00 00 08 f3 07 00 00 09 f3 07 00 00 0a 17 08 00 00 0b 2d 08 00 00 0c d6 07 00 00 0d e5 07 00 00 0e 29 08 00 00 0f d2 07 00 00,01 74 04 10 00 e8 07 00 00 01 29 08 00 00 02 fe 07 00 00 03 1f 08 00 00 04 eb 07 00 00 05 0d 08 00 00 06 11 08 00 00 07 dd 07 00 00 08 f3 07 00 00 09 f3 07 00 00 0a 17 08 00 00 0b 2d 08 00 00 0c d6 07 00 00 0d e5 07 00 00 0e 29 08 00 00 0f d2 07 00 00
469000,01 74 04 10 00 e8 07 00 00 01 1f 08 00 00 02 dd 07 00 00 03 19 08 00 00 04 2d 08 00 00 05 17 08 00 00 06 07 08 00 00 07 15 08 00 00 08 2f 08 00 00 09 21 08 00 00 0a 18 08 00 00 0b fc 07 00 00 0c d3 07 00 00 0d db 07 00 00 0e 09 08 00 00 0f 0f 08 00 00,01 74 04 10 00 e8 07 00 00 01 1f 08 00 00 02 dd 07 00 00 03 19 08 00 00 04 2d 08 00 00 05 17 08 00 00 06 07 08 00 00 07 15 08 00 00 08 2f 08 00 00 09 21 08 00 00 0a 18 08 00 00 0b fc 07 00 00 0c d3 07 00 00 0d db 07 00 00 0e 09 08 00 00 0f 0f 08 00 00
484000,01 74 04 10 00 25 08 00 00 01 fa 07 00 00 02 f4 07 00 00 03 0b 08 00 00 04 04 08 00 00 05 fb 07 00 00 06 0e 08 00 00 07 d8 07 00 00 08 f5 07 00 00 09 30 08 00 00 0a 2f 08 00 00 0b 2a 08 00 00 0c f7 07 00 00 0d f5 07 00 00 0e 0a 08 00 00 0f 32 08 00 00,01 74 04 10 00 25 08 00 00 01 fa 07 00 00 02 f4 07 00 00 03 0b 08 00 00 04 04 08 00 00 05 fb 07 00 00 06 0e 08 00 00 07 d8 07 00 00 08 f5 07 00 00 09 30 08 00 00 0a 2f 08 00 00 0b 2a 08 00 00 0c f7 07 00 00 0d f5 07 00 00 0e 0a 08 00 00 0f 32 08 00 00
484000,01 74 04 10 00 db 07 00 00 01 05 08 00 00 02 2e 08 00 00 03 02 08 00 00 04 01 08 00 00 05 f8 07 00 00 06 1e 08 00 00 07 d3 07 00 00 08 12 08 00 00 09 26 08 00 00 0a 18 08 00 00 0b 06 08 00 00 0c 08 08 00 00 0d f4 07 00 00 0e f9 07 00 00 0f ef 07 00 00,01 74 04 10 00 db 07 00 00 01 05 08 00 00 02 2e 08 00 00 03 02 08 00 00 04 01 08 00 00 05 f8 07 00 00 06 1e 08 00 00 07 d3 07 00 00 08 12 08 00 00 09 26 08 00 00 0a 18 08 00 00 0b 06 08 00 00 0c 08 08 00 00 0d f4 07 00 00 0e f9 07 00 00 0f ef 07 00 00
484000,01 74 04 10 00 32 08 00 00 01 1a 08 00 00 02 f8 07 00 00 03 dc 07 00 00 04 e8 07 00 00 05 eb 07 00 00 06 ee 07 00 00 07 25 08 00 00 08 ea 07 00 00 09 08 08 00 00 0a d7 07 00 00 0b ee 07 00 00 0c 0f 08 00 00 0d 1f 08 00 00 0e 29 08 00 00 0f de 07 00 00,01 74 04 10 00 32 08 00 00 01 1a 08 00 00 02 f8 07 00 00 03 dc 07 00 00 04 e8 07 00 00 05 eb 07 00 00 06 ee 07 00 00 07 25 08 00 00 08 ea 07 00 00 09 08 08 00 00 0a d7 07 00 00 0b ee 07 00 00 0c 0f 08 00 00 0d 1f 08 00 00 0e 29 08 00 00 0f de 07 00 00
484000,01 74 04 10 00 d6 07 00 00 01 03 08 00 00 02 28 08 00 00 03 ea 07 00 00 04 f3 07 00 00 05 f1 07 00 00 06 0e 08 00 00 07 1f 08 00 00 08 1c 08 00 00 09 2e 08 00 00 0a d3 07 00 00 0b de 07 00 00 0c 0f 08 00 00 0d 2f 08 00 00 0e eb 07 00 00 0f 2c 08 00 00,01 74 04 10 00 d6 07 00 00 01 03 08 00 00 02 28 08 00 00 03 ea 07 00 00 04 f3 07 00 00 05 f1 07 00 00 06 0e 08 00 00 07 1f 08 00 00 08 1c 08 00 00 09 2e 08 00 00 0a d3 07 00 00 0b de 07 00 00 0c 0f 08 00 00 0d 2f 08 00 00 0e eb 07 00 00 0f 2c 08 00 00
484000,01 74 04 10 00 e7 07 00 00 01 21 08 00 00 02 27 08 00 00 03 22 08 00 00 04 09 08 00 00 05 de 07 00 00 06 33 08 00 00 07 f3 07 00 00 08 ff 07 00 00 09 f2 07 00 00 0a 12 08 00 00 0b f7 07 00 00 0c fe 07 00 00 0d da 07 00 00 0e 17 08 00 00 0f 13 08 00 00,01 74 04 10 00 e7 07 00 00 01 21 08 00 00 02 27 08 00 00 03 22 08 00 00 04 09 08 00 00 05 de 07 00 00 06 33 08 00 00 07 f3 07 00 00 08 ff 07 00 00 09 f2 07 00 00 0a 12 08 00 00 0b f7 07 00 00 0c fe 07 00 00 0d da 07 00 00 0e 17 08 00 00 0f 13 08 00 00
500000,01 74 04 10 00 da 07 00 00 01 01 08 00 00 02 2b 08 00 00 03 1a 08 00 00 04 09 08 00 00 05 2c 08 00 00 06 13 08 00 00 07 fd 07 00 00 08 0f 08 00 00 09 e0 07 00 00 0a eb 07 00 00 0b 31 08 00 00 0c 2a 08 00 00 0d d0 07 00 00 0e 33 08 00 00 0f 18 08 00 00,01 74 04 10 00 da 07 00 00 01 01 08 00 00 02 2b 08 00 00 03 1a 08 00 00 04 09 08 00 00 05 2c 08 00 00 06 13 08 00 00 07 fd 07 00 00 08 0f 08 00 00 09 e0 07 00 00 0a eb 07 00 00 0b 31 08 00 00 0c 2a 08 00 00 0d d0 07 00 00 0e 33 08 00 00 0f 18 08 00 00
500000,01 74 04 10 00 27 08 00 00 01 df 07 00 00 02 05 08 00 00 03 f0 07 00 00 04 f7 07 00 00 05 08 08 00 00 06 f8 07 00 00 07 de 07 00 00 08 d7 07 00 00 09 33 08 00 00 0a 0f 08 00 00 0b 31 08 00 00 0c d6 07 00 00 0d 31 08 00 00 0e f6 07 00 00 0f fa 07 00 00,01 74 04 10 00 27 08 00 00 01 df 07 00 00 02 05 08 00 00 03 f0 07 00 00 04 f7 07 00 00 05 08 08 00 00 06 f8 07 00 00 07 de 07 00 00 08 d7 07 00 00 09 33 08 00 00 0a 0f 08 00 00 0b 31 08 00 00 0c d6 07 00 00 0d 31 08 00 00 0e f6 07 00 00 0f fa 07 00 00
500000,01 74 04 10 00 e8 07 00 00 01 0a 08 00 00 02 2c 08 00 00 03 2f 08 00 00 04 ec 07 00 00 05 14 08 00 00 06 fb 07 00 00 07 18 08 00 00 08 28 08 00 00 09 14 08 00 00 0a f5 07 00 00 0b 04 08 00 00 0c 13 08 00 00 0d d9 07 00 00 0e 13 08 00 00 0f d4 07 00 00,01 74 04 10 00 e8 07 00 00 01 0a 08 00 00 02 2c 08 00 00 03 2f 08 00 00 04 ec 07 00 00 05 14 08 00 00 06 fb 07 00 00 07 18 08 00 00 08 28 08 00 00 09 14 08 00 00 0a f5 07 00 00 0b 04 08 00 00 0c 13 08 00 00 0d d9 07 00 00 0e 13 08 00 00 0f d4 07 00 00
500000,01 74 04 10 00 dd 07 00 00 01 0e 08 00 00 02 0c 08 00 00 03 26 08 00 00 04 de 07 00 00 05 04 08 00 00 06 d5 07 00 00 07 ea 07 00 00 08 dc 07 00 00 09 12 08 00 00 0a 04 08 00 00 0b 21 08 00 00 0c 02 08 00 00 0d fe 07 00 00 0e d1 07 00 00 0f 14 08 00 00,01 74 04 10 00 dd 07 00 00 01 0e 08 00 00 02 0c 08 00 00 03 26 08 00 00 04 de 07 00 00 05 04 08 00 00 06 d5 07 00 00 07 ea 07 00 00 08 dc 07 00 00 09 12 08 00 00 0a 04 08 00 00 0b 21 08 00 00 0c 02 08 00 00 0d fe 07 00 00 0e d1 07 00 00 0f 14 08 00 00
500000,01 74 04 10 00 f8 07 00 00 01 d9 07 00 00 02 27 08 00 00 03 2f 08 00 00 04 d6 07 00 00 05 23 08 00 00 06 11 08 00 00 07 2a 08 00 00 08 17 08 00 00 09 11 08 00 00 0a 1b 08 00 00 0b 2b 08 00 00 0c 0b 08 00 00 0d 0b 08 00 00 0e e7 07 00 00 0f 30 08 00 00,01 74 04 10 00 f8 07 00 00 01 d9 07 00 00 02 27 08 00 00 03 2f 08 00 00 04 d6 07 00 00 05 23 08 00 00 06 11 08 00 00 07 2a 08 00 00 08 17 08 00 00 09 11 08 00 00 0a 1b 08 00 00 0b 2b 08 00 00 0c 0b 08 00 00 0d 0b 08 00 00 0e e7 07 00 00 0f 30 08 00 00
516000,01 74 04 10 00 07 08 00 00 01 2f 08 00 00 02 09 08 00 00 03 e4 07 00 00 04 2b 08 00 00 05 e3 07 00 00 06 11 08 00 00 07 0d 08 00 00 08 0a 08 00 00 09 21 08 00 00 0a f5 07 00 00 0b 2f 08 00 00 0c df 07 00 00 0d 10 08 00 00 0e db 07 00 00 0f 1b 08 00 00,01 74 04 10 00 07 08 00 00 01 2f 08 00 00 02 09 08 00 00 03 e4 07 00 00 04 2b 08 00 00 05 e3 07 00 00 06 11 08 00 00 07 0d 08 00 00 08 0a 08 00 00 09 21 08 00 00 0a f5 07 00 00 0b 2f 08 00 00 0c df 07 00 00 0d 10 08 00 00 0e db 07 00 00 0f 1b 08 00 00
516000,01 74 04 10 00 e7 07 00 00 01 d6 07 00 00 02 2b 08 00 00 03 33 08 00 00 04 04 08 00 00 05 2e 08 00 00 06 30 08 00 00 07 1c 08 00 00 08 18 08 00 00 09 f5 07 00 00 0a 2e 08 00 00 0b e8 07 00 00 0c 29 08 00 00 0d 16 08 00 00 0e f8 07 00 00 0f dd 07 00 00,01 74 04 10 00 e7 07 00 00 01 d6 07 00 00 02 2b 08 00 00 03 33 08 00 00 04 04 08 00 00 05 2e 08 00 00 06 30 08 00 00 07 1c 08 00 00 08 18 08 00 00 09 f5 07 00 00 0a 2e 08 00 00 0b e8 07 00 00 0c 29 08 00 00 0d 16 08 00 00 0e f8 07 00 00 0f dd 07 00 00
516000,01 74 04 10 00 d3 07 00 00 01 f3 07 00 00 02 d7 07 00 00 03 09 08 00 00 04 2a 08 00 00 05 19 08 00 00 06 0d 08 00 00 07 f4 07 00 00 08 03 08 00 00 09 12 08 00 00 0a d8 07 00 00 0b f9 07 00 00 0c dc 07 00 00 0d 2d 08 00 00 0e 02 08 00 00 0f de 07 00 00,01 74 04 10 00 d3 07 00 00 01 f3 07 00 00 02 d7 07 00 00 03 09 08 00 00 04 2a 08 00 00 05 19 08 00 00 06 0d 08 00 00 07 f4 07 00 00 08 03 08 00 00 09 12 08 00 00 0a d8 07 00 00 0b f9 07 00 00 0c dc 07 00 00 0d 2d 08 00 00 0e 02 08 00 00 0f de 07 00 00
516000,01 74 04 10 00 04 08 00 00 01 1e 08 00 00 02 ed 07 00 00 03 f2 07 00 00 04 0a 08 00 00 05 2a 08 00 00 06 22 08 00 00 07 06 08 00 00 08 e6 07 00 00 09 1a 08 00 00 0a 1d 08 00 00 0b 2b 08 00 00 0c 23 08 00 00 0d e8 07 00 00 0e d5 07 00 00 0f eb 07 00 00,01 74 04 10 00 04 08 00 00 01 1e 08 00 00 02 ed 07 00 00 03 f2 07 00 00 04 0a 08 00 00 05 2a 08 00 00 06 22 08 00 00 07 06 08 00 00 08 e6 07 00 00 09 1a 08 00 00 0a 1d 08 00 00 0b 2b 08 00 00 0c 23 08 00 00 0d e8 07 00 00 0e d5 07 00 00 0f eb 07 00 00
531000,01 74 04 10 00 10 08 00 00 01 de 07 00 00 02 d0 07 00 00 03 32 08 00 00 04 f0 07 00 00 05 10 08 00 00 06 2f 08 00 00 07 fb 07 00 00 08 fa 07 00 00 09 07 08 00 00 0a 21 08 00 00 0b 16 08 00 00 0c 1b 08 00 00 0d de 07 00 00 0e 14 08 00 00 0f 12 08 00 00,01 74 04 10 00 10 08 00 00 01 de 07 00 00 02 d0 07 00 00 03 32 08 00 00 04 f0 07 00 00 05 10 08 00 00 06 2f 08 00 00 07 fb 07 00 00 08 fa 07 00 00 09 07 08 00 00 0a 21 08 00 00 0b 16 08 00 00 0c 1b 08 00 00 0d de 07 00 00 0e 14 08 00 00 0f 12 08 00 00
531000,01 74 04 10 00 ee 07 00 00 01 0b 08 00 00 02 25 08 00 00 03 d6 07 00 00 04 14 08 00 00 05 30 08 00 00 06 00 08 00 00 07 f7 07 00 00 08 d2 07 00 00 09 21 08 00 00 0a 1d 08 00 00 0b fb 07 00 00 0c e5 07 00 00 0d 17 08 00 00 0e fe 07 00 00 0f dc 07 00 00,01 74 04 10 00 ee 07 00 00 01 0b 08 00 00 02 25 08 00 00 03 d6 07 00 00 04 14 08 00 00 05 30 08 00 00 06 00 08 00 00 07 f7 07 00 00 08 d2 07 00 00 09 21 08 00 00 0a 1d 08 00 00 0b fb 07 00 00 0c e5 07 00 00 0d 17 08 00 00 0e fe 07 00 00 0f dc 07 00 00
531000,01 74 04 10 00 10 08 00 00 01 d3 07 00 00 02 09 08 00 00 03 d6 07 00 00 04 21 08 00 00 05 db 07 00 00 06 fc 07 00 00 07 df 07 00 00 08 0b 08 00 00 09 2f 08 00 00 0a 25 08 00 00 0b 30 08 00 00 0c 01 08 00 00 0d 1e 08 00 00 0e fa 07 00 00 0f 27 08 00 00,01 74 04 10 00 10 08 00 00 01 d3 07 00 00 02 09 08 00 00 03 d6 07 00 00 04 21 08 00 00 05 db 07 00 00 06 fc 07 00 00 07 df 07 00 00 08 0b 08 00 00 09 2f 08 00 00 0a 25 08 00 00 0b 30 08 00 00 0c 01 08 00 00 0d 1e 08 00 00 0e fa 07 00 00 0f 27 08 00 00
547000,01 74 04 10 00 e0 07 00 00 01 20 08 00 00 02 ea 07 00 00 03 f4 07 00 00 04 2e 08 00 00 05 d7 07 00 00 06 1f 08 00 00 07 04 08 00 00 08 e1 07 00 00 09 fe 07 00 00 0a ff 07 00 00 0b d2 07 00 00 0c dd 07 00 00 0d 20 08 00 00 0e 27 08 00 00 0f 11 08 00 00,01 74 04 10 00 e0 07 00 00 01 20 08 00 00 02 ea 07 00 00 03 f4 07 00 00 04 2e 08 00 00 05 d7 07 00 00 06 1f 08 00 00 07 04 08 00 00 08 e1 07 00 00 09 fe 07 00 00 0a ff 07 00 00 0b d2 07 00 00 0c dd 07 00 00 0d 20 08 00 00 0e 27 08 00 00 0f 11 08 00 00
547000,01 74 04 10 00 21 08 00 00 01 dc 07 00 00 02 fc 07 00 00 03 f7 07 00 00 04 12 08 00 00 05 f8 07 00 00 06 00 08 00 00 07 2e 08 00 00 08 1a 08 00 00 09 e3 07 00 00 0a 25 08 00 00 0b 31 08 00 00 0c fb 07 00 00 0d f1 07 00 00 0e 13 08 00 00 0f f4 07 00 00,01 74 04 10 00 21 08 00 00 01 dc 07 00 00 02 fc 07 00 00 03 f7 07 00 00 04 12 08 00 00 05 f8 07 00 00 06 00 08 00 00 07 2e 08 00 00 08 1a 08 00 00 09 e3 07 00 00 0a 25 08 00 00 0b 31 08 00 00 0c fb 07 00 00 0d f1 07 00 00 0e 13 08 00 00 0f f4 07 00 00
547000,01 74 04 10 00 e1 07 00 00 01 0b 08 00 00 02 dd 07 00 00 03 f5 07 00 00 04 0e 08 00 00 05 e5 07 00 00 06 28 08 00 00 07 02 08 00 00 08 06 08 00 00 09 1b 08 00 00 0a e9 07 00 00 0b ee 07 00 00 0c e1 07 00 00 0d 14 08 00 00 0e 17 08 00 00 0f e5 07 00 00,01 74 04 10 00 e1 07 00 00 01 0b 08 00 00 02 dd 07 00 00 03 f5 07 00 00 04 0e 08 00 00 05 e5 07 00 00 06 28 08 00 00 07 02 08 00 00 08 06 08 00 00 09 1b 08 00 00 0a e9 07 00 00 0b ee 07 00 00 0c e1 07 00 00 0d 14 08 00 00 0e 17 08 00 00 0f e5 07 00 00
547000,01 74 04 10 00 0a 08 00 00 01 da 07 00 00 02 0b 08 00 00 03 31 08 00 00 04 ed 07 00 00 05 ea 07 00 00 06 e2 07 00 00 07 18 08 00 00 08 f7 07 00 00 09 da 07 00 00 0a fd 07 00 00 0b 20 08 00 00 0c e0 07 00 00 0d 0a 08 00 00 0e e0 07 00 00 0f 1c 08 00 00,01 74 04 10 00 0a 08 00 00 01 da 07 00 00 02 0b 08 00 00 03 31 08 00 00 04 ed 07 00 00 05 ea 07 00 00 06 e2 07 00 00 07 18 08 00 00 08 f7 07 00 00 09 da 07 00 00 0a fd 07 00 00 0b 20 08 00 00 0c e0 07 00 00 0d 0a 08 00 00 0e e0 07 00 00 0f 1c 08 00 00
563000,01 74 04 10 00 e9 07 00 00 01 d7 07 00 00 02 f7 07 00 00 03 f9 07 00 00 04 e6 07 00 00 05 1f 08 00 00 06 d5 07 00 00 07 1b 08 00 00 08 09 08 00 00 09 f3 07 00 00 0a 01 08 00 00 0b 32 08 00 00 0c 2e 08 00 00 0d e5 07 00 00 0e 21 08 00 00 0f 1c 08 00 00,01 74 04 10 00 e9 07 00 00 01 d7 07 00 00 02 f7 07 00 00 03 f9 07 00 00 04 e6 07 00 00 05 1f 08 00 00 06 d5 07 00 00 07 1b 08 00 00 08 09 08 00 00 09 f3 07 00 00 0a 01 08 00 00 0b 32 08 00 00 0c 2e 08 00 00 0d e5 07 00 00 0e 21 08 00 00 0f 1c 08 00 00
563000,01 74 04 10 00 f5 07 00 00 01 f3 07 00 00 02 20 08 00 00 03 25 08 00 00 04 0a 08 00 00 05 25 08 00 00 06 de 07 00 00 07 f0 07 00 00 08 f3 07 00 00 09 06 08 00 00 0a d9 07 00 00 0b 09 08 00 00 0c db 07 00 00 0d 2f 08 00 00 0e d1 07 00 00 0f d2 07 00 00,01 74 04 10 00 f5 07 00 00 01 f3 07 00 00 02 20 08 00 00 03 25 08 00 00 04 0a 08 00 00 05 25 08 00 00 06 de 07 00 00 07 f0 07 00 00 08 f3 07 00 00 09 06 08 00 00 0a d9 07 00 00 0b 09 08 00 00 0c db 07 00 00 0d 2f 08 00 00 0e d1 07 00 00 0f d2 07 00 00
563000,01 74 04 10 00 d1 07 00 00 01 e6 07 00 00 02 1b 08 00 00 03 d6 07 00 00 04 25 08 00 00 05 08 08 00 00 06 d1 07 00 00 07 de 07 00 00 08 13 08 00 00 09 0d 08 00 00 0a 1e 08 00 00 0b 0b 08 00 00 0c e8 07 00 00 0d 11 08 00 00 0e 0f 08 00 00 0f 08 08 00 00,01 74 04 10 00 d1 07 00 00 01 e6 07 00 00 02 1b 08 00 00 03 d6 07 00 00 04 25 08 00 00 05 08 08 00 00 06 d1 07 00 00 07 de 07 00 00 08 13 08 00 00 09 0d 08 00 00 0a 1e 08 00 00 0b 0b 08 00 00 0c e8 07 00 00 0d 11 08 00 00 0e 0f 08 00 00 0f 08 08 00 00
563000,01 74 04 10 00 df 07 00 00 01 d6 07 00 00 02 28 08 00 00 03 2a 08 00 00 04 e3 07 00 00 05 ea 07 00 00 06 31 08 00 00 07 d5 07 00 00 08 fd 07 00 00 09 0c 08 00 00 0a 17 08 00 00 0b 33 08 00 00 0c df 07 00 00 0d d4 07 00 00 0e f7 07 00 00 0f ed 07 00 00,01 74 04 10 00 df 07 00 00 01 d6 07 00 00 02 28 08 00 00 03 2a 08 00 00 04 e3 07 00 00 05 ea 07 00 00 06 31 08 00 00 07 d5 07 00 00 08 fd 07 00 00 09 0c 08 00 00 0a 17 08 00 00 0b 33 08 00 00 0c df 07 00 00 0d d4 07 00 00 0e f7 07 00 00 0f ed 07 00 00
563000,01 74 04 10 00 31 08 00 00 01 f6 07 00 00 02 18 08 00 00 03 10 08 00 00 04 e2 07 00 00 05 df 07 00 00 06 09 08 00 00 07 28 08 00 00 08 e2 07 00 00 09 0a 08 00 00 0a 2a 08 00 00 0b fc 07 00 00 0c 33 08 00 00 0d d2 07 00 00 0e d5 07 00 00 0f d7 07 00 00,01 74 04 10 00 31 08 00 00 01 f6 07 00 00 02 18 08 00 00 03 10 08 00 00 04 e2 07 00 00 05 df 07 00 00 06 09 08 00 00 07 28 08 00 00 08 e2 07 00 00 09 0a 08 00 00 0a 2a 08 00 00 0b fc 07 00 00 0c 33 08 00 00 0d d2 07 00 00 0e d5 07 00 00 0f d7 07 00 00
578000,01 74 04 10 00 11 08 00 00 01 1f 08 00 00 02 ea 07 00 00 03 1e 08 00 00 04 f4 07 00 00 05 d3 07 00 00 06 e9 07 00 00 07 16 08 00 00 08 1d 08 00 00 09 11 08 00 00 0a 2a 08 00 00 0b 29 08 00 00 0c 26 08 00 00 0d 1e 08 00 00 0e 0f 08 00 00 0f 20 08 00 00,01 74 04 10 00 11 08 00 00 01 1f 08 00 00 02 ea 07 00 00 03 1e 08 00 00 04 f4 07 00 00 05 d3 07 00 00 06 e9 07 00 00 07 16 08 00 00 08 1d 08 00 00 09 11 08 00 00 0a 2a 08 00 00 0b 29 08 00 00 0c 26 08 00 00 0d 1e 08 00 00 0e 0f 08 00 00 0f 20 08 00 00
578000,01 74 04 10 00 28 08 00 00 01 f3 07 00 00 02 f7 07 00 00 03 00 08 00 00 04 0f 08 00 00 05 30 08 00 00 06 28 08 00 00 07 e5 07 00 00 08 25 08 00 00 09 e5 07 00 00 0a 21 08 00 00 0b 13 08 00 00 0c f3 07 00 00 0d fc 07 00 00 0e ff 07 00 00 0f d6 07 00 00,01 74 04 10 00 28 08 00 00 01 f3 07 00 00 02 f7 07 00 00 03 00 08 00 00 04 0f 08 00 00 05 30 08 00 00 06 28 08 00 00 07 e5 07 00 00 08 25 08 00 00 09 e5 07 00 00 0a 21 08 00 00 0b 13 08 00 00 0c f3 07 00 00 0d fc 07 00 00 0e ff 07 00 00 0f d6 07 00 00
578000,01 74 04 10 00 10 08 00 00 01 ef 07 00 00 02 e9 07 00 00 03 15 08 00 00 04 e8 07 00 00 05 2e 08 00 00 06 25 08 00 00 07 ef 07 00 00 08 24 08 00 00 09 1b 08 00 00 0a 11 08 00 00 0b dd 07 00 00 0c 0b 08 00 00 0d 02 08 00 00 0e ef 07 00 00 0f 20 08 00 00,01 74 04 10 00 10 08 00 00 01 ef 07 00 00 02 e9 07 00 00 03 15 08 00 00 04 e8 07 00 00 05 2e 08 00 00 06 25 08 00 00 07 ef 07 00 00 08 24 08 00 00 09 1b 08 00 00 0a 11 08 00 00 0b dd 07 00 00 0c 0b 08 00 00 0d 02 08 00 00 0e ef 07 00 00 0f 20 08 00 00
578000,01 74 04 10 00 12 08 00 00 01 24 08 00 00 02 12 08 00 00 03 26 08 00 00 04 23 08 00 00 05 17 08 00 00 06 09 08 00 00 07 2c 08 00 00 08 fd 07 00 00 09 eb 07 00 00 0a d2 07 00 00 0b 17 08 00 00 0c f1 07 00 00 0d 26 08 00 00 0e 0d 08 00 00 0f f7 07 00 00,01 74 04 10 00 12 08 00 00 01 24 08 00 00 02 12 08 00 00 03 26 08 00 00 04 23 08 00 00 05 17 08 00 00 06 09 08 00 00 07 2c 08 00 00 08 fd 07 00 00 09 eb 07 00 00 0a d2 07 00 00 0b 17 08 00 00 0c f1 07 00 00 0d 26 08 00 00 0e 0d 08 00 00 0f f7 07 00 00
594000,01 74 04 10 00 d4 07 00 00 01 0c 08 00 00 02 12 08 00 00 03 d1 07 00 00 04 18 08 00 00 05 ec 07 00 00 06 da 07 00 00 07 0a 08 00 00 08 d9 07 00 00 09 e9 07 00 00 0a e6 07 00 00 0b 11 08 00 00 0c 19 08 00 00 0d 0b 08 00 00 0e e9 07 00 00 0f f7 07 00 00,01 74 04 10 00 d4 07 00 00 01 0c 08 00 00 02 12 08 00 00 03 d1 07 00 00 04 18 08 00 00 05 ec 07 00 00 06 da 07 00 00 07 0a 08 00 00 08 d9 07 00 00 09 e9 07 00 00 0a e6 07 00 00 0b 11 08 00 00 0c 19 08 00 00 0d 0b 08 00 00 0e e9 07 00 00 0f f7 07 00 00
594000,01 74 04 10 00 29 08 00 00 01 05 08 00 00 02 db 07 00 00 03 ea 07 00 00 04 2a 08 00 00 05 e9 07 00 00 06 e2 07 00 00 07 1a 08 00 00 08 32 08 00 00 09 fc 07 00 00 0a d4 07 00 00 0b df 07 00 00 0c 02 08 00 00 0d de 07 00 00 0e 25 08 00 00 0f e2 07 00 00,01 74 04 10 00 29 08 00 00 01 05 08 00 00 02 db 07 00 00 03 ea 07 00 00 04 2a 08 00 00 05 e9 07 00 00 06 e2 07 00 00 07 1a 08 00 00 08 32 08 00 00 09 fc 07 00 00 0a d4 07 00 00 0b df 07 00 00 0c 02 08 00 00 0d de 07 00 00 0e 25 08 00 00 0f e2 07 00 00
594000,01 74 04 10 00 04 08 00 00 01 ed 07 00 00 02 eb 07 00 00 03 1a 08 00 00 04 24 08 00 00 05 06 08 00 00 06 f3 07 00 00 07 21 08 00 00 08 d8 07 00 00 09 0f 08 00 00 0a 16 08 00 00 0b ed 07 00 00 0c f0 07 00 00 0d ee 07 00 00 0e fa 07 00 00 0f d9 07 00 00,01 74 04 10 00 04 08 00 00 01 ed 07 00 00 02 eb 07 00 00 03 1a 08 00 00 04 24 08 00 00 05 06 08 00 00 06 f3 07 00 00 07 21 08 00 00 08 d8 07 00 00 09 0f 08 00 00 0a 16 08 00 00 0b ed 07 00 00 0c f0 07 00 00 0d ee 07 00 00 0e fa 07 00 00 0f d9 07 00 00
594000,01 74 04 10 00 fe 07 00 00 01 30 08 00 00 02 dc 07 00 00 03 f0 07 00 00 04 02 08 00 00 05 05 08 00 00 06 00 08 00 00 07 32 08 00 00 08 31 08 00 00 09 32 08 00 00 0a 33 08 00 00 0b 2c 08 00 00 0c dc 07 00 00 0d d0 07 00 00 0e 1e 08 00 00 0f 24 08 00 00,01 74 04 10 00 fe 07 00 00 01 30 08 00 00 02 dc 07 00 00 03 f0 07 00 00 04 02 08 00 00 05 05 08 00 00 06 00 08 00 00 07 32 08 00 00 08 31 08 00 00 09 32 08 00 00 0a 33 08 00 00 0b 2c 08 00 00 0c dc 07 00 00 0d d0 07 00 00 0e 1e 08 00 00 0f 24 08 00 00
609000,01 74 04 10 00 24 08 00 00 01 00 08 00 00 02 2b 08 00 00 03 18 08 00 00 04 e0 07 00 00 05 e0 07 00 00 06 27 08 00 00 07 18 08 00 00 08 01 08 00 00 09 fc 07 00 00 0a d7 07 00 00 0b 2a 08 00 00 0c e0 07 00 00 0d 0d 08 00 00 0e d6 07 00 00 0f e7 07 00 00,01 74 04 10 00 24 08 00 00 01 00 08 00 00 02 2b 08 00 00 03 18 08 00 00 04 e0 07 00 00 05 e0 07 00 00 06 27 08 00 00 07 18 08 00 00 08 01 08 00 00 09 fc 07 00 00 0a d7 07 00 00 0b 2a 08 00 00 0c e0 07 00 00 0d 0d 08 00 00 0e d6 07 00 00 0f e7 07 00 00
609000,01 74 04 10 00 db 07 00 00 01 2f 08 00 00 02 d4 07 00 00 03 ff 07 00 00 04 15 08 00 00 05 e5 07 00 00 06 f9 07 00 00 07 24 08 00 00 08 22 08 00 00 09 20 08 00 00 0a 1c 08 00 00 0b 13 08 00 00 0c ee 07 00 00 0d d3 07 00 00 0e d7 07 00 00 0f 04 08 00 00,01 74 04 10 00 db 07 00 00 01 2f 08 00 00 02 d4 07 00 00 03 ff 07 00 00 04 15 08 00 00 05 e5 07 00 00 06 f9 07 00 00 07 24 08 00 00 08 22 08 00 00 09 20 08 00 00 0a 1c 08 00 00 0b 13 08 00 00 0c ee 07 00 00 0d d3 07 00 00 0e d7 07 00 00 0f 04 08 00 00
609000,01 74 04 10 00 d7 07 00 00 01 f8 07 00 00 02 01 08 00 00 03 f6 07 00 00 04 34 08 00 00 05 e2 07 00 00 06 19 08 00 00 07 17 08 00 00 08 f1 07 00 00 09 ee 07 00 00 0a 25 08 00 00 0b 18 08 00 00 0c d1 07 00 00 0d 21 08 00 00 0e 2c 08 00 00 0f 1d 08 00 00,01 74 04 10 00 d7 07 00 00 01 f8 07 00 00 02 01 08 00 00 03 f6 07 00 00 04 34 08 00 00 05 e2 07 00 00 06 19 08 00 00 07 17 08 00 00 08 f1 07 00 00 09 ee 07 00 00 0a 25 08 00 00 0b 18 08 00 00 0c d1 07 00 00 0d 21 08 00 00 0e 2c 08 00 00 0f 1d 08 00 00
625000,01 74 04 10 00 f1 07 00 00 01 d0 07 00 00 02 19 08 00 00 03 fc 07 00 00 04 21 08 00 00 05 ee 07 00 00 06 de 07 00 00 07 33 08 00 00 08 f9 07 00 00 09 da 07 00 00 0a e9 07 00 00 0b d6 07 00 00 0c 22 08 00 00 0d 13 08 00 00 0e 34 08 00 00 0f f4 07 00 00,01 74 04 10 00 f1 07 00 00 01 d0 07 00 00 02 19 08 00 00 03 fc 07 00 00 04 21 08 00 00 05 ee 07 00 00 06 de 07 00 00 07 33 08 00 00 08 f9 07 00 00 09 da 07 00 00 0a e9 07 00 00 0b d6 07 00 00 0c 22 08 00 00 0d 13 08 00 00 0e 34 08 00 00 0f f4 07 00 00
641000,01 74 04 10 00 ef 07 00 00 01 16 08 00 00 02 e9 07 00 00 03 ed 07 00 00 04 08 08 00 00 05 07 08 00 00 06 2f 08 00 00 07 1a 08 00 00 08 d5 07 00 00 09 10 08 00 00 0a fb 07 00 00 0b f1 07 00 00 0c 00 08 00 00 0d d0 07 00 00 0e 33 08 00 00 0f ea 07 00 00,01 74 04 10 00 ef 07 00 00 01 16 08 00 00 02 e9 07 00 00 03 ed 07 00 00 04 08 08 00 00 05 07 08 00 00 06 2f 08 00 00 07 1a 08 00 00 08 d5 07 00 00 09 10 08 00 00 0a fb 07 00 00 0b f1 07 00 00 0c 00 08 00 00 0d d0 07 00 00 0e 33 08 00 00 0f ea 07 00 00
641000,01 74 04 10 00 ed 07 00 00 01 d1 07 00 00 02 22 08 00 00 03 d8 07 00 00 04 2c 08 00 00 05 ff 07 00 00 06 d2 07 00 00 07 2c 08 00 00 08 01 08 00 00 09 1d 08 00 00 0a 0e 08 00 00 0b 0b 08 00 00 0c 0d 08 00 00 0d 10 08 00 00 0e f9 07 00 00 0f 21 08 00 00,01 74 04 10 00 ed 07 00 00 01 d1 07 00 00 02 22 08 00 00 03 d8 07 00 00 04 2c 08 00 00 05 ff 07 00 00 06 d2 07 00 00 07 2c 08 00 00 08 01 08 00 00 09 1d 08 00 00 0a 0e 08 00 00 0b 0b 08 00 00 0c 0d 08 00 00 0d 10 08 00 00 0e f9 07 00 00 0f 21 08 00 00
641000,01 74 04 10 00 26 08 00 00 01 d8 07 00 00 02 20 08 00 00 03 1c 08 00 00 04 de 07 00 00 05 d6 07 00 00 06 e2 07 00 00 07 12 08 00 00 08 01 08 00 00 09 21 08 00 00 0a df 07 00 00 0b fc 07 00 00 0c 1d 08 00 00 0d dd 07 00 00 0e e2 07 00 00 0f f1 07 00 00,01 74 04 10 00 26 08 00 00 01 d8 07 00 00 02 20 08 00 00 03 1c 08 00 00 04 de 07 00 00 05 d6 07 00 00 06 e2 07 00 00 07 12 08 00 00 08 01 08 00 00 09 21 08 00 00 0a df 07 00 00 0b fc 07 00 00 0c 1d 08 00 00 0d dd 07 00 00 0e e2 07 00 00 0f f1 07 00 00
641000,01 74 04 10 00 2c 08 00 00 01 d5 07 00 00 02 f9 07 00 00 03 18 08 00 00 04 2b 08 00 00 05 0e 08 00 00 06 03 08 00 00 07 e6 07 00 00 08 df 07 00 00 09 18 08 00 00 0a f7 07 00 00 0b d1 07 00 00 0c 32 08 00 00 0d 28 08 00 00 0e d0 07 00 00 0f 04 08 00 00,01 74 04 10 00 2c 08 00 00 01 d5 07 00 00 02 f9 07 00 00 03 18 08 00 00 04 2b 08 00 00 05 0e 08 00 00 06 03 08 00 00 07 e6 07 00 00 08 df 07 00 00 09 18 08 00 00 0a f7 07 00 00 0b d1 07 00 00 0c 32 08 00 00 0d 28 08 00 00 0e d0 07 00 00 0f 04 08 00 00
656000,01 74 04 10 00 0e 08 00 00 01 14 08 00 00 02 e7 07 00 00 03 ea 07 00 00 04 06 08 00 00 05 23 08 00 00 06 e1 07 00 00 07 e9 07 00 00 08 dd 07 00 00 09 18 08 00 00 0a 01 08 00 00 0b 2b 08 00 00 0c e9 07 00 00 0d d6 07 00 00 0e 2e 08 00 00 0f f0 07 00 00,01 74 04 10 00 0e 08 00 00 01 14 08 00 00 02 e7 07 00 00 03 ea 07 00 00 04 06 08 00 00 05 23 08 00 00 06 e1 07 00 00 07 e9 07 00 00 08 dd 07 00 00 09 18 08 00 00 0a 01 08 00 00 0b 2b 08 00 00 0c e9 07 00 00 0d d6 07 00 00 0e 2e 08 00 00 0f f0 07 00 00
656000,01 74 04 10 00 f2 07 00 00 01 da 07 00 00 02 fd 07 00 00 03 fe 07 00 00 04 d5 07 00 00 05 32 08 00 00 06 0e 08 00 00 07 32 08 00 00 08 e0 07 00 00 09 1b 08 00 00 0a 13 08 00 00 0b e6 07 00 00 0c f9 07 00 00 0d d7 07 00 00 0e da 07 00 00 0f 08 08 00 00,01 74 04 10 00 f2 07 00 00 01 da 07 00 00 02 fd 07 00 00 03 fe 07 00 00 04 d5 07 00 00 05 32 08 00 00 06 0e 08 00 00 07 32 08 00 00 08 e0 07 00 00 09 1b 08 00 00 0a 13 08 00 00 0b e6 07 00 00 0c f9 07 00 00 0d d7 07 00 00 0e da 07 00 00 0f 08 08 00 00
656000,01 74 04 10 00 16 08 00 00 01 01 08 00 00 02 30 08 00 00 03 d6 07 00 00 04 17 08 00 00 05 0a 08 00 00 06 d6 07 00 00 07 d5 07 00 00 08 d4 07 00 00 09 09 08 00 00 0a 1d 08 00 00 0b fc 07 00 00 0c 10 08 00 00 0d eb 07 00 00 0e 14 08 00 00 0f 31 08 00 00,01 74 04 10 00 16 08 00 00 01 01 08 00 00 02 30 08 00 00 03 d6 07 00 00 04 17 08 00 00 05 0a 08 00 00 06 d6 07 00 00 07 d5 07 00 00 08 d4 07 00 00 09 09 08 00 00 0a 1d 08 00 00 0b fc 07 00 00 0c 10 08 00 00 0d eb 07 00 00 0e 14 08 00 00 0f 31 08 00 00
656000,01 74 04 10 00 09 08 00 00 01 fa 07 00 00 02 e3 07 00 00 03 f1 07 00 00 04 ff 07 00 00 05 e6 07 00 00 06 16 08 00 00 07 d7 07 00 00 08 04 08 00 00 09 d8 07 00 00 0a ef 07 00 00 0b f9 07 00 00 0c 10 08 00 00 0d 1c 08 00 00 0e d8 07 00 00 0f 2b 08 00 00,01 74 04 10 00 09 08 00 00 01 fa 07 00 00 02 e3 07 00 00 03 f1 07 00 00 04 ff 07 00 00 05 e6 07 00 00 06 16 08 00 00 07 d7 07 00 00 08 04 08 00 00 09 d8 07 00 00 0a ef 07 00 00 0b f9 07 00 00 0c 10 08 00 00 0d 1c 08 00 00 0e d8 07 00 00 0f 2b 08 00 00
672000,01 74 04 10 00 08 08 00 00 01 07 08 00 00 02 f8 07 00 00 03 27 08 00 00 04 02 08 00 00 05 fa 07 00 00 06 16 08 00 00 07 ed 07 00 00 08 15 08 00 00 09 15 08 00 00 0a e8 07 00 00 0b e5 07 00 00 0c 01 08 00 00 0d 00 08 00 00 0e 23 08 00 00 0f 31 08 00 00,01 74 04 10 00 08 08 00 00 01 07 08 00 00 02 f8 07 00 00 03 27 08 00 00 04 02 08 00 00 05 fa 07 00 00 06 16 08 00 00 07 ed 07 00 00 08 15 08 00 00 09 15 08 00 00 0a e8 07 00 00 0b e5 07 00 00 0c 01 08 00 00 0d 00 08 00 00 0e 23 08 00 00 0f 31 08 00 00
672000,01 74 04 10 00 1e 08 00 00 01 2b 08 00 00 02 fe 07 00 00 03 e5 07 00 00 04 d6 07 00 00 05 d4 07 00 00 06 29 08 00 00 07 2a 08 00 00 08 fe 07 00 00 09 ed 07 00 00 0a e6 07 00 00 0b 26 08 00 00 0c db 07 00 00 0d de 07 00 00 0e 22 08 00 00 0f d5 07 00 00,01 74 04 10 00 1e 08 00 00 01 2b 08 00 00 02 fe 07 00 00 03 e5 07 00 00 04 d6 07 00 00 05 d4 07 00 00 06 29 08 00 00 07 2a 08 00 00 08 fe 07 00 00 09 ed 07 00 00 0a e6 07 00 00 0b 26 08 00 00 0c db 07 00 00 0d de 07 00 00 0e 22 08 00 00 0f d5 07 00 00
672000,01 74 04 10 00 ea 07 00 00 01 32 08 00 00 02 14 08 00 00 03 34 08 00 00 04 dc 07 00 00 05 02 08 00 00 06 e8 07 00 00 07 01 08 00 00 08 2e 08 00 00 09 e3 07 00 00 0a f8 07 00 00 0b 29 08 00 00 0c 18 08 00 00 0d fd 07 00 00 0e ec 07 00 00 0f 15 08 00 00,01 74 04 10 00 ea 07 00 00 01 32 08 00 00 02 14 08 00 00 03 34 08 00 00 04 dc 07 00 00 05 02 08 00 00 06 e8 07 00 00 07 01 08 00 00 08 2e 08 00 00 09 e3 07 00 00 0a f8 07 00 00 0b 29 08 00 00 0c 18 08 00 00 0d fd 07 00 00 0e ec 07 00 00 0f 15 08 00 00
672000,01 74 04 10 00 1d 08 00 00 01 01 08 00 00 02 00 08 00 00 03 26 08 00 00 04 09 08 00 00 05 df 07 00 00 06 31 08 00 00 07 da 07 00 00 08 1c 08 00 00 09 22 08 00 00 0a 20 08 00 00 0b e6 07 00 00 0c e6 07 00 00 0d 1c 08 00 00 0e eb 07 00 00 0f dc 07 00 00,01 74 04 10 00 1d 08 00 00 01 01 08 00 00 02 00 08 00 00 03 26 08 00 00 04 09 08 00 00 05 df 07 00 00 06 31 08 00 00 07 da 07 00 00 08 1c 08 00 00 09 22 08 00 00 0a 20 08 00 00 0b e6 07 00 00 0c e6 07 00 00 0d 1c 08 00 00 0e eb 07 00 00 0f dc 07 00 00
688000,01 74 04 10 00 d7 07 00 00 01 29 08 00 00 02 08 08 00 00 03 28 08 00 00 04 07 08 00 00 05 32 08 00 00 06 33 08 00 00 07 27 08 00 00 08 0f 08 00 00 09 e6 07 00 00 0a d5 07 00 00 0b 33 08 00 00 0c f3 07 00 00 0d 0a 08 00 00 0e dc 07 00 00 0f 29 08 00 00,01 74 04 10 00 d7 07 00 00 01 29 08 00 00 02 08 08 00 00 03 28 08 00 00 04 07 08 00 00 05 32 08 00 00 06 33 08 00 00 07 27 08 00 00 08 0f 08 00 00 09 e6 07 00 00 0a d5 07 00 00 0b 33 08 00 00 0c f3 07 00 00 0d 0a 08 00 00 0e dc 07 00 00 0f 29 08 00 00
688000,01 74 04 10 00 fa 07 00 00 01 05 08 00 00 02 1a 08 00 00 03 14 08 00 00 04 10 08 00 00 05 08 08 00 00 06 e3 07 00 00 07 de 07 00 00 08 1a 08 00 00 09 10 08 00 00 0a 2e 08 00 00 0b 03 08 00 00 0c 1b 08 00 00 0d e9 07 00 00 0e f5 07 00 00 0f e8 07 00 00,01 74 04 10 00 fa 07 00 00 01 05 08 00 00 02 1a 08 00 00 03 14 08 00 00 04 10 08 00 00 05 08 08 00 00 06 e3 07 00 00 07 de 07 00 00 08 1a 08 00 00 09 10 08 00 00 0a 2e 08 00 00 0b 03 08 00 00 0c 1b 08 00 00 0d e9 07 00 00 0e f5 07 00 00 0f e8 07 00 00
688000,01 74 04 10 00 de 07 00 00 01 0d 08 00 00 02 1b 08 00 00 03 e1 07 00 00 04 09 08 00 00 05 19 08 00 00 06 f2 07 00 00 07 24 08 00 00 08 07 08 00 00 09 d8 07 00 00 0a f2 07 00 00 0b 03 08 00 00 0c 2a 08 00 00 0d 0d 08 00 00 0e 15 08 00 00 0f 05 08 00 00,01 74 04 10 00 de 07 00 00 01 0d 08 00 00 02 1b 08 00 00 03 e1 07 00 00 04 09 08 00 00 05 19 08 00 00 06 f2 07 00 00 07 24 08 00 00 08 07 08 00 00 09 d8 07 00 00 0a f2 07 00 00 0b 03 08 00 00 0c 2a 08 00 00 0d 0d 08 00 00 0e 15 08 00 00 0f 05 08 00 00
688000,01 74 04 10 00 df 07 00 00 01 d5 07 00 00 02 30 08 00 00 03 de 07 00 00 04 24 08 00 00 05 31 08 00 00 06 30 08 00 00 07 16 08 00 00 08 e4 07 00 00 09 14 08 00 00 0a 11 08 00 00 0b d7 07 00 00 0c d7 07 00 00 0d 03 08 00 00 0e 0b 08 00 00 0f d1 07 00 00,01 74 04 10 00 df 07 00 00 01 d5 07 00 00 02 30 08 00 00 03 de 07 00 00 04 24 08 00 00 05 31 08 00 00 06 30 08 00 00 07 16 08 00 00 08 e4 07 00 00 09 14 08 00 00 0a 11 08 00 00 0b d7 07 00 00 0c d7 07 00 00 0d 03 08 00 00 0e 0b 08 00 00 0f d1 07 00 00
703000,01 74 04 10 00 fd 07 00 00 01 d7 07 00 00 02 29 08 00 00 03 1e 08 00 00 04 06 08 00 00 05 05 08 00 00 06 27 08 00 00 07 2b 08 00 00 08 20 08 00 00 09 e4 07 00 00 0a 13 08 00 00 0b fc 07 00 00 0c 0b 08 00 00 0d e8 07 00 00 0e dc 07 00 00 0f d7 07 00 00,01 74 04 10 00 fd 07 00 00 01 d7 07 00 00 02 29 08 00 00 03 1e 08 00 00 04 06 08 00 00 05 05 08 00 00 06 27 08 00 00 07 2b 08 00 00 08 20 08 00 00 09 e4 07 00 00 0a 13 08 00 00 0b fc 07 00 00 0c 0b 08 00 00 0d e8 07 00 00 0e dc 07 00 00 0f d7 07 00 00
703000,01 74 04 10 00 0b 08 00 00 01 e7 07 00 00 02 d9 07 00 00 03 eb 07 00 00 04 e5 07 00 00 05 ee 07 00 00 06 f0 07 00 00 07 0a 08 00 00 08 d3 07 00 00 09 02 08 00 00 0a fe 07 00 00 0b 21 08 00 00 0c 0e 08 00 00 0d d3 07 00 00 0e 21 08 00 00 0f 1f 08 00 00,01 74 04 10 00 0b 08 00 00 01 e7 07 00 00 02 d9 07 00 00 03 eb 07 00 00 04 e5 07 00 00 05 ee 07 00 00 06 f0 07 00 00 07 0a 08 00 00 08 d3 07 00 00 09 02 08 00 00 0a fe 07 00 00 0b 21 08 00 00 0c 0e 08 00 00 0d d3 07 00 00 0e 21 08 00 00 0f 1f 08 00 00
703000,01 74 04 10 00 06 08 00 00 01 d6 07 00 00 02 e8 07 00 00 03 18 08 00 00 04 f8 07 00 00 05 0a 08 00 00 06 30 08 00 00 07 d6 07 00 00 08 e9 07 00 00 09 d8 07 00 00 0a ea 07 00 00 0b 00 08 00 00 0c d4 07 00 00 0d 0f 08 00 00 0e 06 08 00 00 0f 06 08 00 00,01 74 04 10 00 06 08 00 00 01 d6 07 00 00 02 e8 07 00 00 03 18 08 00 00 04 f8 07 00 00 05 0a 08 00 00 06 30 08 00 00 07 d6 07 00 00 08 e9 07 00 00 09 d8 07 00 00 0a ea 07 00 00 0b 00 08 00 00 0c d4 07 00 00 0d 0f 08 00 00 0e 06 08 00 00 0f 06 08 00 00
703000,01 74 04 10 00 10 08 00 00 01 f4 07 00 00 02 14 08 00 00 03 22 08 00 00 04 17 08 00 00 05 d6 07 00 00 06 1c 08 00 00 07 ee 07 00 00 08 eb 07 00 00 09 21 08 00 00 0a 20 08 00 00 0b f2 07 00 00 0c fb 07 00 00 0d 16 08 00 00 0e d5 07 00 00 0f f7 07 00 00,01 74 04 10 00 10 08 00 00 01 f4 07 00 00 02 14 08 00 00 03 22 08 00 00 04 17 08 00 00 05 d6 07 00 00 06 1c 08 00 00 07 ee 07 00 00 08 eb 07 00 00 09 21 08 00 00 0a 20 08 00 00 0b f2 07 00 00 0c fb 07 00 00 0d 16 08 00 00 0e d5 07 00 00 0f f7 07 00 00
703000,01 74 04 10 00 08 08 00 00 01 e0 07 00 00 02 20 08 00 00 03 23 08 00 00 04 f9 07 00 00 05 2c 08 00 00 06 07 08 00 00 07 30 08 00 00 08 15 08 00 00 09 e3 07 00 00 0a f2 07 00 00 0b d0 07 00 00 0c eb 07 00 00 0d 1a 08 00 00 0e da 07 00 00 0f 2d 08 00 00,01 74 04 10 00 08 08 00 00 01 e0 07 00 00 02 20 08 00 00 03 23 08 00 00 04 f9 07 00 00 05 2c 08 00 00 06 07 08 00 00 07 30 08 00 00 08 15 08 00 00 09 e3 07 00 00 0a f2 07 00 00 0b d0 07 00 00 0c eb 07 00 00 0d 1a 08 00 00 0e da 07 00 00 0f 2d 08 00 00
719000,01 74 04 10 00 18 08 00 00 01 2a 08 00 00 02 e7 07 00 00 03 ef 07 00 00 04 26 08 00 00 05 32 08 00 00 06 14 08 00 00 07 28 08 00 00 08 33 08 00 00 09 e7 07 00 00 0a e2 07 00 00 0b da 07 00 00 0c e8 07 00 00 0d 20 08 00 00 0e 1e 08 00 00 0f 23 08 00 00,01 74 04 10 00 18 08 00 00 01 2a 08 00 00 02 e7 07 00 00 03 ef 07 00 00 04 26 08 00 00 05 32 08 00 00 06 14 08 00 00 07 28 08 00 00 08 33 08 00 00 09 e7 07 00 00 0a e2 07 00 00 0b da 07 00 00 0c e8 07 00 00 0d 20 08 00 00 0e 1e 08 00 00 0f 23 08 00 00
719000,01 74 04 10 00 0b 08 00 00 01 e1 07 00 00 02 d0 07 00 00 03 0e 08 00 00 04 12 08 00 00 05 0a 08 00 00 06 e4 07 00 00 07 32 08 00 00 08 1d 08 00 00 09 0e 08 00 00 0a 2d 08 00 00 0b 11 08 00 00 0c 2c 08 00 00 0d f3 07 00 00 0e 33 08 00 00 0f f7 07 00 00,01 74 04 10 00 0b 08 00 00 01 e1 07 00 00 02 d0 07 00 00 03 0e 08 00 00 04 12 08 00 00 05 0a 08 00 00 06 e4 07 00 00 07 32 08 00 00 08 1d 08 00 00 09 0e 08 00 00 0a 2d 08 00 00 0b 11 08 00 00 0c 2c 08 00 00 0d f3 07 00 00 0e 33 08 00 00 0f f7 07 00 00
719000,01 74 04 10 00 28 08 00 00 01 04 08 00 00 02 11 08 00 00 03 e7 07 00 00 04 0e 08 00 00 05 ea 07 00 00 06 28 08 00 00 07 18 08 00 00 08 dd 07 00 00 09 21 08 00 00 0a 2c 08 00 00 0b 16 08 00 00 0c e5 07 00 00 0d 0a 08 00 00 0e ff 07 00 00 0f da 07 00 00,01 74 04 10 00 28 08 00 00 01 04 08 00 00 02 11 08 00 00 03 e7 07 00 00 04 0e 08 00 00 05 ea 07 00 00 06 28 08 00 00 07 18 08 00 00 08 dd 07 00 00 09 21 08 00 00 0a 2c 08 00 00 0b 16 08 00 00 0c e5 07 00 00 0d 0a 08 00 00 0e ff 07 00 00 0f da 07 00 00
734000,01 74 04 10 00 db 07 00 00 01 f0 07 00 00 02 1d 08 00 00 03 e2 07 00 00 04 27 08 00 00 05 d3 07 00 00 06 0a 08 00 00 07 21 08 00 00 08 0f 08 00 00 09 dc 07 00 00 0a 34 08 00 00 0b da 07 00 00 0c fd 07 00 00 0d fa 07 00 00 0e d3 07 00 00 0f df 07 00 00,01 74 04 10 00 db 07 00 00 01 f0 07 00 00 02 1d 08 00 00 03 e2 07 00 00 04 27 08 00 00 05 d3 07 00 00 06 0a 08 00 00 07 21 08 00 00 08 0f 08 00 00 09 dc 07 00 00 0a 34 08 00 00 0b da 07 00 00 0c fd 07 00 00 0d fa 07 00 00 0e d3 07 00 00 0f df 07 00 00
734000,01 74 04 10 00 27 08 00 00 01 d2 07 00 00 02 f5 07 00 00 03 d8 07 00 00 04 09 08 00 00 05 ef 07 00 00 06 f5 07 00 00 07 11 08 00 00 08 da 07 00 00 09 eb 07 00 00 0a ec 07 00 00 0b eb 07 00 00 0c 1d 08 00 00 0d 0c 08 00 00 0e de 07 00 00 0f f2 07 00 00,01 74 04 10 00 27 08 00 00 01 d2 07 00 00 02 f5 07 00 00 03 d8 07 00 00 04 09 08 00 00 05 ef 07 00 00 06 f5 07 00 00 07 11 08 00 00 08 da 07 00 00 09 eb 07 00 00 0a ec 07 00 00 0b eb 07 00 00 0c 1d 08 00 00 0d 0c 08 00 00 0e de 07 00 00 0f f2 07 00 00
734000,01 74 04 10 00 2d 08 00 00 01 0e 08 00 00 02 0f 08 00 00 03 19 08 00 00 04 1c 08 00 00 05 f0 07 00 00 06 17 08 00 00 07 07 08 00 00 08 10 08 00 00 09 0b 08 00 00 0a dd 07 00 00 0b ee 07 00 00 0c 2a 08 00 00 0d dd 07 00 00 0e d7 07 00 00 0f 1d 08 00 00,01 74 04 10 00 2d 08 00 00 01 0e 08 00 00 02 0f 08 00 00 03 19 08 00 00 04 1c 08 00 00 05 f0 07 00 00 06 17 08 00 00 07 07 08 00 00 08 10 08 00 00 09 0b 08 00 00 0a dd 07 00 00 0b ee 07 00 00 0c 2a 08 00 00 0d dd 07 00 00 0e d7 07 00 00 0f 1d 08 00 00
734000,01 74 04 10 00 34 08 00 00 01 e8 07 00 00 02 00 08 00 00 03 f3 07 00 00 04 2e 08 00 00 05 ed 07 00 00 06 17 08 00 00 07 dc 07 00 00 08 08 08 00 00 09 14 08 00 00 0a d0 07 00 00 0b f8 07 00 00 0c d6 07 00 00 0d 05 08 00 00 0e fc 07 00 00 0f 03 08 00 00,01 74 04 10 00 34 08 00 00 01 e8 07 00 00 02 00 08 00 00 03 f3 07 00 00 04 2e 08 00 00 05 ed 07 00 00 06 17 08 00 00 07 dc 07 00 00 08 08 08 00 00 09 14 08 00 00 0a d0 07 00 00 0b f8 07 00 00 0c d6 07 00 00 0d 05 08 00 00 0e fc 07 00 00 0f 03 08 00 00
750000,01 74 04 10 00 0a 08 00 00 01 f6 07 00 00 02 0f 08 00 00 03 e5 07 00 00 04 25 08 00 00 05 ff 07 00 00 06 23 08 00 00 07 ea 07 00 00 08 de 07 00 00 09 0a 08 00 00 0a 23 08 00 00 0b e9 07 00 00 0c dc 07 00 00 0d f4 07 00 00 0e 0a 08 00 00 0f d4 07 00 00,01 74 04 10 00 0a 08 00 00 01 f6 07 00 00 02 0f 08 00 00 03 e5 07 00 00 04 25 08 00 00 05 ff 07 00 00 06 23 08 00 00 07 ea 07 00 00 08 de 07 00 00 09 0a 08 00 00 0a 23 08 00 00 0b e9 07 00 00 0c dc 07 00 00 0d f4 07 00 00 0e 0a 08 00 00 0f d4 07 00 00
750000,01 74 04 10 00 16 08 00 00 01 f0 07 00 00 02 0e 08 00 00 03 05 08 00 00 04 e9 07 00 00 05 04 08 00 00 06 2c 08 00 00 07 1c 08 00 00 08 d2 07 00 00 09 0e 08 00 00 0a e0 07 00 00 0b 32 08 00 00 0c d0 07 00 00 0d 13 08 00 00 0e ef 07 00 00 0f d0 07 00 00,01 74 04 10 00 16 08 00 00 01 f0 07 00 00 02 0e 08 00 00 03 05 08 00 00 04 e9 07 00 00 05 04 08 00 00 06 2c 08 00 00 07 1c 08 00 00 08 d2 07 00 00 09 0e 08 00 00 0a e0 07 00 00 0b 32 08 00 00 0c d0 07 00 00 0d 13 08 00 00 0e ef 07 00 00 0f d0 07 00 00
750000,01 74 04 10 00 ea 07 00 00 01 d9 07 00 00 02 10 08 00 00 03 f4 07 00 00 04 07 08 00 00 05 33 08 00 00 06 d2 07 00 00 07 f3 07 00 00 08 09 08 00 00 09 df 07 00 00 0a 14 08 00 00 0b 22 08 00 00 0c f7 07 00 00 0d ed 07 00 00 0e 1a 08 00 00 0f 33 08 00 00,01 74 04 10 00 ea 07 00 00 01 d9 07 00 00 02 10 08 00 00 03 f4 07 00 00 04 07 08 00 00 05 33 08 00 00 06 d2 07 00 00 07 f3 07 00 00 08 09 08 00 00 09 df 07 00 00 0a 14 08 00 00 0b 22 08 00 00 0c f7 07 00 00 0d ed 07 00 00 0e 1a 08 00 00 0f 33 08 00 00
750000,01 74 04 10 00 11 08 00 00 01 1d 08 00 00 02 2d 08 00 00 03 0b 08 00 00 04 05 08 00 00 05 16 08 00 00 06 01 08 00 00 07 11 08 00 00 08 da 07 00 00 09 23 08 00 00 0a 1e 08 00 00 0b fc 07 00 00 0c 01 08 00 00 0d 2e 08 00 00 0e 18 08 00 00 0f 1e 08 00 00,01 74 04 10 00 11 08 00 00 01 1d 08 00 00 02 2d 08 00 00 03 0b 08 00 00 04 05 08 00 00 05 16 08 00 00 06 01 08 00 00 07 11 08 00 00 08 da 07 00 00 09 23 08 00 00 0a 1e 08 00 00 0b fc 07 00 00 0c 01 08 00 00 0d 2e 08 00 00 0e 18 08 00 00 0f 1e 08 00 00
766000,01 74 04 10 00 f5 07 00 00 01 05 08 00 00 02 e9 07 00 00 03 d0 07 00 00 04 dd 07 00 00 05 00 08 00 00 06 0c 08 00 00 07 09 08 00 00 08 da 07 00 00 09 29 08 00 00 0a 12 08 00 00 0b 30 08 00 00 0c 30 08 00 00 0d 11 08 00 00 0e 1b 08 00 00 0f 2f 08 00 00,01 74 04 10 00 f5 07 00 00 01 05 08 00 00 02 e9 07 00 00 03 d0 07 00 00 04 dd 07 00 00 05 00 08 00 00 06 0c 08 00 00 07 09 08 00 00 08 da 07 00 00 09 29 08 00 00 0a 12 08 00 00 0b 30 08 00 00 0c 30 08 00 00 0d 11 08 00 00 0e 1b 08 00 00 0f 2f 08 00 00
766000,01 74 04 10 00 e0 07 00 00 01 29 08 00 00 02 f0 07 00 00 03 07 08 00 00 04 26 08 00 00 05 f9 07 00 00 06 10 08 00 00 07 33 08 00 00 08 31 08 00 00 09 2a 08 00 00 0a 20 08 00 00 0b d7 07 00 00 0c f4 07 00 00 0d e9 07 00 00 0e 2f 08 00 00 0f 33 08 00 00,01 74 04 10 00 e0 07 00 00 01 29 08 00 00 02 f0 07 00 00 03 07 08 00 00 04 26 08 00 00 05 f9 07 00 00 06 10 08 00 00 07 33 08 00 00 08 31 08 00 00 09 2a 08 00 00 0a 20 08 00 00 0b d7 07 00 00 0c f4 07 00 00 0d e9 07 00 00 0e 2f 08 00 00 0f 33 08 00 00
766000,01 74 04 10 00 1a 08 00 00 01 e9 07 00 00 02 06 08 00 00 03 fd 07 00 00 04 d8 07 00 00 05 f2 07 00 00 06 00 08 00 00 07 e0 07 00 00 08 32 08 00 00 09 30 08 00 00 0a e0 07 00 00 0b 19 08 00 00 0c d5 07 00 00 0d ed 07 00 00 0e 19 08 00 00 0f 29 08 00 00,01 74 04 10 00 1a 08 00 00 01 e9 07 00 00 02 06 08 00 00 03 fd 07 00 00 04 d8 07 00 00 05 f2 07 00 00 06 00 08 00 00 07 e0 07 00 00 08 32 08 00 00 09 30 08 00 00 0a e0 07 00 00 0b 19 08 00 00 0c d5 07 00 00 0d ed 07 00 00 0e 19 08 00 00 0f 29 08 00 00
781000,01 74 04 10 00 08 08 00 00 01 ef 07 00 00 02 17 08 00 00 03 05 08 00 00 04 f7 07 00 00 05 31 08 00 00 06 1d 08 00 00 07 ef 07 00 00 08 df 07 00 00 09 f2 07 00 00 0a 2d 08 00 00 0b db 07 00 00 0c d1 07 00 00 0d f0 07 00 00 0e f4 07 00 00 0f 20 08 00 00,01 74 04 10 00 08 08 00 00 01 ef 07 00 00 02 17 08 00 00 03 05 08 00 00 04 f7 07 00 00 05 31 08 00 00 06 1d 08 00 00 07 ef 07 00 00 08 df 07 00 00 09 f2 07 00 00 0a 2d 08 00 00 0b db 07 00 00 0c d1 07 00 00 0d f0 07 00 00 0e f4 07 00 00 0f 20 08 00 00
781000,01 74 04 10 00 db 07 00 00 01 14 08 00 00 02 09 08 00 00 03 0b 08 00 00 04 e6 07 00 00 05 30 08 00 00 06 24 08 00 00 07 e2 07 00 00 08 2b 08 00 00 09 e7 07 00 00 0a f6 07 00 00 0b 1f 08 00 00 0c eb 07 00 00 0d 27 08 00 00 0e db 07 00 00 0f d7 07 00 00,01 74 04 10 00 db 07 00 00 01 14 08 00 00 02 09 08 00 00 03 0b 08 00 00 04 e6 07 00 00 05 30 08 00 00 06 24 08 00 00 07 e2 07 00 00 08 2b 08 00 00 09 e7 07 00 00 0a f6 07 00 00 0b 1f 08 00 00 0c eb 07 00 00 0d 27 08 00 00 0e db 07 00 00 0f d7 07 00 00
781000,01 74 04 10 00 e9 07 00 00 01 f1 07 00 00 02 24 08 00 00 03 26 08 00 00 04 01 08 00 00 05 27 08 00 00 06 fd 07 00 00 07 f2 07 00 00 08 e9 07 00 00 09 ef 07 00 00 0a de 07 00 00 0b d0 07 00 00 0c 21 08 00 00 0d 06 08 00 00 0e de 07 00 00 0f 07 08 00 00,01 74 04 10 00 e9 07 00 00 01 f1 07 00 00 02 24 08 00 00 03 26 08 00 00 04 01 08 00 00 05 27 08 00 00 06 fd 07 00 00 07 f2 07 00 00 08 e9 07 00 00 09 ef 07 00 00 0a de 07 00 00 0b d0 07 00 00 0c 21 08 00 00 0d 06 08 00 00 0e de 07 00 00 0f 07 08 00 00
797000,01 74 04 10 00 d9 07 00 00 01 1f 08 00 00 02 d5 07 00 00 03 19 08 00 00 04 d8 07 00 00 05 db 07 00 00 06 0e 08 00 00 07 24 08 00 00 08 26 08 00 00 09 22 08 00 00 0a 12 08 00 00 0b 03 08 00 00 0c 2a 08 00 00 0d f2 07 00 00 0e d4 07 00 00 0f ef 07 00 00,01 74 04 10 00 d9 07 00 00 01 1f 08 00 00 02 d5 07 00 00 03 19 08 00 00 04 d8 07 00 00 05 db 07 00 00 06 0e 08 00 00 07 24 08 00 00 08 26 08 00 00 09 22 08 00 00 0a 12 08 00 00 0b 03 08 00 00 0c 2a 08 00 00 0d f2 07 00 00 0e d4 07 00 00 0f ef 07 00 00
797000,01 74 04 10 00 14 08 00 00 01 d7 07 00 00 02 eb 07 00 00 03 1b 08 00 00 04 da 07 00 00 05 1b 08 00 00 06 d4 07 00 00 07 e7 07 00 00 08 fd 07 00 00 09 11 08 00 00 0a 09 08 00 00 0b d2 07 00 00 0c f0 07 00 00 0d 15 08 00 00 0e db 07 00 00 0f 0f 08 00 00,01 74 04 10 00 14 08 00 00 01 d7 07 00 00 02 eb 07 00 00 03 1b 08 00 00 04 da 07 00 00 05 1b 08 00 00 06 d4 07 00 00 07 e7 07 00 00 08 fd 07 00 00 09 11 08 00 00 0a 09 08 00 00 0b d2 07 00 00 0c f0 07 00 00 0d 15 08 00 00 0e db 07 00 00 0f 0f 08 00 00
797000,01 74 04 10 00 34 08 00 00 01 f8 07 00 00 02 06 08 00 00 03 2a 08 00 00 04 e3 07 00 00 05 d3 07 00 00 06 24 08 00 00 07 ed 07 00 00 08 f9 07 00 00 09 14 08 00 00 0a 2a 08 00 00 0b 1d 08 00 00 0c 25 08 00 00 0d 1b 08 00 00 0e e8 07 00 00 0f de 07 00 00,01 74 04 10 00 34 08 00 00 01 f8 07 00 00 02 06 08 00 00 03 2a 08 00 00 04 e3 07 00 00 05 d3 07 00 00 06 24 08 00 00 07 ed 07 00 00 08 f9 07 00 00 09 14 08 00 00 0a 2a 08 00 00 0b 1d 08 00 00 0c 25 08 00 00 0d 1b 08 00 00 0e e8 07 00 00 0f de 07 00 00
797000,01 74 04 10 00 db 07 00 00 01 24 08 00 00 02 23 08 00 00 03 d8 07 00 00 04 2b 08 00 00 05 09 08 00 00 06 eb 07 00 00 07 12 08 00 00 08 02 08 00 00 09 d4 07 00 00 0a 12 08 00 00 0b 27 08 00 00 0c fd 07 00 00 0d 10 08 00 00 0e 02 08 00 00 0f 2e 08 00 00,01 74 04 10 00 db 07 00 00 01 24 08 00 00 02 23 08 00 00 03 d8 07 00 00 04 2b 08 00 00 05 09 08 00 00 06 eb 07 00 00 07 12 08 00 00 08 02 08 00 00 09 d4 07 00 00 0a 12 08 00 00 0b 27 08 00 00 0c fd 07 00 00 0d 10 08 00 00 0e 02 08 00 00 0f 2e 08 00 00
813000,01 74 04 10 00 f3 07 00 00 01 2b 08 00 00 02 0a 08 00 00 03 ff 07 00 00 04 f6 07 00 00 05 0f 08 00 00 06 dd 07 00 00 07 ea 07 00 00 08 f1 07 00 00 09 eb 07 00 00 0a db 07 00 00 0b 25 08 00 00 0c 1e 08 00 00 0d 2b 08 00 00 0e 00 08 00 00 0f dd 07 00 00,01 74 04 10 00 f3 07 00 00 01 2b 08 00 00 02 0a 08 00 00 03 ff 07 00 00 04 f6 07 00 00 05 0f 08 00 00 06 dd 07 00 00 07 ea 07 00 00 08 f1 07 00 00 09 eb 07 00 00 0a db 07 00 00 0b 25 08 00 00 0c 1e 08 00 00 0d 2b 08 00 00 0e 00 08 00 00 0f dd 07 00 00
813000,01 74 04 10 00 eb 07 00 00 01 ea 07 00 00 02 e5 07 00 00 03 2f 08 00 00 04 09 08 00 00 05 03 08 00 00 06 34 08 00 00 07 e3 07 00 00 08 02 08 00 00 09 d7 07 00 00 0a 0e 08 00 00 0b 34 08 00 00 0c f1 07 00 00 0d 24 08 00 00 0e 0a 08 00 00 0f e9 07 00 00,01 74 04 10 00 eb 07 00 00 01 ea 07 00 00 02 e5 07 00 00 03 2f 08 00 00 04 09 08 00 00 05 03 08 00 00 06 34 08 00 00 07 e3 07 00 00 08 02 08 00 00 09 d7 07 00 00 0a 0e 08 00 00 0b 34 08 00 00 0c f1 07 00 00 0d 24 08 00 00 0e 0a 08 00 00 0f e9 07 00 00
828000,01 74 04 10 00 1d 08 00 00 01 ef 07 00 00 02 08 08 00 00 03 d9 07 00 00 04 14 08 00 00 05 f5 07 00 00 06 0a 08 00 00 07 09 08 00 00 08 26 08 00 00 09 21 08 00 00 0a e3 07 00 00 0b 33 08 00 00 0c 34 08 00 00 0d d7 07 00 00 0e 2c 08 00 00 0f 22 08 00 00,01 74 04 10 00 1d 08 00 00 01 ef 07 00 00 02 08 08 00 00 03 d9 07 00 00 04 14 08 00 00 05 f5 07 00 00 06 0a 08 00 00 07 09 08 00 00 08 26 08 00 00 09 21 08 00 00 0a e3 07 00 00 0b 33 08 00 00 0c 34 08 00 00 0d d7 07 00 00 0e 2c 08 00 00 0f 22 08 00 00
828000,01 74 04 10 00 da 07 00 00 01 04 08 00 00 02 f7 07 00 00 03 31 08 00 00 04 23 08 00 00 05 1e 08 00 00 06 f2 07 00 00 07 0b 08 00 00 08 d3 07 00 00 09 de 07 00 00 0a 30 08 00 00 0b 1e 08 00 00 0c f5 07 00 00 0d 19 08 00 00 0e 09 08 00 00 0f 2a 08 00 00,01 74 04 10 00 da 07 00 00 01 04 08 00 00 02 f7 07 00 00 03 31 08 00 00 04 23 08 00 00 05 1e 08 00 00 06 f2 07 00 00 07 0b 08 00 00 08 d3 07 00 00 09 de 07 00 00 0a 30 08 00 00 0b 1e 08 00 00 0c f5 07 00 00 0d 19 08 00 00 0e 09 08 00 00 0f 2a 08 00 00
828000,01 74 04 10 00 eb 07 00 00 01 04 08 00 00 02 02 08 00 00 03 e1 07 00 00 04 12 08 00 00 05 11 08 00 00 06 0a 08 00 00 07 ee 07 00 00 08 f5 07 00 00 09 fb 07 00 00 0a e4 07 00 00 0b 14 08 00 00 0c f2 07 00 00 0d e7 07 00 00 0e 1d 08 00 00 0f d8 07 00 00,01 74 04 10 00 eb 07 00 00 01 04 08 00 00 02 02 08 00 00 03 e1 07 00 00 04 12 08 00 00 05 11 08 00 00 06 0a 08 00 00 07 ee 07 00 00 08 f5 07 00 00 09 fb 07 00 00 0a e4 07 00 00 0b 14 08 00 00 0c f2 07 00 00 0d e7 07 00 00 0e 1d 08 00 00 0f d8 07 00 00
828000,01 74 04 10 00 19 08 00 00 01 01 08 00 00 02 1f 08 00 00 03 e4 07 00 00 04 f5 07 00 00 05 d0 07 00 00 06 e3 07 00 00 07 26 08 00 00 08 0c 08 00 00 09 10 08 00 00 0a 01 08 00 00 0b 0e 08 00 00 0c 22 08 00 00 0d 34 08 00 00 0e f6 07 00 00 0f 23 08 00 00,01 74 04 10 00 19 08 00 00 01 01 08 00 00 02 1f 08 00 00 03 e4 07 00 00 04 f5 07 00 00 05 d0 07 00 00 06 e3 07 00 00 07 26 08 00 00 08 0c 08 00 00 09 10 08 00 00 0a 01 08 00 00 0b 0e 08 00 00 0c 22 08 00 00 0d 34 08 00 00 0e f6 07 00 00 0f 23 08 00 00
844000,01 74 04 10 00 13 08 00 00 01 01 08 00 00 02 f4 07 00 00 03 df 07 00 00 04 e0 07 00 00 05 f9 07 00 00 06 05 08 00 00 07 10 08 00 00 08 f2 07 00 00 09 e3 07 00 00 0a f5 07 00 00 0b 06 08 00 00 0c fb 07 00 00 0d 0d 08 00 00 0e 1b 08 00 00 0f dd 07 00 00,01 74 04 10 00 13 08 00 00 01 01 08 00 00 02 f4 07 00 00 03 df 07 00 00 04 e0 07 00 00 05 f9 07 00 00 06 05 08 00 00 07 10 08 00 00 08 f2 07 00 00 09 e3 07 00 00 0a f5 07 00 00 0b 06 08 00 00 0c fb 07 00 00 0d 0d 08 00 00 0e 1b 08 00 00 0f dd 07 00 00
844000,01 74 04 10 00 dd 07 00 00 01 fe 07 00 00 02 06 08 00 00 03 ea 07 00 00 04 2d 08 00 00 05 2f 08 00 00 06 00 08 00 00 07 e8 07 00 00 08 15 08 00 00 09 e6 07 00 00 0a d9 07 00 00 0b eb 07 00 00 0c ef 07 00 00 0d 2e 08 00 00 0e 30 08 00 00 0f e8 07 00 00,01 74 04 10 00 dd 07 00 00 01 fe 07 00 00 02 06 08 00 00 03 ea 07 00 00 04 2d 08 00 00 05 2f 08 00 00 06 00 08 00 00 07 e8 07 00 00 08 15 08 00 00 09 e6 07 00 00 0a d9 07 00 00 0b eb 07 00 00 0c ef 07 00 00 0d 2e 08 00 00 0e 30 08 00 00 0f e8 07 00 00
844000,01 74 04 10 00 e9 07 00 00 01 e6 07 00 00 02 0e 08 00 00 03 f7 07 00 00 04 06 08 00 00 05 2c 08 00 00 06 1e 08 00 00 07 ea 07 00 00 08 15 08 00 00 09 2a 08 00 00 0a 31 08 00 00 0b 2a 08 00 00 0c 09 08 00 00 0d 1d 08 00 00 0e 24 08 00 00 0f 10 08 00 00,01 74 04 10 00 e9 07 00 00 01 e6 07 00 00 02 0e 08 00 00 03 f7 07 00 00 04 06 08 00 00 05 2c 08 00 00 06 1e 08 00 00 07 ea 07 00 00 08 15 08 00 00 09 2a 08 00 00 0a 31 08 00 00 0b 2a 08 00 00 0c 09 08 00 00 0d 1d 08 00 00 0e 24 08 00 00 0f 10 08 00 00
859000,01 74 04 10 00 18 08 00 00 01 ea 07 00 00 02 1d 08 00 00 03 eb 07 00 00 04 fa 07 00 00 05 f3 07 00 00 06 1c 08 00 00 07 fc 07 00 00 08 0d 08 00 00 09 05 08 00 00 0a 20 08 00 00 0b 1a 08 00 00 0c dd 07 00 00 0d e4 07 00 00 0e ec 07 00 00 0f 20 08 00 00,01 74 04 10 00 18 08 00 00 01 ea 07 00 00 02 1d 08 00 00 03 eb 07 00 00 04 fa 07 00 00 05 f3 07 00 00 06 1c 08 00 00 07 fc 07 00 00 08 0d 08 00 00 09 05 08 00 00 0a 20 08 00 00 0b 1a 08 00 00 0c dd 07 00 00 0d e4 07 00 00 0e ec 07 00 00 0f 20 08 00 00
859000,01 74 04 10 00 2a 08 00 00 01 0f 08 00 00 02 db 07 00 00 03 e6 07 00 00 04 1b 08 00 00 05 df 07 00 00 06 d2 07 00 00 07 01 08 00 00 08 01 08 00 00 09 0c 08 00 00 0a 28 08 00 00 0b e9 07 00 00 0c dd 07 00 00 0d 06 08 00 00 0e e6 07 00 00 0f 1b 08 00 00,01 74 04 10 00 2a 08 00 00 01 0f 08 00 00 02 db 07 00 00 03 e6 07 00 00 04 1b 08 00 00 05 df 07 00 00 06 d2 07 00 00 07 01 08 00 00 08 01 08 00 00 09 0c 08 00 00 0a 28 08 00 00 0b e9 07 00 00 0c dd 07 00 00 0d 06 08 00 00 0e e6 07 00 00 0f 1b 08 00 00
859000,01 74 04 10 00 12 08 00 00 01 11 08 00 00 02 d5 07 00 00 03 0d 08 00 00 04 2d 08 00 00 05 da 07 00 00 06 d8 07 00 00 07 ed 07 00 00 08 26 08 00 00 09 e5 07 00 00 0a e5 07 00 00 0b 1d 08 00 00 0c e9 07 00 00 0d 28 08 00 00 0e 09 08 00 00 0f 27 08 00 00,01 74 04 10 00 12 08 00 00 01 11 08 00 00 02 d5 07 00 00 03 0d 08 00 00 04 2d 08 00 00 05 da 07 00 00 06 d8 07 00 00 07 ed 07 00 00 08 26 08 00 00 09 e5 07 00 00 0a e5 07 00 00 0b 1d 08 00 00 0c e9 07 00 00 0d 28 08 00 00 0e 09 08 00 00 0f 27 08 00 00
875000,01 74 04 10 00 0e 08 00 00 01 17 08 00 00 02 26 08 00 00 03 0c 08 00 00 04 13 08 00 00 05 0c 08 00 00 06 1d 08 00 00 07 33 08 00 00 08 fe 07 00 00 09 fd 07 00 00 0a 1b 08 00 00 0b 1f 08 00 00 0c e0 07 00 00 0d 22 08 00 00 0e 02 08 00 00 0f 05 08 00 00,01 74 04 10 00 0e 08 00 00 01 17 08 00 00 02 26 08 00 00 03 0c 08 00 00 04 13 08 00 00 05 0c 08 00 00 06 1d 08 00 00 07 33 08 00 00 08 fe 07 00 00 09 fd 07 00 00 0a 1b 08 00 00 0b 1f 08 00 00 0c e0 07 00 00 0d 22 08 00 00 0e 02 08 00 00 0f 05 08 00 00
875000,01 74 04 10 00 21 08 00 00 01 0c 08 00 00 02 27 08 00 00 03 f1 07 00 00 04 0f 08 00 00 05 14 08 00 00 06 dc 07 00 00 07 12 08 00 00 08 24 08 00 00 09 03 08 00 00 0a e3 07 00 00 0b 13 08 00 00 0c 04 08 00 00 0d d7 07 00 00 0e eb 07 00 00 0f 1a 08 00 00,01 74 04 10 00 21 08 00 00 01 0c 08 00 00 02 27 08 00 00 03 f1 07 00 00 04 0f 08 00 00 05 14 08 00 00 06 dc 07 00 00 07 12 08 00 00 08 24 08 00 00 09 03 08 00 00 0a e3 07 00 00 0b 13 08 00 00 0c 04 08 00 00 0d d7 07 00 00 0e eb 07 00 00 0f 1a 08 00 00
875000,01 74 04 10 00 eb 07 00 00 01 fb 07 00 00 02 22 08 00 00 03 30 08 00 00 04 28 08 00 00 05 fa 07 00 00 06 d9 07 00 00 07 16 08 00 00 08 12 08 00 00 09 fb 07 00 00 0a 1d 08 00 00 0b ed 07 00 00 0c d1 07 00 00 0d 0b 08 00 00 0e fc 07 00 00 0f d0 07 00 00,01 74 04 10 00 eb 07 00 00 01 fb 07 00 00 02 22 08 00 00 03 30 08 00 00 04 28 08 00 00 05 fa 07 00 00 06 d9 07 00 00 07 16 08 00 00 08 12 08 00 00 09 fb 07 00 00 0a 1d 08 00 00 0b ed 07 00 00 0c d1 07 00 00 0d 0b 08 00 00 0e fc 07 00 00 0f d0 07 00 00
875000,01 74 04 10 00 02 08 00 00 01 06 08 00 00 02 eb 07 00 00 03 dc 07 00 00 04 d5 07 00 00 05 f0 07 00 00 06 df 07 00 00 07 d7 07 00 00 08 fb 07 00 00 09 0d 08 00 00 0a da 07 00 00 0b ef 07 00 00 0c e8 07 00 00 0d e3 07 00 00 0e 01 08 00 00 0f 23 08 00 00,01 74 04 10 00 02 08 00 00 01 06 08 00 00 02 eb 07 00 00 03 dc 07 00 00 04 d5 07 00 00 05 f0 07 00 00 06 df 07 00 00 07 d7 07 00 00 08 fb 07 00 00 09 0d 08 00 00 0a da 07 00 00 0b ef 07 00 00 0c e8 07 00 00 0d e3 07 00 00 0e 01 08 00 00 0f 23 08 00 00
891000,01 74 04 10 00 fd 07 00 00 01 f1 07 00 00 02 31 08 00 00 03 f7 07 00 00 04 eb 07 00 00 05 2f 08 00 00 06 15 08 00 00 07 f6 07 00 00 08 06 08 00 00 09 07 08 00 00 0a 09 08 00 00 0b 0e 08 00 00 0c 2b 08 00 00 0d 1a 08 00 00 0e 2e 08 00 00 0f 17 08 00 00,01 74 04 10 00 fd 07 00 00 01 f1 07 00 00 02 31 08 00 00 03 f7 07 00 00 04 eb 07 00 00 05 2f 08 00 00 06 15 08 00 00 07 f6 07 00 00 08 06 08 00 00 09 07 08 00 00 0a 09 08 00 00 0b 0e 08 00 00 0c 2b 08 00 00 0d 1a 08 00 00 0e 2e 08 00 00 0f 17 08 00 00
891000,01 74 04 10 00 f9 07 00 00 01 fd 07 00 00 02 d9 07 00 00 03 f4 07 00 00 04 34 08 00 00 05 df 07 00 00 06 15 08 00 00 07 26 08 00 00 08 ff 07 00 00 09 1c 08 00 00 0a e9 07 00 00 0b 06 08 00 00 0c 23 08 00 00 0d 17 08 00 00 0e 20 08 00 00 0f 0e 08 00 00,01 74 04 10 00 f9 07 00 00 01 fd 07 00 00 02 d9 07 00 00 03 f4 07 00 00 04 34 08 00 00 05 df 07 00 00 06 15 08 00 00 07 26 08 00 00 08 ff 07 00 00 09 1c 08 00 00 0a e9 07 00 00 0b 06 08 00 00 0c 23 08 00 00 0d 17 08 00 00 0e 20 08 00 00 0f 0e 08 00 00
906000,01 74 04 10 00 f7 07 00 00 01 03 08 00 00 02 18 08 00 00 03 13 08 00 00 04 33 08 00 00 05 1d 08 00 00 06 d2 07 00 00 07 db 07 00 00 08 1c 08 00 00 09 ed 07 00 00 0a 25 08 00 00 0b e7 07 00 00 0c 1a 08 00 00 0d d8 07 00 00 0e 01 08 00 00 0f ed 07 00 00,01 74 04 10 00 f7 07 00 00 01 03 08 00 00 02 18 08 00 00 03 13 08 00 00 04 33 08 00 00 05 1d 08 00 00 06 d2 07 00 00 07 db 07 00 00 08 1c 08 00 00 09 ed 07 00 00 0a 25 08 00 00 0b e7 07 00 00 0c 1a 08 00 00 0d d8 07 00 00 0e 01 08 00 00 0f ed 07 00 00
906000,01 74 04 10 00 f0 07 00 00 01 1e 08 00 00 02 1a 08 00 00 03 28 08 00 00 04 27 08 00 00 05 09 08 00 00 06 0f 08 00 00 07 0e 08 00 00 08 28 08 00 00 09 dd 07 00 00 0a e5 07 00 00 0b df 07 00 00 0c db 07 00 00 0d 02 08 00 00 0e 0d 08 00 00 0f 1a 08 00 00,01 74 04 10 00 f0 07 00 00 01 1e 08 00 00 02 1a 08 00 00 03 28 08 00 00 04 27 08 00 00 05 09 08 00 00 06 0f 08 00 00 07 0e 08 00 00 08 28 08 00 00 09 dd 07 00 00 0a e5 07 00 00 0b df 07 00 00 0c db 07 00 00 0d 02 08 00 00 0e 0d 08 00 00 0f 1a 08 00 00
906000,01 74 04 10 00 14 08 00 00 01 e9 07 00 00 02 09 08 00 00 03 e8 07 00 00 04 00 08 00 00 05 d0 07 00 00 06 d6 07 00 00 07 27 08 00 00 08 1a 08 00 00 09 d0 07 00 00 0a ff 07 00 00 0b e2 07 00 00 0c 17 08 00 00 0d 08 08 00 00 0e eb 07 00 00 0f 2b 08 00 00,01 74 04 10 00 14 08 00 00 01 e9 07 00 00 02 09 08 00 00 03 e8 07 00 00 04 00 08 00 00 05 d0 07 00 00 06 d6 07 00 00 07 27 08 00 00 08 1a 08 00 00 09 d0 07 00 00 0a ff 07 00 00 0b e2 07 00 00 0c 17 08 00 00 0d 08 08 00 00 0e eb 07 00 00 0f 2b 08 00 00
922000,01 74 04 10 00 d5 07 00 00 01 ea 07 00 00 02 ee 07 00 00 03 0d 08 00 00 04 fe 07 00 00 05 19 08 00 00 06 eb 07 00 00 07 e6 07 00 00 08 1b 08 00 00 09 00 08 00 00 0a 31 08 00 00 0b 07 08 00 00 0c f2 07 00 00 0d f6 07 00 00 0e 18 08 00 00 0f 23 08 00 00,01 74 04 10 00 d5 07 00 00 01 ea 07 00 00 02 ee 07 00 00 03 0d 08 00 00 04 fe 07 00 00 05 19 08 00 00 06 eb 07 00 00 07 e6 07 00 00 08 1b 08 00 00 09 00 08 00 00 0a 31 08 00 00 0b 07 08 00 00 0c f2 07 00 00 0d f6 07 00 00 0e 18 08 00 00 0f 23 08 00 00
922000,01 74 04 10 00 32 08 00 00 01 d7 07 00 00 02 08 08 00 00 03 d3 07 00 00 04 0e 08 00 00 05 27 08 00 00 06 d0 07 00 00 07 d3 07 00 00 08 e0 07 00 00 09 14 08 00 00 0a 28 08 00 00 0b 2a 08 00 00 0c 23 08 00 00 0d 31 08 00 00 0e d8 07 00 00 0f ea 07 00 00,01 74 04 10 00 32 08 00 00 01 d7 07 00 00 02 08 08 00 00 03 d3 07 00 00 04 0e 08 00 00 05 27 08 00 00 06 d0 07 00 00 07 d3 07 00 00 08 e0 07 00 00 09 14 08 00 00 0a 28 08 00 00 0b 2a 08 00 00 0c 23 08 00 00 0d 31 08 00 00 0e d8 07 00 00 0f ea 07 00 00
938000,01 74 04 10 00 2b 08 00 00 01 0e 08 00 00 02 df 07 00 00 03 fc 07 00 00 04 e1 07 00 00 05 f6 07 00 00 06 f8 07 00 00 07 2f 08 00 00 08 25 08 00 00 09 ed 07 00 00 0a f8 07 00 00 0b 1b 08 00 00 0c 00 08 00 00 0d ef 07 00 00 0e 02 08 00 00 0f 1e 08 00 00,01 74 04 10 00 2b 08 00 00 01 0e 08 00 00 02 df 07 00 00 03 fc 07 00 00 04 e1 07 00 00 05 f6 07 00 00 06 f8 07 00 00 07 2f 08 00 00 08 25 08 00 00 09 ed 07 00 00 0a f8 07 00 00 0b 1b 08 00 00 0c 00 08 00 00 0d ef 07 00 00 0e 02 08 00 00 0f 1e 08 00 00
953000,01 74 04 10 00 18 08 00 00 01 0f 08 00 00 02 17 08 00 00 03 2f 08 00 00 04 d2 07 00 00 05 01 08 00 00 06 25 08 00 00 07 f8 07 00 00 08 e5 07 00 00 09 20 08 00 00 0a ea 07 00 00 0b d9 07 00 00 0c e4 07 00 00 0d 07 08 00 00 0e 32 08 00 00 0f e3 07 00 00,01 74 04 10 00 18 08 00 00 01 0f 08 00 00 02 17 08 00 00 03 2f 08 00 00 04 d2 07 00 00 05 01 08 00 00 06 25 08 00 00 07 f8 07 00 00 08 e5 07 00 00 09 20 08 00 00 0a ea 07 00 00 0b d9 07 00 00 0c e4 07 00 00 0d 07 08 00 00 0e 32 08 00 00 0f e3 07 00 00
969000,01 74 04 10 00 f0 07 00 00 01 ee 07 00 00 02 30 08 00 00 03 33 08 00 00 04 0d 08 00 00 05 f9 07 00 00 06 32 08 00 00 07 ff 07 00 00 08 20 08 00 00 09 ed 07 00 00 0a df 07 00 00 0b 13 08 00 00 0c e6 07 00 00 0d e0 07 00 00 0e 2e 08 00 00 0f 16 08 00 00,01 74 04 10 00 f0 07 00 00 01 ee 07 00 00 02 30 08 00 00 03 33 08 00 00 04 0d 08 00 00 05 f9 07 00 00 06 32 08 00 00 07 ff 07 00 00 08 20 08 00 00 09 ed 07 00 00 0a df 07 00 00 0b 13 08 00 00 0c e6 07 00 00 0d e0 07 00 00 0e 2e 08 00 00 0f 16 08 00 00
984000,01 74 04 10 00 2e 08 00 00 01 11 08 00 00 02 33 08 00 00 03 e0 07 00 00 04 f4 07 00 00 05 e5 07 00 00 06 03 08 00 00 07 34 08 00 00 08 30 08 00 00 09 0f 08 00 00 0a f8 07 00 00 0b fe 07 00 00 0c 32 08 00 00 0d ec 07 00 00 0e 14 08 00 00 0f 1a 08 00 00,01 74 04 10 00 2e 08 00 00 01 11 08 00 00 02 33 08 00 00 03 e0 07 00 00 04 f4 07 00 00 05 e5 07 00 00 06 03 08 00 00 07 34 08 00 00 08 30 08 00 00 09 0f 08 00 00 0a f8 07 00 00 0b fe 07 00 00 0c 32 08 00 00 0d ec 07 00 00 0e 14 08 00 00 0f 1a 08 00 00
1000000,01 74 04 10 00 14 08 00 00 01 07 08 00 00 02 ec 07 00 00 03 d9 07 00 00 04 26 08 00 00 05 1e 08 00 00 06 0b 08 00 00 07 e2 07 00 00 08 ef 07 00 00 09 d1 07 00 00 0a fb 07 00 00 0b d8 07 00 00 0c 02 08 00 00 0d 15 08 00 00 0e d6 07 00 00 0f f9 07 00 00,01 74 04 10 00 14 08 00 00 01 07 08 00 00 02 ec 07 00 00 03 d9 07 00 00 04 26 08 00 00 05 1e 08 00 00 06 0b 08 00 00 07 e2 07 00 00 08 ef 07 00 00 09 d1 07 00 00 0a fb 07 00 00 0b d8 07 00 00 0c 02 08 00 00 0d 15 08 00 00 0e d6 07 00 00 0f f9 07 00 00
1031000,01 74 04 10 00 09 08 00 00 01 f5 07 00 00 02 2a 08 00 00 03 2a 08 00 00 04 ef 07 00 00 05 13 08 00 00 06 e4 07 00 00 07 d5 07 00 00 08 e4 07 00 00 09 02 08 00 00 0a 0b 08 00 00 0b eb 07 00 00 0c f7 07 00 00 0d 19 08 00 00 0e 23 08 00 00 0f 20 08 00 00,01 74 04 10 00 09 08 00 00 01 f5 07 00 00 02 2a 08 00 00 03 2a 08 00 00 04 ef 07 00 00 05 13 08 00 00 06 e4 07 00 00 07 d5 07 00 00 08 e4 07 00 00 09 02 08 00 00 0a 0b 08 00 00 0b eb 07 00 00 0c f7 07 00 00 0d 19 08 00 00 0e 23 08 00 00 0f 20 08 00 00
1031000,01 74 04 10 00 1f 08 00 00 01 fc 07 00 00 02 f8 07 00 00 03 e0 07 00 00 04 21 08 00 00 05 f0 07 00 00 06 d4 07 00 00 07 d4 07 00 00 08 04 08 00 00 09 2d 08 00 00 0a f8 07 00 00 0b ee 07 00 00 0c e5 07 00 00 0d fb 07 00 00 0e 05 08 00 00 0f fc 07 00 00,01 74 04 10 00 1f 08 00 00 01 fc 07 00 00 02 f8 07 00 00 03 e0 07 00 00 04 21 08 00 00 05 f0 07 00 00 06 d4 07 00 00 07 d4 07 00 00 08 04 08 00 00 09 2d 08 00 00 0a f8 07 00 00 0b ee 07 00 00 0c e5 07 00 00 0d fb 07 00 00 0e 05 08 00 00 0f fc 07 00 00
1047000,01 74 04 10 00 27 08 00 00 01 31 08 00 00 02 05 08 00 00 03 30 08 00 00 04 fb 07 00 00 05 fe 07 00 00 06 19 08 00 00 07 e6 07 00 00 08 d4 07 00 00 09 1a 08 00 00 0a 2e 08 00 00 0b f1 07 00 00 0c 32 08 00 00 0d 1e 08 00 00 0e eb 07 00 00 0f f3 07 00 00,01 74 04 10 00 27 08 00 00 01 31 08 00 00 02 05 08 00 00 03 30 08 00 00 04 fb 07 00 00 05 fe 07 00 00 06 19 08 00 00 07 e6 07 00 00 08 d4 07 00 00 09 1a 08 00 00 0a 2e 08 00 00 0b f1 07 00 00 0c 32 08 00 00 0d 1e 08 00 00 0e eb 07 00 00 0f f3 07 00 00
1063000,01 74 04 10 00 00 08 00 00 01 de 07 00 00 02 e5 07 00 00 03 07 08 00 00 04 ed 07 00 00 05 00 08 00 00 06 e6 07 00 00 07 26 08 00 00 08 f7 07 00 00 09 32 08 00 00 0a 17 08 00 00 0b 1c 08 00 00 0c ee 07 00 00 0d 2d 08 00 00 0e 25 08 00 00 0f 20 08 00 00,01 74 04 10 00 00 08 00 00 01 de 07 00 00 02 e5 07 00 00 03 07 08 00 00 04 ed 07 00 00 05 00 08 00 00 06 e6 07 00 00 07 26 08 00 00 08 f7 07 00 00 09 32 08 00 00 0a 17 08 00 00 0b 1c 08 00 00 0c ee 07 00 00 0d 2d 08 00 00 0e 25 08 00 00 0f 20 08 00 00
1078000,01 74 04 10 00 09 08 00 00 01 26 08 00 00 02 2e 08 00 00 03 33 08 00 00 04 d1 07 00 00 05 25 08 00 00 06 03 08 00 00 07 e9 07 00 00 08 1b 08 00 00 09 dd 07 00 00 0a e0 07 00 00 0b de 07 00 00 0c 0d 08 00 00 0d 10 08 00 00 0e fe 07 00 00 0f 33 08 00 00,01 74 04 10 00 09 08 00 00 01 26 08 00 00 02 2e 08 00 00 03 33 08 00 00 04 d1 07 00 00 05 25 08 00 00 06 03 08 00 00 07 e9 07 00 00 08 1b 08 00 00 09 dd 07 00 00 0a e0 07 00 00 0b de 07 00 00 0c 0d 08 00 00 0d 10 08 00 00 0e fe 07 00 00 0f 33 08 00 00
1078000,01 74 04 10 00 de 07 00 00 01 1b 08 00 00 02 07 08 00 00 03 ec 07 00 00 04 fb 07 00 00 05 2d 08 00 00 06 ed 07 00 00 07 08 08 00 00 08 fc 07 00 00 09 1e 08 00 00 0a 0a 08 00 00 0b f6 07 00 00 0c 08 08 00 00 0d 1c 08 00 00 0e e9 07 00 00 0f 19 08 00 00,01 74 04 10 00 de 07 00 00 01 1b 08 00 00 02 07 08 00 00 03 ec 07 00 00 04 fb 07 00 00 05 2d 08 00 00 06 ed 07 00 00 07 08 08 00 00 08 fc 07 00 00 09 1e 08 00 00 0a 0a 08 00 00 0b f6 07 00 00 0c 08 08 00 00 0d 1c 08 00 00 0e e9 07 00 00 0f 19 08 00 00
1094000,01 74 04 10 00 16 08 00 00 01 28 08 00 00 02 01 08 00 00 03 31 08 00 00 04 17 08 00 00 05 f5 07 00 00 06 f1 07 00 00 07 de 07 00 00 08 ef 07 00 00 09 04 08 00 00 0a 2e 08 00 00 0b 03 08 00 00 0c e9 07 00 00 0d 2f 08 00 00 0e 15 08 00 00 0f 2d 08 00 00,01 74 04 10 00 16 08 00 00 01 28 08 00 00 02 01 08 00 00 03 31 08 00 00 04 17 08 00 00 05 f5 07 00 00 06 f1 07 00 00 07 de 07 00 00 08 ef 07 00 00 09 04 08 00 00 0a 2e 08 00 00 0b 03 08 00 00 0c e9 07 00 00 0d 2f 08 00 00 0e 15 08 00 00 0f 2d 08 00 00
1141000,01 74 04 10 00 e6 07 00 00 01 ee 07 00 00 02 2d 08 00 00 03 d4 07 00 00 04 2d 08 00 00 05 de 07 00 00 06 03 08 00 00 07 0f 08 00 00 08 f2 07 00 00 09 33 08 00 00 0a 05 08 00 00 0b 2b 08 00 00 0c de 07 00 00 0d 33 08 00 00 0e dd 07 00 00 0f fe 07 00 00,01 74 04 10 00 e6 07 00 00 01 ee 07 00 00 02 2d 08 00 00 03 d4 07 00 00 04 2d 08 00 00 05 de 07 00 00 06 03 08 00 00 07 0f 08 00 00 08 f2 07 00 00 09 33 08 00 00 0a 05 08 00 00 0b 2b 08 00 00 0c de 07 00 00 0d 33 08 00 00 0e dd 07 00 00 0f fe 07 00 00
1156000,01 74 04 10 00 23 08 00 00 01 e8 07 00 00 02 f1 07 00 00 03 04 08 00 00 04 02 08 00 00 05 15 08 00 00 06 1b 08 00 00 07 f7 07 00 00 08 23 08 00 00 09 2a 08 00 00 0a f2 07 00 00 0b f1 07 00 00 0c 0f 08 00 00 0d d6 07 00 00 0e d3 07 00 00 0f da 07 00 00,01 74 04 10 00 23 08 00 00 01 e8 07 00 00 02 f1 07 00 00 03 04 08 00 00 04 02 08 00 00 05 15 08 00 00 06 1b 08 00 00 07 f7 07 00 00 08 23 08 00 00 09 2a 08 00 00 0a f2 07 00 00 0b f1 07 00 00 0c 0f 08 00 00 0d d6 07 00 00 0e d3 07 00 00 0f da 07 00 00
1172000,01 74 04 10 00 f5 07 00 00 01 e4 07 00 00 02 eb 07 00 00 03 13 08 00 00 04 1f 08 00 00 05 d2 07 00 00 06 db 07 00 00 07 0c 08 00 00 08 01 08 00 00 09 0f 08 00 00 0a e0 07 00 00 0b d0 07 00 00 0c 2e 08 00 00 0d 07 08 00 00 0e e7 07 00 00 0f f7 07 00 00,01 74 04 10 00 f5 07 00 00 01 e4 07 00 00 02 eb 07 00 00 03 13 08 00 00 04 1f 08 00 00 05 d2 07 00 00 06 db 07 00 00 07 0c 08 00 00 08 01 08 00 00 09 0f 08 00 00 0a e0 07 00 00 0b d0 07 00 00 0c 2e 08 00 00 0d 07 08 00 00 0e e7 07 00 00 0f f7 07 00 00
1188000,01 74 04 10 00 db 07 00 00 01 1f 08 00 00 02 fd 07 00 00 03 f0 07 00 00 04 d0 07 00 00 05 29 08 00 00 06 0c 08 00 00 07 29 08 00 00 08 f8 07 00 00 09 fc 07 00 00 0a d4 07 00 00 0b 25 08 00 00 0c 15 08 00 00 0d 27 08 00 00 0e df 07 00 00 0f 30 08 00 00,01 74 04 10 00 db 07 00 00 01 1f 08 00 00 02 fd 07 00 00 03 f0 07 00 00 04 d0 07 00 00 05 29 08 00 00 06 0c 08 00 00 07 29 08 00 00 08 f8 07 00 00 09 fc 07 00 00 0a d4 07 00 00 0b 25 08 00 00 0c 15 08 00 00 0d 27 08 00 00 0e df 07 00 00 0f 30 08 00 00
1188000,01 74 04 10 00 d8 07 00 00 01 ee 07 00 00 02 03 08 00 00 03 d7 07 00 00 04 fd 07 00 00 05 ed 07 00 00 06 05 08 00 00 07 24 08 00 00 08 0a 08 00 00 09 20 08 00 00 0a fb 07 00 00 0b e2 07 00 00 0c 0e 08 00 00 0d 18 08 00 00 0e 0a 08 00 00 0f 32 08 00 00,01 74 04 10 00 d8 07 00 00 01 ee 07 00 00 02 03 08 00 00 03 d7 07 00 00 04 fd 07 00 00 05 ed 07 00 00 06 05 08 00 00 07 24 08 00 00 08 0a 08 00 00 09 20 08 00 00 0a fb 07 00 00 0b e2 07 00 00 0c 0e 08 00 00 0d 18 08 00 00 0e 0a 08 00 00 0f 32 08 00 00
1188000,01 74 04 10 00 ff 07 00 00 01 33 08 00 00 02 32 08 00 00 03 2a 08 00 00 04 e6 07 00 00 05 11 08 00 00 06 30 08 00 00 07 07 08 00 00 08 09 08 00 00 09 32 08 00 00 0a 0a 08 00 00 0b 1c 08 00 00 0c 20 08 00 00 0d 2b 08 00 00 0e 0a 08 00 00 0f 01 08 00 00,01 74 04 10 00 ff 07 00 00 01 33 08 00 00 02 32 08 00 00 03 2a 08 00 00 04 e6 07 00 00 05 11 08 00 00 06 30 08 00 00 07 07 08 00 00 08 09 08 00 00 09 32 08 00 00 0a 0a 08 00 00 0b 1c 08 00 00 0c 20 08 00 00 0d 2b 08 00 00 0e 0a 08 00 00 0f 01 08 00 00
1203000,01 74 04 10 00 33 08 00 00 01 30 08 00 00 02 1e 08 00 00 03 fb 07 00 00 04 2d 08 00 00 05 ee 07 00 00 06 07 08 00 00 07 ee 07 00 00 08 2d 08 00 00 09 d4 07 00 00 0a f4 07 00 00 0b ec 07 00 00 0c e5 07 00 00 0d 0f 08 00 00 0e 10 08 00 00 0f df 07 00 00,01 74 04 10 00 33 08 00 00 01 30 08 00 00 02 1e 08 00 00 03 fb 07 00 00 04 2d 08 00 00 05 ee 07 00 00 06 07 08 00 00 07 ee 07 00 00 08 2d 08 00 00 09 d4 07 00 00 0a f4 07 00 00 0b ec 07 00 00 0c e5 07 00 00 0d 0f 08 00 00 0e 10 08 00 00 0f df 07 00 00
1203000,01 74 04 10 00 ee 07 00 00 01 fc 07 00 00 02 04 08 00 00 03 2c 08 00 00 04 fe 07 00 00 05 e8 07 00 00 06 33 08 00 00 07 33 08 00 00 08 e1 07 00 00 09 e8 07 00 00 0a db 07 00 00 0b 17 08 00 00 0c 2c 08 00 00 0d 2e 08 00 00 0e f5 07 00 00 0f e8 07 00 00,01 74 04 10 00 ee 07 00 00 01 fc 07 00 00 02 04 08 00 00 03 2c 08 00 00 04 fe 07 00 00 05 e8 07 00 00 06 33 08 00 00 07 33 08 00 00 08 e1 07 00 00 09 e8 07 00 00 0a db 07 00 00 0b 17 08 00 00 0c 2c 08 00 00 0d 2e 08 00 00 0e f5 07 00 00 0f e8 07 00 00
1203000,01 74 04 10 00 ec 07 00 00 01 df 07 00 00 02 0f 08 00 00 03 e6 07 00 00 04 0e 08 00 00 05 f0 07 00 00 06 29 08 00 00 07 34 08 00 00 08 22 08 00 00 09 24 08 00 00 0a 2a 08 00 00 0b 1d 08 00 00 0c 27 08 00 00 0d 15 08 00 00 0e 16 08 00 00 0f f9 07 00 00,01 74 04 10 00 ec 07 00 00 01 df 07 00 00 02 0f 08 00 00 03 e6 07 00 00 04 0e 08 00 00 05 f0 07 00 00 06 29 08 00 00 07 34 08 00 00 08 22 08 00 00 09 24 08 00 00 0a 2a 08 00 00 0b 1d 08 00 00 0c 27 08 00 00 0d 15 08 00 00 0e 16 08 00 00 0f f9 07 00 00
1203000,01 74 04 10 00 1e 08 00 00 01 d8 07 00 00 02 04 08 00 00 03 e5 07 00 00 04 d0 07 00 00 05 10 08 00 00 06 d9 07 00 00 07 e2 07 00 00 08 06 08 00 00 09 0b 08 00 00 0a 0c 08 00 00 0b 2f 08 00 00 0c dc 07 00 00 0d 14 08 00 00 0e d3 07 00 00 0f fc 07 00 00,01 74 04 10 00 1e 08 00 00 01 d8 07 00 00 02 04 08 00 00 03 e5 07 00 00 04 d0 07 00 00 05 10 08 00 00 06 d9 07 00 00 07 e2 07 00 00 08 06 08 00 00 09 0b 08 00 00 0a 0c 08 00 00 0b 2f 08 00 00 0c dc 07 00 00 0d 14 08 00 00 0e d3 07 00 00 0f fc 07 00 00
1219000,01 74 04 10 00 28 08 00 00 01 e1 07 00 00 02 f4 07 00 00 03 2c 08 00 00 04 d2 07 00 00 05 f0 07 00 00 06 eb 07 00 00 07 24 08 00 00 08 df 07 00 00 09 f6 07 00 00 0a f1 07 00 00 0b d6 07 00 00 0c 0e 08 00 00 0d 22 08 00 00 0e ec 07 00 00 0f e5 07 00 00,01 74 04 10 00 28 08 00 00 01 e1 07 00 00 02 f4 07 00 00 03 2c 08 00 00 04 d2 07 00 00 05 f0 07 00 00 06 eb 07 00 00 07 24 08 00 00 08 df 07 00 00 09 f6 07 00 00 0a f1 07 00 00 0b d6 07 00 00 0c 0e 08 00 00 0d 22 08 00 00 0e ec 07 00 00 0f e5 07 00 00
1219000,01 74 04 10 00 28 08 00 00 01 1c 08 00 00 02 1d 08 00 00 03 07 08 00 00 04 18 08 00 00 05 f7 07 00 00 06 19 08 00 00 07 f7 07 00 00 08 33 08 00 00 09 0f 08 00 00 0a f9 07 00 00 0b 2c 08 00 00 0c fc 07 00 00 0d 26 08 00 00 0e 24 08 00 00 0f 2d 08 00 00,01 74 04 10 00 28 08 00 00 01 1c 08 00 00 02 1d 08 00 00 03 07 08 00 00 04 18 08 00 00 05 f7 07 00 00 06 19 08 00 00 07 f7 07 00 00 08 33 08 00 00 09 0f 08 00 00 0a f9 07 00 00 0b 2c 08 00 00 0c fc 07 00 00 0d 26 08 00 00 0e 24 08 00 00 0f 2d 08 00 00
1219000,01 74 04 10 00 24 08 00 00 01 ea 07 00 00 02 ef 07 00 00 03 fc 07 00 00 04 2f 08 00 00 05 30 08 00 00 06 2f 08 00 00 07 1f 08 00 00 08 ff 07 00 00 09 df 07 00 00 0a 07 08 00 00 0b 0a 08 00 00 0c f7 07 00 00 0d 33 08 00 00 0e 06 08 00 00 0f d8 07 00 00,01 74 04 10 00 24 08 00 00 01 ea 07 00 00 02 ef 07 00 00 03 fc 07 00 00 04 2f 08 00 00 05 30 08 00 00 06 2f 08 00 00 07 1f 08 00 00 08 ff 07 00 00 09 df 07 00 00 0a 07 08 00 00 0b 0a 08 00 00 0c f7 07 00 00 0d 33 08 00 00 0e 06 08 00 00 0f d8 07 00 00
1219000,01 74 04 10 00 df 07 00 00 01 01 08 00 00 02 0e 08 00 00 03 d1 07 00 00 04 21 08 00 00 05 d7 07 00 00 06 d1 07 00 00 07 25 08 00 00 08 d7 07 00 00 09 1d 08 00 00 0a 04 08 00 00 0b f8 07 00 00 0c 17 08 00 00 0d d8 07 00 00 0e d0 07 00 00 0f 05 08 00 00,01 74 04 10 00 df 07 00 00 01 01 08 00 00 02 0e 08 00 00 03 d1 07 00 00 04 21 08 00 00 05 d7 07 00 00 06 d1 07 00 00 07 25 08 00 00 08 d7 07 00 00 09 1d 08 00 00 0a 04 08 00 00 0b f8 07 00 00 0c 17 08 00 00 0d d8 07 00 00 0e d0 07 00 00 0f 05 08 00 00
1234000,01 74 04 10 00 1c 08 00 00 01 06 08 00 00 02 f5 07 00 00 03 1c 08 00 00 04 f6 07 00 00 05 d6 07 00 00 06 de 07 00 00 07 1a 08 00 00 08 28 08 00 00 09 00 08 00 00 0a 24 08 00 00 0b f5 07 00 00 0c db 07 00 00 0d f6 07 00 00 0e 00 08 00 00 0f e2 07 00 00,01 74 04 10 00 1c 08 00 00 01 06 08 00 00 02 f5 07 00 00 03 1c 08 00 00 04 f6 07 00 00 05 d6 07 00 00 06 de 07 00 00 07 1a 08 00 00 08 28 08 00 00 09 00 08 00 00 0a 24 08 00 00 0b f5 07 00 00 0c db 07 00 00 0d f6 07 00 00 0e 00 08 00 00 0f e2 07 00 00
1234000,01 74 04 10 00 d2 07 00 00 01 dc 07 00 00 02 ea 07 00 00 03 29 08 00 00 04 d1 07 00 00 05 de 07 00 00 06 12 08 00 00 07 e2 07 00 00 08 f2 07 00 00 09 23 08 00 00 0a 34 08 00 00 0b e5 07 00 00 0c 1b 08 00 00 0d d3 07 00 00 0e 15 08 00 00 0f e9 07 00 00,01 74 04 10 00 d2 07 00 00 01 dc 07 00 00 02 ea 07 00 00 03 29 08 00 00 04 d1 07 00 00 05 de 07 00 00 06 12 08 00 00 07 e2 07 00 00 08 f2 07 00 00 09 23 08 00 00 0a 34 08 00 00 0b e5 07 00 00 0c 1b 08 00 00 0d d3 07 00 00 0e 15 08 00 00 0f e9 07 00 00
1234000,01 74 04 10 00 f6 07 00 00 01 23 08 00 00 02 17 08 00 00 03 d7 07 00 00 04 1e 08 00 00 05 e2 07 00 00 06 e2 07 00 00 07 ec 07 00 00 08 0a 08 00 00 09 07 08 00 00 0a 1d 08 00 00 0b ef 07 00 00 0c 03 08 00 00 0d e9 07 00 00 0e dc 07 00 00 0f de 07 00 00,01 74 04 10 00 f6 07 00 00 01 23 08 00 00 02 17 08 00 00 03 d7 07 00 00 04 1e 08 00 00 05 e2 07 00 00 06 e2 07 00 00 07 ec 07 00 00 08 0a 08 00 00 09 07 08 00 00 0a 1d 08 00 00 0b ef 07 00 00 0c 03 08 00 00 0d e9 07 00 00 0e dc 07 00 00 0f de 07 00 00
1250000,01 74 04 10 00 de 07 00 00 01 d5 07 00 00 02 f8 07 00 00 03 d3 07 00 00 04 2a 08 00 00 05 ee 07 00 00 06 d0 07 00 00 07 d9 07 00 00 08 22 08 00 00 09 de 07 00 00 0a f0 07 00 00 0b ed 07 00 00 0c e0 07 00 00 0d e9 07 00 00 0e 1d 08 00 00 0f f9 07 00 00,01 74 04 10 00 de 07 00 00 01 d5 07 00 00 02 f8 07 00 00 03 d3 07 00 00 04 2a 08 00 00 05 ee 07 00 00 06 d0 07 00 00 07 d9 07 00 00 08 22 08 00 00 09 de 07 00 00 0a f0 07 00 00 0b ed 07 00 00 0c e0 07 00 00 0d e9 07 00 00 0e 1d 08 00 00 0f f9 07 00 00
1250000,01 74 04 10 00 20 08 00 00 01 34 08 00 00 02 d1 07 00 00 03 dd 07 00 00 04 e3 07 00 00 05 eb 07 00 00 06 19 08 00 00 07 fe 07 00 00 08 ee 07 00 00 09 01 08 00 00 0a e3 07 00 00 0b 1e 08 00 00 0c 04 08 00 00 0d fa 07 00 00 0e d4 07 00 00 0f 10 08 00 00,01 74 04 10 00 20 08 00 00 01 34 08 00 00 02 d1 07 00 00 03 dd 07 00 00 04 e3 07 00 00 05 eb 07 00 00 06 19 08 00 00 07 fe 07 00 00 08 ee 07 00 00 09 01 08 00 00 0a e3 07 00 00 0b 1e 08 00 00 0c 04 08 00 00 0d fa 07 00 00 0e d4 07 00 00 0f 10 08 00 00
1250000,01 74 04 10 00 2a 08 00 00 01 d9 07 00 00 02 d3 07 00 00 03 05 08 00 00 04 fd 07 00 00 05 05 08 00 00 06 31 08 00 00 07 dc 07 00 00 08 1b 08 00 00 09 2f 08 00 00 0a 0a 08 00 00 0b db 07 00 00 0c 20 08 00 00 0d fe 07 00 00 0e 0c 08 00 00 0f d7 07 00 00,01 74 04 10 00 2a 08 00 00 01 d9 07 00 00 02 d3 07 00 00 03 05 08 00 00 04 fd 07 00 00 05 05 08 00 00 06 31 08 00 00 07 dc 07 00 00 08 1b 08 00 00 09 2f 08 00 00 0a 0a 08 00 00 0b db 07 00 00 0c 20 08 00 00 0d fe 07 00 00 0e 0c 08 00 00 0f d7 07 00 00
1266000,01 74 04 10 00 fb 07 00 00 01 df 07 00 00 02 e6 07 00 00 03 da 07 00 00 04 33 08 00 00 05 e2 07 00 00 06 16 08 00 00 07 ea 07 00 00 08 f3 07 00 00 09 fb 07 00 00 0a 32 08 00 00 0b 1d 08 00 00 0c ea 07 00 00 0d eb 07 00 00 0e db 07 00 00 0f 0c 08 00 00,01 74 04 10 00 fb 07 00 00 01 df 07 00 00 02 e6 07 00 00 03 da 07 00 00 04 33 08 00 00 05 e2 07 00 00 06 16 08 00 00 07 ea 07 00 00 08 f3 07 00 00 09 fb 07 00 00 0a 32 08 00 00 0b 1d 08 00 00 0c ea 07 00 00 0d eb 07 00 00 0e db 07 00 00 0f 0c 08 00 00
1266000,01 74 04 10 00 eb 07 00 00 01 1d 08 00 00 02 fc 07 00 00 03 1d 08 00 00 04 da 07 00 00 05 02 08 00 00 06 00 08 00 00 07 d9 07 00 00 08 10 08 00 00 09 0c 08 00 00 0a 19 08 00 00 0b f8 07 00 00 0c 19 08 00 00 0d 32 08 00 00 0e df 07 00 00 0f e9 07 00 00,01 74 04 10 00 eb 07 00 00 01 1d 08 00 00 02 fc 07 00 00 03 1d 08 00 00 04 da 07 00 00 05 02 08 00 00 06 00 08 00 00 07 d9 07 00 00 08 10 08 00 00 09 0c 08 00 00 0a 19 08 00 00 0b f8 07 00 00 0c 19 08 00 00 0d 32 08 00 00 0e df 07 00 00 0f e9 07 00 00
1266000,01 74 04 10 00 03 08 00 00 01 e2 07 00 00 02 1c 08 00 00 03 11 08 00 00 04 f5 07 00 00 05 e4 07 00 00 06 f5 07 00 00 07 d9 07 00 00 08 02 08 00 00 09 23 08 00 00 0a 02 08 00 00 0b f0 07 00 00 0c 1c 08 00 00 0d d8 07 00 00 0e f1 07 00 00 0f 09 08 00 00,01 74 04 10 00 03 08 00 00 01 e2 07 00 00 02 1c 08 00 00 03 11 08 00 00 04 f5 07 00 00 05 e4 07 00 00 06 f5 07 00 00 07 d9 07 00 00 08 02 08 00 00 09 23 08 00 00 0a 02 08 00 00 0b f0 07 00 00 0c 1c 08 00 00 0d d8 07 00 00 0e f1 07 00 00 0f 09 08 00 00
1281000,01 74 04 10 00 0a 08 00 00 01 0a 08 00 00 02 0f 08 00 00 03 ef 07 00 00 04 24 08 00 00 05 e2 07 00 00 06 d1 07 00 00 07 f9 07 00 00 08 fa 07 00 00 09 30 08 00 00 0a 28 08 00 00 0b 12 08 00 00 0c 2b 08 00 00 0d ef 07 00 00 0e dc 07 00 00 0f 0d 08 00 00,01 74 04 10 00 0a 08 00 00 01 0a 08 00 00 02 0f 08 00 00 03 ef 07 00 00 04 24 08 00 00 05 e2 07 00 00 06 d1 07 00 00 07 f9 07 00 00 08 fa 07 00 00 09 30 08 00 00 0a 28 08 00 00 0b 12 08 00 00 0c 2b 08 00 00 0d ef 07 00 00 0e dc 07 00 00 0f 0d 08 00 00
1281000,01 74 04 10 00 d2 07 00 00 01 1b 08 00 00 02 e3 07 00 00 03 03 08 00 00 04 f7 07 00 00 05 db 07 00 00 06 24 08 00 00 07 f3 07 00 00 08 db 07 00 00 09 fc 07 00 00 0a 08 08 00 00 0b d8 07 00 00 0c f1 07 00 00 0d 27 08 00 00 0e 00 08 00 00 0f 18 08 00 00,01 74 04 10 00 d2 07 00 00 01 1b 08 00 00 02 e3 07 00 00 03 03 08 00 00 04 f7 07 00 00 05 db 07 00 00 06 24 08 00 00 07 f3 07 00 00 08 db 07 00 00 09 fc 07 00 00 0a 08 08 00 00 0b d8 07 00 00 0c f1 07 00 00 0d 27 08 00 00 0e 00 08 00 00 0f 18 08 00 00
1281000,01 74 04 10 00 1a 08 00 00 01 ed 07 00 00 02 fc 07 00 00 03 12 08 00 00 04 d4 07 00 00 05 06 08 00 00 06 d2 07 00 00 07 0f 08 00 00 08 dd 07 00 00 09 0f 08 00 00 0a 1e 08 00 00 0b e7 07 00 00 0c d7 07 00 00 0d dd 07 00 00 0e 1d 08 00 00 0f 31 08 00 00,01 74 04 10 00 1a 08 00 00 01 ed 07 00 00 02 fc 07 00 00 03 12 08 00 00 04 d4 07 00 00 05 06 08 00 00 06 d2 07 00 00 07 0f 08 00 00 08 dd 07 00 00 09 0f 08 00 00 0a 1e 08 00 00 0b e7 07 00 00 0c d7 07 00 00 0d dd 07 00 00 0e 1d 08 00 00 0f 31 08 00 00
1297000,01 74 04 10 00 ef 07 00 00 01 12 08 00 00 02 d5 07 00 00 03 d8 07 00 00 04 d1 07 00 00 05 05 08 00 00 06 1c 08 00 00 07 21 08 00 00 08 eb 07 00 00 09 f7 07 00 00 0a eb 07 00 00 0b 17 08 00 00 0c 20 08 00 00 0d 33 08 00 00 0e f0 07 00 00 0f 07 08 00 00,01 74 04 10 00 ef 07 00 00 01 12 08 00 00 02 d5 07 00 00 03 d8 07 00 00 04 d1 07 00 00 05 05 08 00 00 06 1c 08 00 00 07 21 08 00 00 08 eb 07 00 00 09 f7 07 00 00 0a eb 07 00 00 0b 17 08 00 00 0c 20 08 00 00 0d 33 08 00 00 0e f0 07 00 00 0f 07 08 00 00
1297000,01 74 04 10 00 e6 07 00 00 01 e5 07 00 00 02 12 08 00 00 03 df 07 00 00 04 df 07 00 00 05 ee 07 00 00 06 18 08 00 00 07 0c 08 00 00 08 d6 07 00 00 09 d7 07 00 00 0a 1e 08 00 00 0b f7 07 00 00 0c 0a 08 00 00 0d d4 07 00 00 0e fd 07 00 00 0f f7 07 00 00,01 74 04 10 00 e6 07 00 00 01 e5 07 00 00 02 12 08 00 00 03 df 07 00 00 04 df 07 00 00 05 ee 07 00 00 06 18 08 00 00 07 0c 08 00 00 08 d6 07 00 00 09 d7 07 00 00 0a 1e 08 00 00 0b f7 07 00 00 0c 0a 08 00 00 0d d4 07 00 00 0e fd 07 00 00 0f f7 07 00 00
1313000,01 74 04 10 00 01 08 00 00 01 ef 07 00 00 02 e6 07 00 00 03 09 08 00 00 04 2f 08 00 00 05 e4 07 00 00 06 2c 08 00 00 07 d2 07 00 00 08 1a 08 00 00 09 1c 08 00 00 0a 16 08 00 00 0b ea 07 00 00 0c ff 07 00 00 0d f1 07 00 00 0e 16 08 00 00 0f d8 07 00 00,01 74 04 10 00 01 08 00 00 01 ef 07 00 00 02 e6 07 00 00 03 09 08 00 00 04 2f 08 00 00 05 e4 07 00 00 06 2c 08 00 00 07 d2 07 00 00 08 1a 08 00 00 09 1c 08 00 00 0a 16 08 00 00 0b ea 07 00 00 0c ff 07 00 00 0d f1 07 00 00 0e 16 08 00 00 0f d8 07 00 00
1313000,01 74 04 10 00 ec 07 00 00 01 ec 07 00 00 02 0a 08 00 00 03 fb 07 00 00 04 e6 07 00 00 05 01 08 00 00 06 d7 07 00 00 07 25 08 00 00 08 2d 08 00 00 09 f5 07 00 00 0a 15 08 00 00 0b da 07 00 00 0c 0c 08 00 00 0d e9 07 00 00 0e f4 07 00 00 0f ed 07 00 00,01 74 04 10 00 ec 07 00 00 01 ec 07 00 00 02 0a 08 00 00 03 fb 07 00 00 04 e6 07 00 00 05 01 08 00 00 06 d7 07 00 00 07 25 08 00 00 08 2d 08 00 00 09 f5 07 00 00 0a 15 08 00 00 0b da 07 00 00 0c 0c 08 00 00 0d e9 07 00 00 0e f4 07 00 00 0f ed 07 00 00
1313000,01 74 04 10 00 dd 07 00 00 01 24 08 00 00 02 dd 07 00 00 03 0e 08 00 00 04 2e 08 00 00 05 05 08 00 00 06 1d 08 00 00 07 ee 07 00 00 08 d1 07 00 00 09 1a 08 00 00 0a df 07 00 00 0b 12 08 00 00 0c d3 07 00 00 0d 1e 08 00 00 0e 0e 08 00 00 0f 31 08 00 00,01 74 04 10 00 dd 07 00 00 01 24 08 00 00 02 dd 07 00 00 03 0e 08 00 00 04 2e 08 00 00 05 05 08 00 00 06 1d 08 00 00 07 ee 07 00 00 08 d1 07 00 00 09 1a 08 00 00 0a df 07 00 00 0b 12 08 00 00 0c d3 07 00 00 0d 1e 08 00 00 0e 0e 08 00 00 0f 31 08 00 00
1328000,01 74 04 10 00 e1 07 00 00 01 01 08 00 00 02 d8 07 00 00 03 30 08 00 00 04 f2 07 00 00 05 22 08 00 00 06 fc 07 00 00 07 10 08 00 00 08 16 08 00 00 09 1e 08 00 00 0a 20 08 00 00 0b f8 07 00 00 0c f9 07 00 00 0d eb 07 00 00 0e d8 07 00 00 0f 15 08 00 00,01 74 04 10 00 e1 07 00 00 01 01 08 00 00 02 d8 07 00 00 03 30 08 00 00 04 f2 07 00 00 05 22 08 00 00 06 fc 07 00 00 07 10 08 00 00 08 16 08 00 00 09 1e 08 00 00 0a 20 08 00 00 0b f8 07 00 00 0c f9 07 00 00 0d eb 07 00 00 0e d8 07 00 00 0f 15 08 00 00
1328000,01 74 04 10 00 f6 07 00 00 01 de 07 00 00 02 1b 08 00 00 03 dc 07 00 00 04 0b 08 00 00 05 01 08 00 00 06 0f 08 00 00 07 e4 07 00 00 08 31 08 00 00 09 34 08 00 00 0a 32 08 00 00 0b e0 07 00 00 0c 05 08 00 00 0d f7 07 00 00 0e df 07 00 00 0f 0d 08 00 00,01 74 04 10 00 f6 07 00 00 01 de 07 00 00 02 1b 08 00 00 03 dc 07 00 00 04 0b 08 00 00 05 01 08 00 00 06 0f 08 00 00 07 e4 07 00 00 08 31 08 00 00 09 34 08 00 00 0a 32 08 00 00 0b e0 07 00 00 0c 05 08 00 00 0d f7 07 00 00 0e df 07 00 00 0f 0d 08 00 00
1328000,01 74 04 10 00 0f 08 00 00 01 2e 08 00 00 02 08 08 00 00 03 21 08 00 00 04 db 07 00 00 05 16 08 00 00 06 e0 07 00 00 07 33 08 00 00 08 2e 08 00 00 09 f1 07 00 00 0a dc 07 00 00 0b 02 08 00 00 0c 2d 08 00 00 0d fb 07 00 00 0e 2b 08 00 00 0f 1b 08 00 00,01 74 04 10 00 0f 08 00 00 01 2e 08 00 00 02 08 08 00 00 03 21 08 00 00 04 db 07 00 00 05 16 08 00 00 06 e0 07 00 00 07 33 08 00 00 08 2e 08 00 00 09 f1 07 00 00 0a dc 07 00 00 0b 02 08 00 00 0c 2d 08 00 00 0d fb 07 00 00 0e 2b 08 00 00 0f 1b 08 00 00
1344000,01 74 04 10 00 e7 07 00 00 01 06 08 00 00 02 2f 08 00 00 03 20 08 00 00 04 2e 08 00 00 05 ee 07 00 00 06 d1 07 00 00 07 eb 07 00 00 08 08 08 00 00 09 ec 07 00 00 0a 26 08 00 00 0b 08 08 00 00 0c fa 07 00 00 0d fc 07 00 00 0e db 07 00 00 0f de 07 00 00,01 74 04 10 00 e7 07 00 00 01 06 08 00 00 02 2f 08 00 00 03 20 08 00 00 04 2e 08 00 00 05 ee 07 00 00 06 d1 07 00 00 07 eb 07 00 00 08 08 08 00 00 09 ec 07 00 00 0a 26 08 00 00 0b 08 08 00 00 0c fa 07 00 00 0d fc 07 00 00 0e db 07 00 00 0f de 07 00 00
1344000,01 74 04 10 00 32 08 00 00 01 df 07 00 00 02 18 08 00 00 03 f7 07 00 00 04 d0 07 00 00 05 f9 07 00 00 06 ee 07 00 00 07 05 08 00 00 08 f5 07 00 00 09 e0 07 00 00 0a f1 07 00 00 0b 23 08 00 00 0c 03 08 00 00 0d 2c 08 00 00 0e e2 07 00 00 0f 17 08 00 00,01 74 04 10 00 32 08 00 00 01 df 07 00 00 02 18 08 00 00 03 f7 07 00 00 04 d0 07 00 00 05 f9 07 00 00 06 ee 07 00 00 07 05 08 00 00 08 f5 07 00 00 09 e0 07 00 00 0a f1 07 00 00 0b 23 08 00 00 0c 03 08 00 00 0d 2c 08 00 00 0e e2 07 00 00 0f 17 08 00 00
1344000,01 74 04 10 00 ed 07 00 00 01 d5 07 00 00 02 e8 07 00 00 03 ed 07 00 00 04 d6 07 00 00 05 db 07 00 00 06 e7 07 00 00 07 04 08 00 00 08 d4 07 00 00 09 d1 07 00 00 0a 2b 08 00 00 0b ee 07 00 00 0c 25 08 00 00 0d 23 08 00 00 0e 1a 08 00 00 0f 2a 08 00 00,01 74 04 10 00 ed 07 00 00 01 d5 07 00 00 02 e8 07 00 00 03 ed 07 00 00 04 d6 07 00 00 05 db 07 00 00 06 e7 07 00 00 07 04 08 00 00 08 d4 07 00 00 09 d1 07 00 00 0a 2b 08 00 00 0b ee 07 00 00 0c 25 08 00 00 0d 23 08 00 00 0e 1a 08 00 00 0f 2a 08 00 00
1344000,01 74 04 10 00 07 08 00 00 01 f1 07 00 00 02 f4 07 00 00 03 f3 07 00 00 04 de 07 00 00 05 fb 07 00 00 06 d3 07 00 00 07 dc 07 00 00 08 20 08 00 00 09 2f 08 00 00 0a 32 08 00 00 0b 20 08 00 00 0c d8 07 00 00 0d 1b 08 00 00 0e dc 07 00 00 0f 29 08 00 00,01 74 04 10 00 07 08 00 00 01 f1 07 00 00 02 f4 07 00 00 03 f3 07 00 00 04 de 07 00 00 05 fb 07 00 00 06 d3 07 00 00 07 dc 07 00 00 08 20 08 00 00 09 2f 08 00 00 0a 32 08 00 00 0b 20 08 00 00 0c d8 07 00 00 0d 1b 08 00 00 0e dc 07 00 00 0f 29 08 00 00
1344000,01 74 04 10 00 fd 07 00 00 01 ea 07 00 00 02 db 07 00 00 03 f1 07 00 00 04 0d 08 00 00 05 01 08 00 00 06 eb 07 00 00 07 eb 07 00 00 08 2d 08 00 00 09 d9 07 00 00 0a 05 08 00 00 0b 32 08 00 00 0c ee 07 00 00 0d df 07 00 00 0e dc 07 00 00 0f 31 08 00 00,01 74 04 10 00 fd 07 00 00 01 ea 07 00 00 02 db 07 00 00 03 f1 07 00 00 04 0d 08 00 00 05 01 08 00 00 06 eb 07 00 00 07 eb 07 00 00 08 2d 08 00 00 09 d9 07 00 00 0a 05 08 00 00 0b 32 08 00 00 0c ee 07 00 00 0d df 07 00 00 0e dc 07 00 00 0f 31 08 00 00
1359000,01 74 04 10 00 e5 07 00 00 01 03 08 00 00 02 db 07 00 00 03 ec 07 00 00 04 ee 07 00 00 05 03 08 00 00 06 21 08 00 00 07 fa 07 00 00 08 1b 08 00 00 09 03 08 00 00 0a f1 07 00 00 0b 0f 08 00 00 0c 20 08 00 00 0d 30 08 00 00 0e d2 07 00 00 0f 22 08 00 00,01 74 04 10 00 e5 07 00 00 01 03 08 00 00 02 db 07 00 00 03 ec 07 00 00 04 ee 07 00 00 05 03 08 00 00 06 21 08 00 00 07 fa 07 00 00 08 1b 08 00 00 09 03 08 00 00 0a f1 07 00 00 0b 0f 08 00 00 0c 20 08 00 00 0d 30 08 00 00 0e d2 07 00 00 0f 22 08 00 00
1359000,01 74 04 10 00 d0 07 00 00 01 10 08 00 00 02 18 08 00 00 03 00 08 00 00 04 0c 08 00 00 05 33 08 00 00 06 df 07 00 00 07 fd 07 00 00 08 32 08 00 00 09 0c 08 00 00 0a 11 08 00 00 0b d9 07 00 00 0c e8 07 00 00 0d 31 08 00 00 0e 34 08 00 00 0f e1 07 00 00,01 74 04 10 00 d0 07 00 00 01 10 08 00 00 02 18 08 00 00 03 00 08 00 00 04 0c 08 00 00 05 33 08 00 00 06 df 07 00 00 07 fd 07 00 00 08 32 08 00 00 09 0c 08 00 00 0a 11 08 00 00 0b d9 07 00 00 0c e8 07 00 00 0d 31 08 00 00 0e 34 08 00 00 0f e1 07 00 00
1359000,01 74 04 10 00 e1 07 00 00 01 ee 07 00 00 02 2d 08 00 00 03 ed 07 00 00 04 f6 07 00 00 05 f8 07 00 00 06 d4 07 00 00 07 e0 07 00 00 08 d4 07 00 00 09 1a 08 00 00 0a ff 07 00 00 0b d6 07 00 00 0c dd 07 00 00 0d 0b 08 00 00 0e 0b 08 00 00 0f db 07 00 00,01 74 04 10 00 e1 07 00 00 01 ee 07 00 00 02 2d 08 00 00 03 ed 07 00 00 04 f6 07 00 00 05 f8 07 00 00 06 d4 07 00 00 07 e0 07 00 00 08 d4 07 00 00 09 1a 08 00 00 0a ff 07 00 00 0b d6 07 00 00 0c dd 07 00 00 0d 0b 08 00 00 0e 0b 08 00 00 0f db 07 00 00
1375000,01 74 04 10 00 d5 07 00 00 01 d9 07 00 00 02 f4 07 00 00 03 1c 08 00 00 04 ea 07 00 00 05 e8 07 00 00 06 fe 07 00 00 07 2f 08 00 00 08 27 08 00 00 09 2c 08 00 00 0a 17 08 00 00 0b dd 07 00 00 0c f2 07 00 00 0d 09 08 00 00 0e 21 08 00 00 0f d3 07 00 00,01 74 04 10 00 d5 07 00 00 01 d9 07 00 00 02 f4 07 00 00 03 1c 08 00 00 04 ea 07 00 00 05 e8 07 00 00 06 fe 07 00 00 07 2f 08 00 00 08 27 08 00 00 09 2c 08 00 00 0a 17 08 00 00 0b dd 07 00 00 0c f2 07 00 00 0d 09 08 00 00 0e 21 08 00 00 0f d3 07 00 00
1375000,01 74 04 10 00 fc 07 00 00 01 06 08 00 00 02 d9 07 00 00 03 ef 07 00 00 04 0e 08 00 00 05 f2 07 00 00 06 31 08 00 00 07 d6 07 00 00 08 df 07 00 00 09 1b 08 00 00 0a d2 07 00 00 0b ec 07 00 00 0c 1c 08 00 00 0d e8 07 00 00 0e df 07 00 00 0f 19 08 00 00,01 74 04 10 00 fc 07 00 00 01 06 08 00 00 02 d9 07 00 00 03 ef 07 00 00 04 0e 08 00 00 05 f2 07 00 00 06 31 08 00 00 07 d6 07 00 00 08 df 07 00 00 09 1b 08 00 00 0a d2 07 00 00 0b ec 07 00 00 0c 1c 08 00 00 0d e8 07 00 00 0e df 07 00 00 0f 19 08 00 00
1375000,01 74 04 10 00 da 07 00 00 01 fb 07 00 00 02 26 08 00 00 03 2a 08 00 00 04 1a 08 00 00 05 0a 08 00 00 06 18 08 00 00 07 ef 07 00 00 08 2f 08 00 00 09 15 08 00 00 0a 20 08 00 00 0b 31 08 00 00 0c 2d 08 00 00 0d 11 08 00 00 0e eb 07 00 00 0f ee 07 00 00,01 74 04 10 00 da 07 00 00 01 fb 07 00 00 02 26 08 00 00 03 2a 08 00 00 04 1a 08 00 00 05 0a 08 00 00 06 18 08 00 00 07 ef 07 00 00 08 2f 08 00 00 09 15 08 00 00 0a 20 08 00 00 0b 31 08 00 00 0c 2d 08 00 00 0d 11 08 00 00 0e eb 07 00 00 0f ee 07 00 00
1375000,01 74 04 10 00 01 08 00 00 01 e2 07 00 00 02 fc 07 00 00 03 f3 07 00 00 04 df 07 00 00 05 0b 08 00 00 06 07 08 00 00 07 23 08 00 00 08 e7 07 00 00 09 da 07 00 00 0a f5 07 00 00 0b 04 08 00 00 0c 0f 08 00 00 0d d5 07 00 00 0e 1c 08 00 00 0f 2a 08 00 00,01 74 04 10 00 01 08 00 00 01 e2 07 00 00 02 fc 07 00 00 03 f3 07 00 00 04 df 07 00 00 05 0b 08 00 00 06 07 08 00 00 07 23 08 00 00 08 e7 07 00 00 09 da 07 00 00 0a f5 07 00 00 0b 04 08 00 00 0c 0f 08 00 00 0d d5 07 00 00 0e 1c 08 00 00 0f 2a 08 00 00
1391000,01 74 04 10 00 de 07 00 00 01 13 08 00 00 02 f7 07 00 00 03 04 08 00 00 04 e0 07 00 00 05 26 08 00 00 06 f9 07 00 00 07 23 08 00 00 08 f4 07 00 00 09 32 08 00 00 0a f5 07 00 00 0b e8 07 00 00 0c f3 07 00 00 0d 18 08 00 00 0e 0d 08 00 00 0f f2 07 00 00,01 74 04 10 00 de 07 00 00 01 13 08 00 00 02 f7 07 00 00 03 04 08 00 00 04 e0 07 00 00 05 26 08 00 00 06 f9 07 00 00 07 23 08 00 00 08 f4 07 00 00 09 32 08 00 00 0a f5 07 00 00 0b e8 07 00 00 0c f3 07 00 00 0d 18 08 00 00 0e 0d 08 00 00 0f f2 07 00 00
1391000,01 74 04 10 00 25 08 00 00 01 fb 07 00 00 02 d9 07 00 00 03 0d 08 00 00 04 1f 08 00 00 05 1d 08 00 00 06 22 08 00 00 07 07 08 00 00 08 f7 07 00 00 09 1c 08 00 00 0a 0a 08 00 00 0b e4 07 00 00 0c fb 07 00 00 0d e7 07 00 00 0e 0d 08 00 00 0f f4 07 00 00,01 74 04 10 00 25 08 00 00 01 fb 07 00 00 02 d9 07 00 00 03 0d 08 00 00 04 1f 08 00 00 05 1d 08 00 00 06 22 08 00 00 07 07 08 00 00 08 f7 07 00 00 09 1c 08 00 00 0a 0a 08 00 00 0b e4 07 00 00 0c fb 07 00 00 0d e7 07 00 00 0e 0d 08 00 00 0f f4 07 00 00
1391000,01 74 04 10 00 fa 07 00 00 01 dd 07 00 00 02 1b 08 00 00 03 17 08 00 00 04 d0 07 00 00 05 17 08 00 00 06 d3 07 00 00 07 22 08 00 00 08 de 07 00 00 09 09 08 00 00 0a 2d 08 00 00 0b f8 07 00 00 0c e7 07 00 00 0d 2c 08 00 00 0e d5 07 00 00 0f de 07 00 00,01 74 04 10 00 fa 07 00 00 01 dd 07 00 00 02 1b 08 00 00 03 17 08 00 00 04 d0 07 00 00 05 17 08 00 00 06 d3 07 00 00 07 22 08 00 00 08 de 07 00 00 09 09 08 00 00 0a 2d 08 00 00 0b f8 07 00 00 0c e7 07 00 00 0d 2c 08 00 00 0e d5 07 00 00 0f de 07 00 00
1391000,01 74 04 10 00 1e 08 00 00 01 0e 08 00 00 02 f8 07 00 00 03 d2 07 00 00 04 2c 08 00 00 05 09 08 00 00 06 d1 07 00 00 07 0c 08 00 00 08 04 08 00 00 09 f2 07 00 00 0a 0c 08 00 00 0b 01 08 00 00 0c 03 08 00 00 0d d0 07 00 00 0e 1a 08 00 00 0f e0 07 00 00,01 74 04 10 00 1e 08 00 00 01 0e 08 00 00 02 f8 07 00 00 03 d2 07 00 00 04 2c 08 00 00 05 09 08 00 00 06 d1 07 00 00 07 0c 08 00 00 08 04 08 00 00 09 f2 07 00 00 0a 0c 08 00 00 0b 01 08 00 00 0c 03 08 00 00 0d d0 07 00 00 0e 1a 08 00 00 0f e0 07 00 00
1406000,01 74 04 10 00 23 08 00 00 01 17 08 00 00 02 1c 08 00 00 03 d3 07 00 00 04 f0 07 00 00 05 e7 07 00 00 06 2b 08 00 00 07 2b 08 00 00 08 2c 08 00 00 09 2e 08 00 00 0a 22 08 00 00 0b 2c 08 00 00 0c 1e 08 00 00 0d dc 07 00 00 0e ef 07 00 00 0f f2 07 00 00,01 74 04 10 00 23 08 00 00 01 17 08 00 00 02 1c 08 00 00 03 d3 07 00 00 04 f0 07 00 00 05 e7 07 00 00 06 2b 08 00 00 07 2b 08 00 00 08 2c 08 00 00 09 2e 08 00 00 0a 22 08 00 00 0b 2c 08 00 00 0c 1e 08 00 00 0d dc 07 00 00 0e ef 07 00 00 0f f2 07 00 00
1406000,01 74 04 10 00 2e 08 00 00 01 f5 07 00 00 02 06 08 00 00 03 2d 08 00 00 04 12 08 00 00 05 18 08 00 00 06 32 08 00 00 07 d1 07 00 00 08 1c 08 00 00 09 ee 07 00 00 0a 10 08 00 00 0b 12 08 00 00 0c ef 07 00 00 0d f3 07 00 00 0e f3 07 00 00 0f da 07 00 00,01 74 04 10 00 2e 08 00 00 01 f5 07 00 00 02 06 08 00 00 03 2d 08 00 00 04 12 08 00 00 05 18 08 00 00 06 32 08 00 00 07 d1 07 00 00 08 1c 08 00 00 09 ee 07 00 00 0a 10 08 00 00 0b 12 08 00 00 0c ef 07 00 00 0d f3 07 00 00 0e f3 07 00 00 0f da 07 00 00
1406000,01 74 04 10 00 f6 07 00 00 01 0c 08 00 00 02 18 08 00 00 03 05 08 00 00 04 0b 08 00 00 05 f5 07 00 00 06 14 08 00 00 07 19 08 00 00 08 13 08 00 00 09 11 08 00 00 0a 22 08 00 00 0b ee 07 00 00 0c 07 08 00 00 0d 0a 08 00 00 0e 2d 08 00 00 0f f6 07 00 00,01 74 04 10 00 f6 07 00 00 01 0c 08 00 00 02 18 08 00 00 03 05 08 00 00 04 0b 08 00 00 05 f5 07 00 00 06 14 08 00 00 07 19 08 00 00 08 13 08 00 00 09 11 08 00 00 0a 22 08 00 00 0b ee 07 00 00 0c 07 08 00 00 0d 0a 08 00 00 0e 2d 08 00 00 0f f6 07 00 00
1406000,01 74 04 10 00 25 08 00 00 01 dd 07 00 00 02 f6 07 00 00 03 df 07 00 00 04 db 07 00 00 05 ff 07 00 00 06 e1 07 00 00 07 29 08 00 00 08 14 08 00 00 09 1f 08 00 00 0a 23 08 00 00 0b f0 07 00 00 0c 33 08 00 00 0d dc 07 00 00 0e 0b 08 00 00 0f d3 07 00 00,01 74 04 10 00 25 08 00 00 01 dd 07 00 00 02 f6 07 00 00 03 df 07 00 00 04 db 07 00 00 05 ff 07 00 00 06 e1 07 00 00 07 29 08 00 00 08 14 08 00 00 09 1f 08 00 00 0a 23 08 00 00 0b f0 07 00 00 0c 33 08 00 00 0d dc 07 00 00 0e 0b 08 00 00 0f d3 07 00 00
1422000,01 74 04 10 00 25 08 00 00 01 e7 07 00 00 02 df 07 00 00 03 1c 08 00 00 04 e8 07 00 00 05 31 08 00 00 06 31 08 00 00 07 f1 07 00 00 08 dc 07 00 00 09 11 08 00 00 0a 0e 08 00 00 0b ed 07 00 00 0c 15 08 00 00 0d 14 08 00 00 0e 17 08 00 00 0f 24 08 00 00,01 74 04 10 00 25 08 00 00 01 e7 07 00 00 02 df 07 00 00 03 1c 08 00 00 04 e8 07 00 00 05 31 08 00 00 06 31 08 00 00 07 f1 07 00 00 08 dc 07 00 00 09 11 08 00 00 0a 0e 08 00 00 0b ed 07 00 00 0c 15 08 00 00 0d 14 08 00 00 0e 17 08 00 00 0f 24 08 00 00
1422000,01 74 04 10 00 d1 07 00 00 01 fc 07 00 00 02 2e 08 00 00 03 14 08 00 00 04 0c 08 00 00 05 f0 07 00 00 06 30 08 00 00 07 2f 08 00 00 08 1f 08 00 00 09 d3 07 00 00 0a 08 08 00 00 0b 07 08 00 00 0c 20 08 00 00 0d 31 08 00 00 0e 2e 08 00 00 0f 03 08 00 00,01 74 04 10 00 d1 07 00 00 01 fc 07 00 00 02 2e 08 00 00 03 14 08 00 00 04 0c 08 00 00 05 f0 07 00 00 06 30 08 00 00 07 2f 08 00 00 08 1f 08 00 00 09 d3 07 00 00 0a 08 08 00 00 0b 07 08 00 00 0c 20 08 00 00 0d 31 08 00 00 0e 2e 08 00 00 0f 03 08 00 00
1422000,01 74 04 10 00 e9 07 00 00 01 06 08 00 00 02 34 08 00 00 03 2a 08 00 00 04 da 07 00 00 05 2d 08 00 00 06 1b 08 00 00 07 ee 07 00 00 08 2e 08 00 00 09 ef 07 00 00 0a 2a 08 00 00 0b f8 07 00 00 0c ea 07 00 00 0d 17 08 00 00 0e 07 08 00 00 0f 21 08 00 00,01 74 04 10 00 e9 07 00 00 01 06 08 00 00 02 34 08 00 00 03 2a 08 00 00 04 da 07 00 00 05 2d 08 00 00 06 1b 08 00 00 07 ee 07 00 00 08 2e 08 00 00 09 ef 07 00 00 0a 2a 08 00 00 0b f8 07 00 00 0c ea 07 00 00 0d 17 08 00 00 0e 07 08 00 00 0f 21 08 00 00
1422000,01 74 04 10 00 13 08 00 00 01 2d 08 00 00 02 09 08 00 00 03 03 08 00 00 04 13 08 00 00 05 06 08 00 00 06 e9 07 00 00 07 fd 07 00 00 08 07 08 00 00 09 13 08 00 00 0a e3 07 00 00 0b e2 07 00 00 0c 1a 08 00 00 0d fb 07 00 00 0e da 07 00 00 0f 16 08 00 00,01 74 04 10 00 13 08 00 00 01 2d 08 00 00 02 09 08 00 00 03 03 08 00 00 04 13 08 00 00 05 06 08 00 00 06 e9 07 00 00 07 fd 07 00 00 08 07 08 00 00 09 13 08 00 00 0a e3 07 00 00 0b e2 07 00 00 0c 1a 08 00 00 0d fb 07 00 00 0e da 07 00 00 0f 16 08 00 00
1438000,01 74 04 10 00 f4 07 00 00 01 f5 07 00 00 02 1e 08 00 00 03 09 08 00 00 04 fb 07 00 00 05 f4 07 00 00 06 ff 07 00 00 07 16 08 00 00 08 24 08 00 00 09 2b 08 00 00 0a 0d 08 00 00 0b df 07 00 00 0c dc 07 00 00 0d e2 07 00 00 0e 1e 08 00 00 0f d6 07 00 00,01 74 04 10 00 f4 07 00 00 01 f5 07 00 00 02 1e 08 00 00 03 09 08 00 00 04 fb 07 00 00 05 f4 07 00 00 06 ff 07 00 00 07 16 08 00 00 08 24 08 00 00 09 2b 08 00 00 0a 0d 08 00 00 0b df 07 00 00 0c dc 07 00 00 0d e2 07 00 00 0e 1e 08 00 00 0f d6 07 00 00
1438000,01 74 04 10 00 d1 07 00 00 01 2b 08 00 00 02 da 07 00 00 03 e0 07 00 00 04 e7 07 00 00 05 f6 07 00 00 06 f7 07 00 00 07 dc 07 00 00 08 ee 07 00 00 09 d1 07 00 00 0a fc 07 00 00 0b fe 07 00 00 0c fe 07 00 00 0d 25 08 00 00 0e fb 07 00 00 0f 2c 08 00 00,01 74 04 10 00 d1 07 00 00 01 2b 08 00 00 02 da 07 00 00 03 e0 07 00 00 04 e7 07 00 00 05 f6 07 00 00 06 f7 07 00 00 07 dc 07 00 00 08 ee 07 00 00 09 d1 07 00 00 0a fc 07 00 00 0b fe 07 00 00 0c fe 07 00 00 0d 25 08 00 00 0e fb 07 00 00 0f 2c 08 00 00
1453000,01 74 04 10 00 f1 07 00 00 01 01 08 00 00 02 f7 07 00 00 03 28 08 00 00 04 db 07 00 00 05 f5 07 00 00 06 f0 07 00 00 07 e7 07 00 00 08 03 08 00 00 09 24 08 00 00 0a 26 08 00 00 0b d2 07 00 00 0c 14 08 00 00 0d 02 08 00 00 0e 0d 08 00 00 0f 1e 08 00 00,01 74 04 10 00 f1 07 00 00 01 01 08 00 00 02 f7 07 00 00 03 28 08 00 00 04 db 07 00 00 05 f5 07 00 00 06 f0 07 00 00 07 e7 07 00 00 08 03 08 00 00 09 24 08 00 00 0a 26 08 00 00 0b d2 07 00 00 0c 14 08 00 00 0d 02 08 00 00 0e 0d 08 00 00 0f 1e 08 00 00
1453000,01 74 04 10 00 de 07 00 00 01 22 08 00 00 02 07 08 00 00 03 f0 07 00 00 04 d3 07 00 00 05 15 08 00 00 06 1c 08 00 00 07 f3 07 00 00 08 fb 07 00 00 09 12 08 00 00 0a da 07 00 00 0b 19 08 00 00 0c e9 07 00 00 0d 17 08 00 00 0e 21 08 00 00 0f f0 07 00 00,01 74 04 10 00 de 07 00 00 01 22 08 00 00 02 07 08 00 00 03 f0 07 00 00 04 d3 07 00 00 05 15 08 00 00 06 1c 08 00 00 07 f3 07 00 00 08 fb 07 00 00 09 12 08 00 00 0a da 07 00 00 0b 19 08 00 00 0c e9 07 00 00 0d 17 08 00 00 0e 21 08 00 00 0f f0 07 00 00
1453000,01 74 04 10 00 0f 08 00 00 01 01 08 00 00 02 e7 07 00 00 03 09 08 00 00 04 28 08 00 00 05 f0 07 00 00 06 f6 07 00 00 07 1f 08 00 00 08 d2 07 00 00 09 18 08 00 00 0a 30 08 00 00 0b 30 08 00 00 0c e4 07 00 00 0d 11 08 00 00 0e f7 07 00 00 0f 32 08 00 00,01 74 04 10 00 0f 08 00 00 01 01 08 00 00 02 e7 07 00 00 03 09 08 00 00 04 28 08 00 00 05 f0 07 00 00 06 f6 07 00 00 07 1f 08 00 00 08 d2 07 00 00 09 18 08 00 00 0a 30 08 00 00 0b 30 08 00 00 0c e4 07 00 00 0d 11 08 00 00 0e f7 07 00 00 0f 32 08 00 00
1453000,01 74 04 10 00 dc 07 00 00 01 1f 08 00 00 02 2d 08 00 00 03 e9 07 00 00 04 d9 07 00 00 05 32 08 00 00 06 d2 07 00 00 07 dd 07 00 00 08 ef 07 00 00 09 f9 07 00 00 0a 29 08 00 00 0b d3 07 00 00 0c d1 07 00 00 0d 17 08 00 00 0e 02 08 00 00 0f 30 08 00 00,01 74 04 10 00 dc 07 00 00 01 1f 08 00 00 02 2d 08 00 00 03 e9 07 00 00 04 d9 07 00 00 05 32 08 00 00 06 d2 07 00 00 07 dd 07 00 00 08 ef 07 00 00 09 f9 07 00 00 0a 29 08 00 00 0b d3 07 00 00 0c d1 07 00 00 0d 17 08 00 00 0e 02 08 00 00 0f 30 08 00 00
1453000,01 74 04 10 00 16 08 00 00 01 1a 08 00 00 02 f3 07 00 00 03 ee 07 00 00 04 26 08 00 00 05 0a 08 00 00 06 f8 07 00 00 07 0e 08 00 00 08 1e 08 00 00 09 d1 07 00 00 0a d4 07 00 00 0b e5 07 00 00 0c d6 07 00 00 0d 05 08 00 00 0e 28 08 00 00 0f 28 08 00 00,01 74 04 10 00 16 08 00 00 01 1a 08 00 00 02 f3 07 00 00 03 ee 07 00 00 04 26 08 00 00 05 0a 08 00 00 06 f8 07 00 00 07 0e 08 00 00 08 1e 08 00 00 09 d1 07 00 00 0a d4 07 00 00 0b e5 07 00 00 0c d6 07 00 00 0d 05 08 00 00 0e 28 08 00 00 0f 28 08 00 00
1469000,01 74 04 10 00 f7 07 00 00 01 1c 08 00 00 02 27 08 00 00 03 ea 07 00 00 04 01 08 00 00 05 f4 07 00 00 06 17 08 00 00 07 0e 08 00 00 08 02 08 00 00 09 de 07 00 00 0a f2 07 00 00 0b ea 07 00 00 0c f9 07 00 00 0d 13 08 00 00 0e f9 07 00 00 0f 1f 08 00 00,01 74 04 10 00 f7 07 00 00 01 1c 08 00 00 02 27 08 00 00 03 ea 07 00 00 04 01 08 00 00 05 f4 07 00 00 06 17 08 00 00 07 0e 08 00 00 08 02 08 00 00 09 de 07 00 00 0a f2 07 00 00 0b ea 07 00 00 0c f9 07 00 00 0d 13 08 00 00 0e f9 07 00 00 0f 1f 08 00 00
1469000,01 74 04 10 00 0c 08 00 00 01 d3 07 00 00 02 15 08 00 00 03 2c 08 00 00 04 25 08 00 00 05 02 08 00 00 06 fa 07 00 00 07 e1 07 00 00 08 28 08 00 00 09 e3 07 00 00 0a 1c 08 00 00 0b 33 08 00 00 0c fa 07 00 00 0d e0 07 00 00 0e ea 07 00 00 0f 30 08 00 00,01 74 04 10 00 0c 08 00 00 01 d3 07 00 00 02 15 08 00 00 03 2c 08 00 00 04 25 08 00 00 05 02 08 00 00 06 fa 07 00 00 07 e1 07 00 00 08 28 08 00 00 09 e3 07 00 00 0a 1c 08 00 00 0b 33 08 00 00 0c fa 07 00 00 0d e0 07 00 00 0e ea 07 00 00 0f 30 08 00 00
1469000,01 74 04 10 00 d2 07 00 00 01 15 08 00 00 02 ff 07 00 00 03 16 08 00 00 04 db 07 00 00 05 fe 07 00 00 06 e8 07 00 00 07 1d 08 00 00 08 e5 07 00 00 09 2a 08 00 00 0a d6 07 00 00 0b 00 08 00 00 0c 09 08 00 00 0d 0c 08 00 00 0e eb 07 00 00 0f 0e 08 00 00,01 74 04 10 00 d2 07 00 00 01 15 08 00 00 02 ff 07 00 00 03 16 08 00 00 04 db 07 00 00 05 fe 07 00 00 06 e8 07 00 00 07 1d 08 00 00 08 e5 07 00 00 09 2a 08 00 00 0a d6 07 00 00 0b 00 08 00 00 0c 09 08 00 00 0d 0c 08 00 00 0e eb 07 00 00 0f 0e 08 00 00
1469000,01 74 04 10 00 f9 07 00 00 01 eb 07 00 00 02 e8 07 00 00 03 e6 07 00 00 04 f3 07 00 00 05 f0 07 00 00 06 e9 07 00 00 07 f2 07 00 00 08 e6 07 00 00 09 d5 07 00 00 0a 1f 08 00 00 0b fa 07 00 00 0c 04 08 00 00 0d ed 07 00 00 0e e1 07 00 00 0f 13 08 00 00,01 74 04 10 00 f9 07 00 00 01 eb 07 00 00 02 e8 07 00 00 03 e6 07 00 00 04 f3 07 00 00 05 f0 07 00 00 06 e9 07 00 00 07 f2 07 00 00 08 e6 07 00 00 09 d5 07 00 00 0a 1f 08 00 00 0b fa 07 00 00 0c 04 08 00 00 0d ed 07 00 00 0e e1 07 00 00 0f 13 08 00 00
1469000,01 74 04 10 00 10 08 00 00 01 ef 07 00 00 02 d5 07 00 00 03 30 08 00 00 04 28 08 00 00 05 00 08 00 00 06 ea 07 00 00 07 ff 07 00 00 08 f8 07 00 00 09 06 08 00 00 0a fe 07 00 00 0b f1 07 00 00 0c d6 07 00 00 0d f9 07 00 00 0e 1d 08 00 00 0f 34 08 00 00,01 74 04 10 00 10 08 00 00 01 ef 07 00 00 02 d5 07 00 00 03 30 08 00 00 04 28 08 00 00 05 00 08 00 00 06 ea 07 00 00 07 ff 07 00 00 08 f8 07 00 00 09 06 08 00 00 0a fe 07 00 00 0b f1 07 00 00 0c d6 07 00 00 0d f9 07 00 00 0e 1d 08 00 00 0f 34 08 00 00
1484000,01 74 04 10 00 d3 07 00 00 01 12 08 00 00 02 ea 07 00 00 03 db 07 00 00 04 32 08 00 00 05 e6 07 00 00 06 d1 07 00 00 07 fb 07 00 00 08 d2 07 00 00 09 e5 07 00 00 0a 11 08 00 00 0b ea 07 00 00 0c 1e 08 00 00 0d f4 07 00 00 0e 09 08 00 00 0f 11 08 00 00,01 74 04 10 00 d3 07 00 00 01 12 08 00 00 02 ea 07 00 00 03 db 07 00 00 04 32 08 00 00 05 e6 07 00 00 06 d1 07 00 00 07 fb 07 00 00 08 d2 07 00 00 09 e5 07 00 00 0a 11 08 00 00 0b ea 07 00 00 0c 1e 08 00 00 0d f4 07 00 00 0e 09 08 00 00 0f 11 08 00 00
1484000,01 74 04 10 00 11 08 00 00 01 e2 07 00 00 02 f3 07 00 00 03 eb 07 00 00 04 fd 07 00 00 05 f3 07 00 00 06 02 08 00 00 07 d3 07 00 00 08 24 08 00 00 09 24 08 00 00 0a fb 07 00 00 0b 0a 08 00 00 0c 2f 08 00 00 0d d5 07 00 00 0e fa 07 00 00 0f fa 07 00 00,01 74 04 10 00 11 08 00 00 01 e2 07 00 00 02 f3 07 00 00 03 eb 07 00 00 04 fd 07 00 00 05 f3 07 00 00 06 02 08 00 00 07 d3 07 00 00 08 24 08 00 00 09 24 08 00 00 0a fb 07 00 00 0b 0a 08 00 00 0c 2f 08 00 00 0d d5 07 00 00 0e fa 07 00 00 0f fa 07 00 00
1484000,01 74 04 10 00 d7 07 00 00 01 23 08 00 00 02 10 08 00 00 03 f4 07 00 00 04 e1 07 00 00 05 fa 07 00 00 06 eb 07 00 00 07 d8 07 00 00 08 02 08 00 00 09 e3 07 00 00 0a 21 08 00 00 0b dc 07 00 00 0c fe 07 00 00 0d 2e 08 00 00 0e 06 08 00 00 0f f4 07 00 00,01 74 04 10 00 d7 07 00 00 01 23 08 00 00 02 10 08 00 00 03 f4 07 00 00 04 e1 07 00 00 05 fa 07 00 00 06 eb 07 00 00 07 d8 07 00 00 08 02 08 00 00 09 e3 07 00 00 0a 21 08 00 00 0b dc 07 00 00 0c fe 07 00 00 0d 2e 08 00 00 0e 06 08 00 00 0f f4 07 00 00
1484000,01 74 04 10 00 31 08 00 00 01 0d 08 00 00 02 fa 07 00 00 03 34 08 00 00 04 0f 08 00 00 05 01 08 00 00 06 15 08 00 00 07 f1 07 00 00 08 e1 07 00 00 09 e7 07 00 00 0a 1b 08 00 00 0b f4 07 00 00 0c d9 07 00 00 0d ed 07 00 00 0e 29 08 00 00 0f 1c 08 00 00,01 74 04 10 00 31 08 00 00 01 0d 08 00 00 02 fa 07 00 00 03 34 08 00 00 04 0f 08 00 00 05 01 08 00 00 06 15 08 00 00 07 f1 07 00 00 08 e1 07 00 00 09 e7 07 00 00 0a 1b 08 00 00 0b f4 07 00 00 0c d9 07 00 00 0d ed 07 00 00 0e 29 08 00 00 0f 1c 08 00 00
1484000,01 74 04 10 00 f2 07 00 00 01 dd 07 00 00 02 dd 07 00 00 03 03 08 00 00 04 fc 07 00 00 05 24 08 00 00 06 08 08 00 00 07 de 07 00 00 08 1e 08 00 00 09 db 07 00 00 0a 03 08 00 00 0b fa 07 00 00 0c 21 08 00 00 0d 17 08 00 00 0e 13 08 00 00 0f 32 08 00 00,01 74 04 10 00 f2 07 00 00 01 dd 07 00 00 02 dd 07 00 00 03 03 08 00 00 04 fc 07 00 00 05 24 08 00 00 06 08 08 00 00 07 de 07 00 00 08 1e 08 00 00 09 db 07 00 00 0a 03 08 00 00 0b fa 07 00 00 0c 21 08 00 00 0d 17 08 00 00 0e 13 08 00 00 0f 32 08 00 00
1500000,01 74 04 10 00 0f 08 00 00 01 1b 08 00 00 02 f5 07 00 00 03 fc 07 00 00 04 d2 07 00 00 05 15 08 00 00 06 1a 08 00 00 07 33 08 00 00 08 f7 07 00 00 09 fd 07 00 00 0a d6 07 00 00 0b 18 08 00 00 0c f4 07 00 00 0d dd 07 00 00 0e ea 07 00 00 0f f4 07 00 00,01 74 04 10 00 0f 08 00 00 01 1b 08 00 00 02 f5 07 00 00 03 fc 07 00 00 04 d2 07 00 00 05 15 08 00 00 06 1a 08 00 00 07 33 08 00 00 08 f7 07 00 00 09 fd 07 00 00 0a d6 07 00 00 0b 18 08 00 00 0c f4 07 00 00 0d dd 07 00 00 0e ea 07 00 00 0f f4 07 00 00
1500000,01 74 04 10 00 da 07 00 00 01 1b 08 00 00 02 20 08 00 00 03 e8 07 00 00 04 21 08 00 00 05 fa 07 00 00 06 14 08 00 00 07 13 08 00 00 08 27 08 00 00 09 e9 07 00 00 0a 06 08 00 00 0b 33 08 00 00 0c df 07 00 00 0d e8 07 00 00 0e 11 08 00 00 0f 2b 08 00 00,01 74 04 10 00 da 07 00 00 01 1b 08 00 00 02 20 08 00 00 03 e8 07 00 00 04 21 08 00 00 05 fa 07 00 00 06 14 08 00 00 07 13 08 00 00 08 27 08 00 00 09 e9 07 00 00 0a 06 08 00 00 0b 33 08 00 00 0c df 07 00 00 0d e8 07 00 00 0e 11 08 00 00 0f 2b 08 00 00
1500000,01 74 04 10 00 17 08 00 00 01 da 07 00 00 02 e5 07 00 00 03 03 08 00 00 04 02 08 00 00 05 1c 08 00 00 06 09 08 00 00 07 33 08 00 00 08 fa 07 00 00 09 ea 07 00 00 0a 01 08 00 00 0b e8 07 00 00 0c ef 07 00 00 0d 2d 08 00 00 0e 22 08 00 00 0f fc 07 00 00,01 74 04 10 00 17 08 00 00 01 da 07 00 00 02 e5 07 00 00 03 03 08 00 00 04 02 08 00 00 05 1c 08 00 00 06 09 08 00 00 07 33 08 00 00 08 fa 07 00 00 09 ea 07 00 00 0a 01 08 00 00 0b e8 07 00 00 0c ef 07 00 00 0d 2d 08 00 00 0e 22 08 00 00 0f fc 07 00 00
1500000,01 74 04 10 00 e4 07 00 00 01 15 08 00 00 02 11 08 00 00 03 00 08 00 00 04 e0 07 00 00 05 ef 07 00 00 06 d7 07 00 00 07 0f 08 00 00 08 fe 07 00 00 09 ed 07 00 00 0a 19 08 00 00 0b 03 08 00 00 0c f1 07 00 00 0d 2f 08 00 00 0e 00 08 00 00 0f eb 07 00 00,01 74 04 10 00 e4 07 00 00 01 15 08 00 00 02 11 08 00 00 03 00 08 00 00 04 e0 07 00 00 05 ef 07 00 00 06 d7 07 00 00 07 0f 08 00 00 08 fe 07 00 00 09 ed 07 00 00 0a 19 08 00 00 0b 03 08 00 00 0c f1 07 00 00 0d 2f 08 00 00 0e 00 08 00 00 0f eb 07 00 00
1500000,01 74 04 10 00 f7 07 00 00 01 fa 07 00 00 02 08 08 00 00 03 1a 08 00 00 04 d8 07 00 00 05 e2 07 00 00 06 f1 07 00 00 07 17 08 00 00 08 1b 08 00 00 09 e3 07 00 00 0a 1b 08 00 00 0b 16 08 00 00 0c 10 08 00 00 0d da 07 00 00 0e 0b 08 00 00 0f 1d 08 00 00,01 74 04 10 00 f7 07 00 00 01 fa 07 00 00 02 08 08 00 00 03 1a 08 00 00 04 d8 07 00 00 05 e2 07 00 00 06 f1 07 00 00 07 17 08 00 00 08 1b 08 00 00 09 e3 07 00 00 0a 1b 08 00 00 0b 16 08 00 00 0c 10 08 00 00 0d da 07 00 00 0e 0b 08 00 00 0f 1d 08 00 00
1516000,01 74 04 10 00 d0 07 00 00 01 12 08 00 00 02 0d 08 00 00 03 ed 07 00 00 04 e0 07 00 00 05 d9 07 00 00 06 fd 07 00 00 07 1f 08 00 00 08 20 08 00 00 09 1f 08 00 00 0a 1a 08 00 00 0b 01 08 00 00 0c 15 08 00 00 0d d5 07 00 00 0e 30 08 00 00 0f f8 07 00 00,01 74 04 10 00 d0 07 00 00 01 12 08 00 00 02 0d 08 00 00 03 ed 07 00 00 04 e0 07 00 00 05 d9 07 00 00 06 fd 07 00 00 07 1f 08 00 00 08 20 08 00 00 09 1f 08 00 00 0a 1a 08 00 00 0b 01 08 00 00 0c 15 08 00 00 0d d5 07 00 00 0e 30 08 00 00 0f f8 07 00 00
1516000,01 74 04 10 00 01 08 00 00 01 2d 08 00 00 02 24 08 00 00 03 ff 07 00 00 04 db 07 00 00 05 e6 07 00 00 06 d8 07 00 00 07 f0 07 00 00 08 16 08 00 00 09 fa 07 00 00 0a ea 07 00 00 0b f8 07 00 00 0c 01 08 00 00 0d e3 07 00 00 0e f9 07 00 00 0f d2 07 00 00,01 74 04 10 00 01 08 00 00 01 2d 08 00 00 02 24 08 00 00 03 ff 07 00 00 04 db 07 00 00 05 e6 07 00 00 06 d8 07 00 00 07 f0 07 00 00 08 16 08 00 00 09 fa 07 00 00 0a ea 07 00 00 0b f8 07 00 00 0c 01 08 00 00 0d e3 07 00 00 0e f9 07 00 00 0f d2 07 00 00
1516000,01 74 04 10 00 d5 07 00 00 01 dd 07 00 00 02 08 08 00 00 03 30 08 00 00 04 df 07 00 00 05 27 08 00 00 06 ed 07 00 00 07 da 07 00 00 08 08 08 00 00 09 d0 07 00 00 0a e6 07 00 00 0b f9 07 00 00 0c df 07 00 00 0d d2 07 00 00 0e ff 07 00 00 0f 13 08 00 00,01 74 04 10 00 d5 07 00 00 01 dd 07 00 00 02 08 08 00 00 03 30 08 00 00 04 df 07 00 00 05 27 08 00 00 06 ed 07 00 00 07 da 07 00 00 08 08 08 00 00 09 d0 07 00 00 0a e6 07 00 00 0b f9 07 00 00 0c df 07 00 00 0d d2 07 00 00 0e ff 07 00 00 0f 13 08 00 00
1516000,01 74 04 10 00 ea 07 00 00 01 e0 07 00 00 02 0b 08 00 00 03 fb 07 00 00 04 20 08 00 00 05 0b 08 00 00 06 f5 07 00 00 07 de 07 00 00 08 0b 08 00 00 09 0d 08 00 00 0a f5 07 00 00 0b 2e 08 00 00 0c e6 07 00 00 0d df 07 00 00 0e f8 07 00 00 0f 31 08 00 00,01 74 04 10 00 ea 07 00 00 01 e0 07 00 00 02 0b 08 00 00 03 fb 07 00 00 04 20 08 00 00 05 0b 08 00 00 06 f5 07 00 00 07 de 07 00 00 08 0b 08 00 00 09 0d 08 00 00 0a f5 07 00 00 0b 2e 08 00 00 0c e6 07 00 00 0d df 07 00 00 0e f8 07 00 00 0f 31 08 00 00
1531000,01 74 04 10 00 29 08 00 00 01 14 08 00 00 02 34 08 00 00 03 d6 07 00 00 04 13 08 00 00 05 14 08 00 00 06 18 08 00 00 07 1c 08 00 00 08 1d 08 00 00 09 1a 08 00 00 0a ee 07 00 00 0b ec 07 00 00 0c ed 07 00 00 0d 24 08 00 00 0e 23 08 00 00 0f f9 07 00 00,01 74 04 10 00 29 08 00 00 01 14 08 00 00 02 34 08 00 00 03 d6 07 00 00 04 13 08 00 00 05 14 08 00 00 06 18 08 00 00 07 1c 08 00 00 08 1d 08 00 00 09 1a 08 00 00 0a ee 07 00 00 0b ec 07 00 00 0c ed 07 00 00 0d 24 08 00 00 0e 23 08 00 00 0f f9 07 00 00
1531000,01 74 04 10 00 fb 07 00 00 01 e2 07 00 00 02 e4 07 00 00 03 0f 08 00 00 04 fb 07 00 00 05 e6 07 00 00 06 0f 08 00 00 07 2a 08 00 00 08 32 08 00 00 09 db 07 00 00 0a 29 08 00 00 0b 10 08 00 00 0c fe 07 00 00 0d 25 08 00 00 0e 13 08 00 00 0f e9 07 00 00,01 74 04 10 00 fb 07 00 00 01 e2 07 00 00 02 e4 07 00 00 03 0f 08 00 00 04 fb 07 00 00 05 e6 07 00 00 06 0f 08 00 00 07 2a 08 00 00 08 32 08 00 00 09 db 07 00 00 0a 29 08 00 00 0b 10 08 00 00 0c fe 07 00 00 0d 25 08 00 00 0e 13 08 00 00 0f e9 07 00 00
1531000,01 74 04 10 00 01 08 00 00 01 d3 07 00 00 02 e3 07 00 00 03 09 08 00 00 04 fe 07 00 00 05 06 08 00 00 06 ef 07 00 00 07 31 08 00 00 08 34 08 00 00 09 10 08 00 00 0a 1a 08 00 00 0b e1 07 00 00 0c fe 07 00 00 0d 20 08 00 00 0e f9 07 00 00 0f 15 08 00 00,01 74 04 10 00 01 08 00 00 01 d3 07 00 00 02 e3 07 00 00 03 09 08 00 00 04 fe 07 00 00 05 06 08 00 00 06 ef 07 00 00 07 31 08 00 00 08 34 08 00 00 09 10 08 00 00 0a 1a 08 00 00 0b e1 07 00 00 0c fe 07 00 00 0d 20 08 00 00 0e f9 07 00 00 0f 15 08 00 00
1531000,01 74 04 10 00 1b 08 00 00 01 d5 07 00 00 02 10 08 00 00 03 2e 08 00 00 04 34 08 00 00 05 12 08 00 00 06 24 08 00 00 07 d2 07 00 00 08 19 08 00 00 09 20 08 00 00 0a 18 08 00 00 0b fb 07 00 00 0c e8 07 00 00 0d 14 08 00 00 0e 30 08 00 00 0f 06 08 00 00,01 74 04 10 00 1b 08 00 00 01 d5 07 00 00 02 10 08 00 00 03 2e 08 00 00 04 34 08 00 00 05 12 08 00 00 06 24 08 00 00 07 d2 07 00 00 08 19 08 00 00 09 20 08 00 00 0a 18 08 00 00 0b fb 07 00 00 0c e8 07 00 00 0d 14 08 00 00 0e 30 08 00 00 0f 06 08 00 00
1531000,01 74 04 10 00 0a 08 00 00 01 d6 07 00 00 02 e0 07 00 00 03 d4 07 00 00 04 f0 07 00 00 05 f5 07 00 00 06 e1 07 00 00 07 2a 08 00 00 08 05 08 00 00 09 12 08 00 00 0a e6 07 00 00 0b 34 08 00 00 0c 1a 08 00 00 0d d0 07 00 00 0e 28 08 00 00 0f 02 08 00 00,01 74 04 10 00 0a 08 00 00 01 d6 07 00 00 02 e0 07 00 00 03 d4 07 00 00 04 f0 07 00 00 05 f5 07 00 00 06 e1 07 00 00 07 2a 08 00 00 08 05 08 00 00 09 12 08 00 00 0a e6 07 00 00 0b 34 08 00 00 0c 1a 08 00 00 0d d0 07 00 00 0e 28 08 00 00 0f 02 08 00 00
1547000,01 74 04 10 00 28 08 00 00 01 f6 07 00 00 02 11 08 00 00 03 03 08 00 00 04 03 08 00 00 05 ed 07 00 00 06 e6 07 00 00 07 10 08 00 00 08 0e 08 00 00 09 27 08 00 00 0a d0 07 00 00 0b 26 08 00 00 0c 1d 08 00 00 0d 14 08 00 00 0e e6 07 00 00 0f 23 08 00 00,01 74 04 10 00 28 08 00 00 01 f6 07 00 00 02 11 08 00 00 03 03 08 00 00 04 03 08 00 00 05 ed 07 00 00 06 e6 07 00 00 07 10 08 00 00 08 0e 08 00 00 09 27 08 00 00 0a d0 07 00 00 0b 26 08 00 00 0c 1d 08 00 00 0d 14 08 00 00 0e e6 07 00 00 0f 23 08 00 00
1547000,01 74 04 10 00 16 08 00 00 01 18 08 00 00 02 0a 08 00 00 03 30 08 00 00 04 17 08 00 00 05 06 08 00 00 06 ec 07 00 00 07 05 08 00 00 08 0f 08 00 00 09 10 08 00 00 0a 1a 08 00 00 0b 23 08 00 00 0c d1 07 00 00 0d de 07 00 00 0e 2d 08 00 00 0f fd 07 00 00,01 74 04 10 00 16 08 00 00 01 18 08 00 00 02 0a 08 00 00 03 30 08 00 00 04 17 08 00 00 05 06 08 00 00 06 ec 07 00 00 07 05 08 00 00 08 0f 08 00 00 09 10 08 00 00 0a 1a 08 00 00 0b 23 08 00 00 0c d1 07 00 00 0d de 07 00 00 0e 2d 08 00 00 0f fd 07 00 00
1547000,01 74 04 10 00 df 07 00 00 01 16 08 00 00 02 06 08 00 00 03 e0 07 00 00 04 e4 07 00 00 05 21 08 00 00 06 e8 07 00 00 07 13 08 00 00 08 02 08 00 00 09 d6 07 00 00 0a d7 07 00 00 0b 0d 08 00 00 0c d6 07 00 00 0d d4 07 00 00 0e 33 08 00 00 0f 1d 08 00 00,01 74 04 10 00 df 07 00 00 01 16 08 00 00 02 06 08 00 00 03 e0 07 00 00 04 e4 07 00 00 05 21 08 00 00 06 e8 07 00 00 07 13 08 00 00 08 02 08 00 00 09 d6 07 00 00 0a d7 07 00 00 0b 0d 08 00 00 0c d6 07 00 00 0d d4 07 00 00 0e 33 08 00 00 0f 1d 08 00 00
1547000,01 74 04 10 00 d3 07 00 00 01 ec 07 00 00 02 1e 08 00 00 03 15 08 00 00 04 f7 07 00 00 05 df 07 00 00 06 fe 07 00 00 07 ef 07 00 00 08 13 08 00 00 09 d8 07 00 00 0a 09 08 00 00 0b d7 07 00 00 0c fd 07 00 00 0d 07 08 00 00 0e 29 08 00 00 0f 2e 08 00 00,01 74 04 10 00 d3 07 00 00 01 ec 07 00 00 02 1e 08 00 00 03 15 08 00 00 04 f7 07 00 00 05 df 07 00 00 06 fe 07 00 00 07 ef 07 00 00 08 13 08 00 00 09 d8 07 00 00 0a 09 08 00 00 0b d7 07 00 00 0c fd 07 00 00 0d 07 08 00 00 0e 29 08 00 00 0f 2e 08 00 00
1547000,01 74 04 10 00 d9 07 00 00 01 ff 07 00 00 02 21 08 00 00 03 24 08 00 00 04 ee 07 00 00 05 d6 07 00 00 06 e5 07 00 00 07 e4 07 00 00 08 01 08 00 00 09 09 08 00 00 0a 2f 08 00 00 0b 2d 08 00 00 0c 2d 08 00 00 0d 2e 08 00 00 0e e3 07 00 00 0f e1 07 00 00,01 74 04 10 00 d9 07 00 00 01 ff 07 00 00 02 21 08 00 00 03 24 08 00 00 04 ee 07 00 00 05 d6 07 00 00 06 e5 07 00 00 07 e4 07 00 00 08 01 08 00 00 09 09 08 00 00 0a 2f 08 00 00 0b 2d 08 00 00 0c 2d 08 00 00 0d 2e 08 00 00 0e e3 07 00 00 0f e1 07 00 00
1563000,01 74 04 10 00 2a 08 00 00 01 f1 07 00 00 02 0a 08 00 00 03 f5 07 00 00 04 ef 07 00 00 05 31 08 00 00 06 f1 07 00 00 07 e9 07 00 00 08 26 08 00 00 09 dc 07 00 00 0a 01 08 00 00 0b 14 08 00 00 0c 0e 08 00 00 0d f9 07 00 00 0e f7 07 00 00 0f d3 07 00 00,01 74 04 10 00 2a 08 00 00 01 f1 07 00 00 02 0a 08 00 00 03 f5 07 00 00 04 ef 07 00 00 05 31 08 00 00 06 f1 07 00 00 07 e9 07 00 00 08 26 08 00 00 09 dc 07 00 00 0a 01 08 00 00 0b 14 08 00 00 0c 0e 08 00 00 0d f9 07 00 00 0e f7 07 00 00 0f d3 07 00 00
1563000,01 74 04 10 00 1a 08 00 00 01 d0 07 00 00 02 0c 08 00 00 03 ec 07 00 00 04 0a 08 00 00 05 1e 08 00 00 06 21 08 00 00 07 df 07 00 00 08 df 07 00 00 09 12 08 00 00 0a 19 08 00 00 0b 06 08 00 00 0c e2 07 00 00 0d 05 08 00 00 0e 23 08 00 00 0f f1 07 00 00,01 74 04 10 00 1a 08 00 00 01 d0 07 00 00 02 0c 08 00 00 03 ec 07 00 00 04 0a 08 00 00 05 1e 08 00 00 06 21 08 00 00 07 df 07 00 00 08 df 07 00 00 09 12 08 00 00 0a 19 08 00 00 0b 06 08 00 00 0c e2 07 00 00 0d 05 08 00 00 0e 23 08 00 00 0f f1 07 00 00
1563000,01 74 04 10 00 34 08 00 00 01 fd 07 00 00 02 13 08 00 00 03 0d 08 00 00 04 01 08 00 00 05 f1 07 00 00 06 ee 07 00 00 07 21 08 00 00 08 e8 07 00 00 09 d4 07 00 00 0a 0e 08 00 00 0b 00 08 00 00 0c 06 08 00 00 0d eb 07 00 00 0e 34 08 00 00 0f 14 08 00 00,01 74 04 10 00 34 08 00 00 01 fd 07 00 00 02 13 08 00 00 03 0d 08 00 00 04 01 08 00 00 05 f1 07 00 00 06 ee 07 00 00 07 21 08 00 00 08 e8 07 00 00 09 d4 07 00 00 0a 0e 08 00 00 0b 00 08 00 00 0c 06 08 00 00 0d eb 07 00 00 0e 34 08 00 00 0f 14 08 00 00
1563000,01 74 04 10 00 1a 08 00 00 01 e7 07 00 00 02 1d 08 00 00 03 17 08 00 00 04 d1 07 00 00 05 33 08 00 00 06 f1 07 00 00 07 f3 07 00 00 08 dd 07 00 00 09 fd 07 00 00 0a ff 07 00 00 0b 07 08 00 00 0c 2c 08 00 00 0d fa 07 00 00 0e e4 07 00 00 0f e9 07 00 00,01 74 04 10 00 1a 08 00 00 01 e7 07 00 00 02 1d 08 00 00 03 17 08 00 00 04 d1 07 00 00 05 33 08 00 00 06 f1 07 00 00 07 f3 07 00 00 08 dd 07 00 00 09 fd 07 00 00 0a ff 07 00 00 0b 07 08 00 00 0c 2c 08 00 00 0d fa 07 00 00 0e e4 07 00 00 0f e9 07 00 00
1563000,01 74 04 10 00 1d 08 00 00 01 24 08 00 00 02 df 07 00 00 03 2d 08 00 00 04 e0 07 00 00 05 dd 07 00 00 06 32 08 00 00 07 31 08 00 00 08 04 08 00 00 09 17 08 00 00 0a f9 07 00 00 0b d1 07 00 00 0c dd 07 00 00 0d 0f 08 00 00 0e e0 07 00 00 0f 17 08 00 00,01 74 04 10 00 1d 08 00 00 01 24 08 00 00 02 df 07 00 00 03 2d 08 00 00 04 e0 07 00 00 05 dd 07 00 00 06 32 08 00 00 07 31 08 00 00 08 04 08 00 00 09 17 08 00 00 0a f9 07 00 00 0b d1 07 00 00 0c dd 07 00 00 0d 0f 08 00 00 0e e0 07 00 00 0f 17 08 00 00
1578000,01 74 04 10 00 f7 07 00 00 01 1b 08 00 00 02 f3 07 00 00 03 d2 07 00 00 04 2b 08 00 00 05 dc 07 00 00 06 27 08 00 00 07 db 07 00 00 08 09 08 00 00 09 fc 07 00 00 0a f8 07 00 00 0b d6 07 00 00 0c 0d 08 00 00 0d ee 07 00 00 0e fc 07 00 00 0f e8 07 00 00,01 74 04 10 00 f7 07 00 00 01 1b 08 00 00 02 f3 07 00 00 03 d2 07 00 00 04 2b 08 00 00 05 dc 07 00 00 06 27 08 00 00 07 db 07 00 00 08 09 08 00 00 09 fc 07 00 00 0a f8 07 00 00 0b d6 07 00 00 0c 0d 08 00 00 0d ee 07 00 00 0e fc 07 00 00 0f e8 07 00 00
1578000,01 74 04 10 00 1a 08 00 00 01 d5 07 00 00 02 ec 07 00 00 03 24 08 00 00 04 e9 07 00 00 05 e8 07 00 00 06 21 08 00 00 07 f5 07 00 00 08 2c 08 00 00 09 20 08 00 00 0a 15 08 00 00 0b 17 08 00 00 0c 11 08 00 00 0d 2d 08 00 00 0e f2 07 00 00 0f fd 07 00 00,01 74 04 10 00 1a 08 00 00 01 d5 07 00 00 02 ec 07 00 00 03 24 08 00 00 04 e9 07 00 00 05 e8 07 00 00 06 21 08 00 00 07 f5 07 00 00 08 2c 08 00 00 09 20 08 00 00 0a 15 08 00 00 0b 17 08 00 00 0c 11 08 00 00 0d 2d 08 00 00 0e f2 07 00 00 0f fd 07 00 00
1578000,01 74 04 10 00 33 08 00 00 01 ff 07 00 00 02 19 08 00 00 03 dd 07 00 00 04 08 08 00 00 05 d0 07 00 00 06 03 08 00 00 07 13 08 00 00 08 34 08 00 00 09 ee 07 00 00 0a 06 08 00 00 0b fe 07 00 00 0c e3 07 00 00 0d 0d 08 00 00 0e e0 07 00 00 0f ff 07 00 00,01 74 04 10 00 33 08 00 00 01 ff 07 00 00 02 19 08 00 00 03 dd 07 00 00 04 08 08 00 00 05 d0 07 00 00 06 03 08 00 00 07 13 08 00 00 08 34 08 00 00 09 ee 07 00 00 0a 06 08 00 00 0b fe 07 00 00 0c e3 07 00 00 0d 0d 08 00 00 0e e0 07 00 00 0f ff 07 00 00
1578000,01 74 04 10 00 18 08 00 00 01 d2 07 00 00 02 ff 07 00 00 03 f9 07 00 00 04 19 08 00 00 05 29 08 00 00 06 e0 07 00 00 07 24 08 00 00 08 21 08 00 00 09 fc 07 00 00 0a 25 08 00 00 0b 04 08 00 00 0c ea 07 00 00 0d fc 07 00 00 0e 1c 08 00 00 0f f9 07 00 00,01 74 04 10 00 18 08 00 00 01 d2 07 00 00 02 ff 07 00 00 03 f9 07 00 00 04 19 08 00 00 05 29 08 00 00 06 e0 07 00 00 07 24 08 00 00 08 21 08 00 00 09 fc 07 00 00 0a 25 08 00 00 0b 04 08 00 00 0c ea 07 00 00 0d fc 07 00 00 0e 1c 08 00 00 0f f9 07 00 00
1578000,01 74 04 10 00 00 08 00 00 01 08 08 00 00 02 23 08 00 00 03 32 08 00 00 04 22 08 00 00 05 d4 07 00 00 06 f9 07 00 00 07 0a 08 00 00 08 0a 08 00 00 09 ff 07 00 00 0a fe 07 00 00 0b 0f 08 00 00 0c e5 07 00 00 0d e4 07 00 00 0e 05 08 00 00 0f 28 08 00 00,01 74 04 10 00 00 08 00 00 01 08 08 00 00 02 23 08 00 00 03 32 08 00 00 04 22 08 00 00 05 d4 07 00 00 06 f9 07 00 00 07 0a 08 00 00 08 0a 08 00 00 09 ff 07 00 00 0a fe 07 00 00 0b 0f 08 00 00 0c e5 07 00 00 0d e4 07 00 00 0e 05 08 00 00 0f 28 08 00 00
1594000,01 74 04 10 00 d2 07 00 00 01 0e 08 00 00 02 f8 07 00 00 03 d6 07 00 00 04 08 08 00 00 05 32 08 00 00 06 d0 07 00 00 07 2f 08 00 00 08 ed 07 00 00 09 0b 08 00 00 0a fa 07 00 00 0b ec 07 00 00 0c e0 07 00 00 0d fd 07 00 00 0e fe 07 00 00 0f e5 07 00 00,01 74 04 10 00 d2 07 00 00 01 0e 08 00 00 02 f8 07 00 00 03 d6 07 00 00 04 08 08 00 00 05 32 08 00 00 06 d0 07 00 00 07 2f 08 00 00 08 ed 07 00 00 09 0b 08 00 00 0a fa 07 00 00 0b ec 07 00 00 0c e0 07 00 00 0d fd 07 00 00 0e fe 07 00 00 0f e5 07 00 00
1594000,01 74 04 10 00 10 08 00 00 01 df 07 00 00 02 03 08 00 00 03 d5 07 00 00 04 13 08 00 00 05 00 08 00 00 06 f6 07 00 00 07 26 08 00 00 08 da 07 00 00 09 33 08 00 00 0a 11 08 00 00 0b ff 07 00 00 0c 09 08 00 00 0d e9 07 00 00 0e 23 08 00 00 0f 28 08 00 00,01 74 04 10 00 10 08 00 00 01 df 07 00 00 02 03 08 00 00 03 d5 07 00 00 04 13 08 00 00 05 00 08 00 00 06 f6 07 00 00 07 26 08 00 00 08 da 07 00 00 09 33 08 00 00 0a 11 08 00 00 0b ff 07 00 00 0c 09 08 00 00 0d e9 07 00 00 0e 23 08 00 00 0f 28 08 00 00
1594000,01 74 04 10 00 e8 07 00 00 01 1a 08 00 00 02 1c 08 00 00 03 06 08 00 00 04 03 08 00 00 05 31 08 00 00 06 08 08 00 00 07 1a 08 00 00 08 f8 07 00 00 09 ef 07 00 00 0a f0 07 00 00 0b e8 07 00 00 0c 1b 08 00 00 0d f0 07 00 00 0e 22 08 00 00 0f 0f 08 00 00,01 74 04 10 00 e8 07 00 00 01 1a 08 00 00 02 1c 08 00 00 03 06 08 00 00 04 03 08 00 00 05 31 08 00 00 06 08 08 00 00 07 1a 08 00 00 08 f8 07 00 00 09 ef 07 00 00 0a f0 07 00 00 0b e8 07 00 00 0c 1b 08 00 00 0d f0 07 00 00 0e 22 08 00 00 0f 0f 08 00 00
1594000,01 74 04 10 00 f2 07 00 00 01 27 08 00 00 02 07 08 00 00 03 f5 07 00 00 04 1d 08 00 00 05 2d 08 00 00 06 d2 07 00 00 07 df 07 00 00 08 fe 07 00 00 09 08 08 00 00 0a e4 07 00 00 0b dc 07 00 00 0c f6 07 00 00 0d 03 08 00 00 0e ed 07 00 00 0f fe 07 00 00,01 74 04 10 00 f2 07 00 00 01 27 08 00 00 02 07 08 00 00 03 f5 07 00 00 04 1d 08 00 00 05 2d 08 00 00 06 d2 07 00 00 07 df 07 00 00 08 fe 07 00 00 09 08 08 00 00 0a e4 07 00 00 0b dc 07 00 00 0c f6 07 00 00 0d 03 08 00 00 0e ed 07 00 00 0f fe 07 00 00
1594000,01 74 04 10 00 e5 07 00 00 01 d0 07 00 00 02 dd 07 00 00 03 16 08 00 00 04 d5 07 00 00 05 f7 07 00 00 06 07 08 00 00 07 17 08 00 00 08 11 08 00 00 09 fb 07 00 00 0a 34 08 00 00 0b e8 07 00 00 0c f8 07 00 00 0d 34 08 00 00 0e 0d 08 00 00 0f ed 07 00 00,01 74 04 10 00 e5 07 00 00 01 d0 07 00 00 02 dd 07 00 00 03 16 08 00 00 04 d5 07 00 00 05 f7 07 00 00 06 07 08 00 00 07 17 08 00 00 08 11 08 00 00 09 fb 07 00 00 0a 34 08 00 00 0b e8 07 00 00 0c f8 07 00 00 0d 34 08 00 00 0e 0d 08 00 00 0f ed 07 00 00
1609000,01 74 04 10 00 1f 08 00 00 01 0f 08 00 00 02 03 08 00 00 03 24 08 00 00 04 0c 08 00 00 05 ee 07 00 00 06 f1 07 00 00 07 f3 07 00 00 08 d2 07 00 00 09 ee 07 00 00 0a f0 07 00 00 0b 0c 08 00 00 0c de 07 00 00 0d d2 07 00 00 0e 01 08 00 00 0f 2a 08 00 00,01 74 04 10 00 1f 08 00 00 01 0f 08 00 00 02 03 08 00 00 03 24 08 00 00 04 0c 08 00 00 05 ee 07 00 00 06 f1 07 00 00 07 f3 07 00 00 08 d2 07 00 00 09 ee 07 00 00 0a f0 07 00 00 0b 0c 08 00 00 0c de 07 00 00 0d d2 07 00 00 0e 01 08 00 00 0f 2a 08 00 00
1609000,01 74 04 10 00 f6 07 00 00 01 f4 07 00 00 02 e3 07 00 00 03 f0 07 00 00 04 df 07 00 00 05 33 08 00 00 06 e7 07 00 00 07 e4 07 00 00 08 2a 08 00 00 09 0b 08 00 00 0a fe 07 00 00 0b ea 07 00 00 0c fa 07 00 00 0d 01 08 00 00 0e 1a 08 00 00 0f 0e 08 00 00,01 74 04 10 00 f6 07 00 00 01 f4 07 00 00 02 e3 07 00 00 03 f0 07 00 00 04 df 07 00 00 05 33 08 00 00 06 e7 07 00 00 07 e4 07 00 00 08 2a 08 00 00 09 0b 08 00 00 0a fe 07 00 00 0b ea 07 00 00 0c fa 07 00 00 0d 01 08 00 00 0e 1a 08 00 00 0f 0e 08 00 00
1609000,01 74 04 10 00 e7 07 00 00 01 f6 07 00 00 02 03 08 00 00 03 df 07 00 00 04 15 08 00 00 05 2a 08 00 00 06 09 08 00 00 07 18 08 00 00 08 1e 08 00 00 09 06 08 00 00 0a 2d 08 00 00 0b 31 08 00 00 0c 25 08 00 00 0d 1a 08 00 00 0e 05 08 00 00 0f 14 08 00 00,01 74 04 10 00 e7 07 00 00 01 f6 07 00 00 02 03 08 00 00 03 df 07 00 00 04 15 08 00 00 05 2a 08 00 00 06 09 08 00 00 07 18 08 00 00 08 1e 08 00 00 09 06 08 00 00 0a 2d 08 00 00 0b 31 08 00 00 0c 25 08 00 00 0d 1a 08 00 00 0e 05 08 00 00 0f 14 08 00 00
1609000,01 74 04 10 00 ff 07 00 00 01 1d 08 00 00 02 d4 07 00 00 03 2b 08 00 00 04 20 08 00 00 05 16 08 00 00 06 2b 08 00 00 07 09 08 00 00 08 dd 07 00 00 09 2d 08 00 00 0a fc 07 00 00 0b 02 08 00 00 0c e5 07 00 00 0d 01 08 00 00 0e 06 08 00 00 0f d5 07 00 00,01 74 04 10 00 ff 07 00 00 01 1d 08 00 00 02 d4 07 00 00 03 2b 08 00 00 04 20 08 00 00 05 16 08 00 00 06 2b 08 00 00 07 09 08 00 00 08 dd 07 00 00 09 2d 08 00 00 0a fc 07 00 00 0b 02 08 00 00 0c e5 07 00 00 0d 01 08 00 00 0e 06 08 00 00 0f d5 07 00 00
1609000,01 74 04 10 00 e2 07 00 00 01 fa 07 00 00 02 30 08 00 00 03 17 08 00 00 04 e0 07 00 00 05 ea 07 00 00 06 2a 08 00 00 07 07 08 00 00 08 34 08 00 00 09 da 07 00 00 0a fa 07 00 00 0b f8 07 00 00 0c d5 07 00 00 0d d8 07 00 00 0e 0f 08 00 00 0f 03 08 00 00,01 74 04 10 00 e2 07 00 00 01 fa 07 00 00 02 30 08 00 00 03 17 08 00 00 04 e0 07 00 00 05 ea 07 00 00 06 2a 08 00 00 07 07 08 00 00 08 34 08 00 00 09 da 07 00 00 0a fa 07 00 00 0b f8 07 00 00 0c d5 07 00 00 0d d8 07 00 00 0e 0f 08 00 00 0f 03 08 00 00
1625000,01 74 04 10 00 0a 08 00 00 01 33 08 00 00 02 db 07 00 00 03 07 08 00 00 04 d0 07 00 00 05 db 07 00 00 06 dc 07 00 00 07 e7 07 00 00 08 d7 07 00 00 09 0e 08 00 00 0a 2e 08 00 00 0b 13 08 00 00 0c f7 07 00 00 0d 23 08 00 00 0e e6 07 00 00 0f 28 08 00 00,01 74 04 10 00 0a 08 00 00 01 33 08 00 00 02 db 07 00 00 03 07 08 00 00 04 d0 07 00 00 05 db 07 00 00 06 dc 07 00 00 07 e7 07 00 00 08 d7 07 00 00 09 0e 08 00 00 0a 2e 08 00 00 0b 13 08 00 00 0c f7 07 00 00 0d 23 08 00 00 0e e6 07 00 00 0f 28 08 00 00
1625000,01 74 04 10 00 fe 07 00 00 01 f2 07 00 00 02 e9 07 00 00 03 22 08 00 00 04 e0 07 00 00 05 2a 08 00 00 06 e6 07 00 00 07 f7 07 00 00 08 19 08 00 00 09 2a 08 00 00 0a 31 08 00 00 0b 02 08 00 00 0c f8 07 00 00 0d fe 07 00 00 0e e1 07 00 00 0f eb 07 00 00,01 74 04 10 00 fe 07 00 00 01 f2 07 00 00 02 e9 07 00 00 03 22 08 00 00 04 e0 07 00 00 05 2a 08 00 00 06 e6 07 00 00 07 f7 07 00 00 08 19 08 00 00 09 2a 08 00 00 0a 31 08 00 00 0b 02 08 00 00 0c f8 07 00 00 0d fe 07 00 00 0e e1 07 00 00 0f eb 07 00 00
1625000,01 74 04 10 00 ea 07 00 00 01 28 08 00 00 02 f5 07 00 00 03 0a 08 00 00 04 2d 08 00 00 05 d3 07 00 00 06 31 08 00 00 07 15 08 00 00 08 f4 07 00 00 09 d5 07 00 00 0a 19 08 00 00 0b dc 07 00 00 0c 29 08 00 00 0d 20 08 00 00 0e f1 07 00 00 0f 10 08 00 00,01 74 04 10 00 ea 07 00 00 01 28 08 00 00 02 f5 07 00 00 03 0a 08 00 00 04 2d 08 00 00 05 d3 07 00 00 06 31 08 00 00 07 15 08 00 00 08 f4 07 00 00 09 d5 07 00 00 0a 19 08 00 00 0b dc 07 00 00 0c 29 08 00 00 0d 20 08 00 00 0e f1 07 00 00 0f 10 08 00 00
1625000,01 74 04 10 00 0c 08 00 00 01 08 08 00 00 02 0f 08 00 00 03 08 08 00 00 04 17 08 00 00 05 dc 07 00 00 06 2b 08 00 00 07 d6 07 00 00 08 f9 07 00 00 09 0a 08 00 00 0a 30 08 00 00 0b d7 07 00 00 0c 15 08 00 00 0d 0d 08 00 00 0e fc 07 00 00 0f 15 08 00 00,01 74 04 10 00 0c 08 00 00 01 08 08 00 00 02 0f 08 00 00 03 08 08 00 00 04 17 08 00 00 05 dc 07 00 00 06 2b 08 00 00 07 d6 07 00 00 08 f9 07 00 00 09 0a 08 00 00 0a 30 08 00 00 0b d7 07 00 00 0c 15 08 00 00 0d 0d 08 00 00 0e fc 07 00 00 0f 15 08 00 00
1641000,01 74 04 10 00 f6 07 00 00 01 22 08 00 00 02 d0 07 00 00 03 f6 07 00 00 04 11 08 00 00 05 24 08 00 00 06 0a 08 00 00 07 19 08 00 00 08 1f 08 00 00 09 f7 07 00 00 0a 18 08 00 00 0b 1e 08 00 00 0c df 07 00 00 0d 05 08 00 00 0e 13 08 00 00 0f fe 07 00 00,01 74 04 10 00 f6 07 00 00 01 22 08 00 00 02 d0 07 00 00 03 f6 07 00 00 04 11 08 00 00 05 24 08 00 00 06 0a 08 00 00 07 19 08 00 00 08 1f 08 00 00 09 f7 07 00 00 0a 18 08 00 00 0b 1e 08 00 00 0c df 07 00 00 0d 05 08 00 00 0e 13 08 00 00 0f fe 07 00 00
1641000,01 74 04 10 00 21 08 00 00 01 21 08 00 00 02 2a 08 00 00 03 29 08 00 00 04 29 08 00 00 05 da 07 00 00 06 ec 07 00 00 07 e5 07 00 00 08 e3 07 00 00 09 1f 08 00 00 0a 12 08 00 00 0b 05 08 00 00 0c e9 07 00 00 0d 31 08 00 00 0e e8 07 00 00 0f f4 07 00 00,01 74 04 10 00 21 08 00 00 01 21 08 00 00 02 2a 08 00 00 03 29 08 00 00 04 29 08 00 00 05 da 07 00 00 06 ec 07 00 00 07 e5 07 00 00 08 e3 07 00 00 09 1f 08 00 00 0a 12 08 00 00 0b 05 08 00 00 0c e9 07 00 00 0d 31 08 00 00 0e e8 07 00 00 0f f4 07 00 00
1641000,01 74 04 10 00 13 08 00 00 01 d6 07 00 00 02 25 08 00 00 03 2c 08 00 00 04 d3 07 00 00 05 2a 08 00 00 06 07 08 00 00 07 2d 08 00 00 08 05 08 00 00 09 20 08 00 00 0a 2a 08 00 00 0b e3 07 00 00 0c dd 07 00 00 0d fa 07 00 00 0e 1c 08 00 00 0f 12 08 00 00,01 74 04 10 00 13 08 00 00 01 d6 07 00 00 02 25 08 00 00 03 2c 08 00 00 04 d3 07 00 00 05 2a 08 00 00 06 07 08 00 00 07 2d 08 00 00 08 05 08 00 00 09 20 08 00 00 0a 2a 08 00 00 0b e3 07 00 00 0c dd 07 00 00 0d fa 07 00 00 0e 1c 08 00 00 0f 12 08 00 00
1641000,01 74 04 10 00 30 08 00 00 01 08 08 00 00 02 e7 07 00 00 03 15 08 00 00 04 12 08 00 00 05 fa 07 00 00 06 e2 07 00 00 07 02 08 00 00 08 31 08 00 00 09 2f 08 00 00 0a 30 08 00 00 0b 24 08 00 00 0c fd 07 00 00 0d 34 08 00 00 0e e4 07 00 00 0f 15 08 00 00,01 74 04 10 00 30 08 00 00 01 08 08 00 00 02 e7 07 00 00 03 15 08 00 00 04 12 08 00 00 05 fa 07 00 00 06 e2 07 00 00 07 02 08 00 00 08 31 08 00 00 09 2f 08 00 00 0a 30 08 00 00 0b 24 08 00 00 0c fd 07 00 00 0d 34 08 00 00 0e e4 07 00 00 0f 15 08 00 00
1641000,01 74 04 10 00 2f 08 00 00 01 0d 08 00 00 02 f7 07 00 00 03 de 07 00 00 04 ec 07 00 00 05 06 08 00 00 06 dc 07 00 00 07 14 08 00 00 08 30 08 00 00 09 e4 07 00 00 0a e6 07 00 00 0b d9 07 00 00 0c f0 07 00 00 0d 28 08 00 00 0e 00 08 00 00 0f 1c 08 00 00,01 74 04 10 00 2f 08 00 00 01 0d 08 00 00 02 f7 07 00 00 03 de 07 00 00 04 ec 07 00 00 05 06 08 00 00 06 dc 07 00 00 07 14 08 00 00 08 30 08 00 00 09 e4 07 00 00 0a e6 07 00 00 0b d9 07 00 00 0c f0 07 00 00 0d 28 08 00 00 0e 00 08 00 00 0f 1c 08 00 00
1656000,01 74 04 10 00 34 08 00 00 01 01 08 00 00 02 04 08 00 00 03 2c 08 00 00 04 e9 07 00 00 05 30 08 00 00 06 11 08 00 00 07 1a 08 00 00 08 15 08 00 00 09 31 08 00 00 0a 0e 08 00 00 0b 00 08 00 00 0c d4 07 00 00 0d 00 08 00 00 0e f9 07 00 00 0f 00 08 00 00,01 74 04 10 00 34 08 00 00 01 01 08 00 00 02 04 08 00 00 03 2c 08 00 00 04 e9 07 00 00 05 30 08 00 00 06 11 08 00 00 07 1a 08 00 00 08 15 08 00 00 09 31 08 00 00 0a 0e 08 00 00 0b 00 08 00 00 0c d4 07 00 00 0d 00 08 00 00 0e f9 07 00 00 0f 00 08 00 00
1656000,01 74 04 10 00 d1 07 00 00 01 f8 07 00 00 02 0b 08 00 00 03 d8 07 00 00 04 1b 08 00 00 05 1d 08 00 00 06 f4 07 00 00 07 05 08 00 00 08 e7 07 00 00 09 db 07 00 00 0a e4 07 00 00 0b d6 07 00 00 0c 0f 08 00 00 0d d1 07 00 00 0e e4 07 00 00 0f d1 07 00 00,01 74 04 10 00 d1 07 00 00 01 f8 07 00 00 02 0b 08 00 00 03 d8 07 00 00 04 1b 08 00 00 05 1d 08 00 00 06 f4 07 00 00 07 05 08 00 00 08 e7 07 00 00 09 db 07 00 00 0a e4 07 00 00 0b d6 07 00 00 0c 0f 08 00 00 0d d1 07 00 00 0e e4 07 00 00 0f d1 07 00 00
1656000,01 74 04 10 00 f9 07 00 00 01 d2 07 00 00 02 0c 08 00 00 03 e3 07 00 00 04 34 08 00 00 05 0c 08 00 00 06 dd 07 00 00 07 28 08 00 00 08 df 07 00 00 09 e8 07 00 00 0a 1a 08 00 00 0b dd 07 00 00 0c e0 07 00 00 0d f0 07 00 00 0e d4 07 00 00 0f 21 08 00 00,01 74 04 10 00 f9 07 00 00 01 d2 07 00 00 02 0c 08 00 00 03 e3 07 00 00 04 34 08 00 00 05 0c 08 00 00 06 dd 07 00 00 07 28 08 00 00 08 df 07 00 00 09 e8 07 00 00 0a 1a 08 00 00 0b dd 07 00 00 0c e0 07 00 00 0d f0 07 00 00 0e d4 07 00 00 0f 21 08 00 00
1656000,01 74 04 10 00 d3 07 00 00 01 1d 08 00 00 02 f8 07 00 00 03 25 08 00 00 04 1d 08 00 00 05 d5 07 00 00 06 dd 07 00 00 07 ed 07 00 00 08 22 08 00 00 09 dd 07 00 00 0a 10 08 00 00 0b da 07 00 00 0c 34 08 00 00 0d 27 08 00 00 0e 0f 08 00 00 0f 18 08 00 00,01 74 04 10 00 d3 07 00 00 01 1d 08 00 00 02 f8 07 00 00 03 25 08 00 00 04 1d 08 00 00 05 d5 07 00 00 06 dd 07 00 00 07 ed 07 00 00 08 22 08 00 00 09 dd 07 00 00 0a 10 08 00 00 0b da 07 00 00 0c 34 08 00 00 0d 27 08 00 00 0e 0f 08 00 00 0f 18 08 00 00
1656000,01 74 04 10 00 d3 07 00 00 01 00 08 00 00 02 d9 07 00 00 03 d3 07 00 00 04 18 08 00 00 05 32 08 00 00 06 e9 07 00 00 07 1e 08 00 00 08 28 08 00 00 09 f0 07 00 00 0a db 07 00 00 0b ef 07 00 00 0c 0c 08 00 00 0d f9 07 00 00 0e e6 07 00 00 0f 08 08 00 00,01 74 04 10 00 d3 07 00 00 01 00 08 00 00 02 d9 07 00 00 03 d3 07 00 00 04 18 08 00 00 05 32 08 00 00 06 e9 07 00 00 07 1e 08 00 00 08 28 08 00 00 09 f0 07 00 00 0a db 07 00 00 0b ef 07 00 00 0c 0c 08 00 00 0d f9 07 00 00 0e e6 07 00 00 0f 08 08 00 00
1672000,01 74 04 10 00 e1 07 00 00 01 06 08 00 00 02 fc 07 00 00 03 08 08 00 00 04 d1 07 00 00 05 32 08 00 00 06 f2 07 00 00 07 0d 08 00 00 08 f2 07 00 00 09 2c 08 00 00 0a e9 07 00 00 0b d9 07 00 00 0c d3 07 00 00 0d 2e 08 00 00 0e 01 08 00 00 0f 02 08 00 00,01 74 04 10 00 e1 07 00 00 01 06 08 00 00 02 fc 07 00 00 03 08 08 00 00 04 d1 07 00 00 05 32 08 00 00 06 f2 07 00 00 07 0d 08 00 00 08 f2 07 00 00 09 2c 08 00 00 0a e9 07 00 00 0b d9 07 00 00 0c d3 07 00 00 0d 2e 08 00 00 0e 01 08 00 00 0f 02 08 00 00
1672000,01 74 04 10 00 13 08 00 00 01 f0 07 00 00 02 0b 08 00 00 03 e1 07 00 00 04 0d 08 00 00 05 2b 08 00 00 06 d4 07 00 00 07 e0 07 00 00 08 32 08 00 00 09 29 08 00 00 0a da 07 00 00 0b 16 08 00 00 0c d6 07 00 00 0d f0 07 00 00 0e 29 08 00 00 0f 1b 08 00 00,01 74 04 10 00 13 08 00 00 01 f0 07 00 00 02 0b 08 00 00 03 e1 07 00 00 04 0d 08 00 00 05 2b 08 00 00 06 d4 07 00 00 07 e0 07 00 00 08 32 08 00 00 09 29 08 00 00 0a da 07 00 00 0b 16 08 00 00 0c d6 07 00 00 0d f0 07 00 00 0e 29 08 00 00 0f 1b 08 00 00
1672000,01 74 04 10 00 ec 07 00 00 01 e1 07 00 00 02 12 08 00 00 03 32 08 00 00 04 01 08 00 00 05 d1 07 00 00 06 18 08 00 00 07 d0 07 00 00 08 f1 07 00 00 09 00 08 00 00 0a 22 08 00 00 0b d8 07 00 00 0c 34 08 00 00 0d 0b 08 00 00 0e 0a 08 00 00 0f 10 08 00 00,01 74 04 10 00 ec 07 00 00 01 e1 07 00 00 02 12 08 00 00 03 32 08 00 00 04 01 08 00 00 05 d1 07 00 00 06 18 08 00 00 07 d0 07 00 00 08 f1 07 00 00 09 00 08 00 00 0a 22 08 00 00 0b d8 07 00 00 0c 34 08 00 00 0d 0b 08 00 00 0e 0a 08 00 00 0f 10 08 00 00
1672000,01 74 04 10 00 0e 08 00 00 01 ea 07 00 00 02 f1 07 00 00 03 0c 08 00 00 04 0d 08 00 00 05 d5 07 00 00 06 05 08 00 00 07 e4 07 00 00 08 31 08 00 00 09 f8 07 00 00 0a 20 08 00 00 0b ef 07 00 00 0c d5 07 00 00 0d e8 07 00 00 0e 0b 08 00 00 0f e5 07 00 00,01 74 04 10 00 0e 08 00 00 01 ea 07 00 00 02 f1 07 00 00 03 0c 08 00 00 04 0d 08 00 00 05 d5 07 00 00 06 05 08 00 00 07 e4 07 00 00 08 31 08 00 00 09 f8 07 00 00 0a 20 08 00 00 0b ef 07 00 00 0c d5 07 00 00 0d e8 07 00 00 0e 0b 08 00 00 0f e5 07 00 00
1672000,01 74 04 10 00 f3 07 00 00 01 d6 07 00 00 02 26 08 00 00 03 d5 07 00 00 04 0c 08 00 00 05 d6 07 00 00 06 04 08 00 00 07 f6 07 00 00 08 fe 07 00 00 09 13 08 00 00 0a e9 07 00 00 0b fd 07 00 00 0c ea 07 00 00 0d 2f 08 00 00 0e 0e 08 00 00 0f 31 08 00 00,01 74 04 10 00 f3 07 00 00 01 d6 07 00 00 02 26 08 00 00 03 d5 07 00 00 04 0c 08 00 00 05 d6 07 00 00 06 04 08 00 00 07 f6 07 00 00 08 fe 07 00 00 09 13 08 00 00 0a e9 07 00 00 0b fd 07 00 00 0c ea 07 00 00 0d 2f 08 00 00 0e 0e 08 00 00 0f 31 08 00 00
1688000,01 74 04 10 00 0c 08 00 00 01 03 08 00 00 02 15 08 00 00 03 15 08 00 00 04 12 08 00 00 05 f8 07 00 00 06 01 08 00 00 07 d1 07 00 00 08 29 08 00 00 09 04 08 00 00 0a 24 08 00 00 0b ef 07 00 00 0c 06 08 00 00 0d 13 08 00 00 0e f4 07 00 00 0f e6 07 00 00,01 74 04 10 00 0c 08 00 00 01 03 08 00 00 02 15 08 00 00 03 15 08 00 00 04 12 08 00 00 05 f8 07 00 00 06 01 08 00 00 07 d1 07 00 00 08 29 08 00 00 09 04 08 00 00 0a 24 08 00 00 0b ef 07 00 00 0c 06 08 00 00 0d 13 08 00 00 0e f4 07 00 00 0f e6 07 00 00
1688000,01 74 04 10 00 f9 07 00 00 01 d1 07 00 00 02 f1 07 00 00 03 eb 07 00 00 04 1e 08 00 00 05 18 08 00 00 06 13 08 00 00 07 34 08 00 00 08 0e 08 00 00 09 33 08 00 00 0a ef 07 00 00 0b ee 07 00 00 0c 18 08 00 00 0d d4 07 00 00 0e d6 07 00 00 0f 30 08 00 00,01 74 04 10 00 f9 07 00 00 01 d1 07 00 00 02 f1 07 00 00 03 eb 07 00 00 04 1e 08 00 00 05 18 08 00 00 06 13 08 00 00 07 34 08 00 00 08 0e 08 00 00 09 33 08 00 00 0a ef 07 00 00 0b ee 07 00 00 0c 18 08 00 00 0d d4 07 00 00 0e d6 07 00 00 0f 30 08 00 00
1688000,01 74 04 10 00 13 08 00 00 01 e2 07 00 00 02 25 08 00 00 03 11 08 00 00 04 f9 07 00 00 05 19 08 00 00 06 18 08 00 00 07 ef 07 00 00 08 ef 07 00 00 09 1c 08 00 00 0a 31 08 00 00 0b 0a 08 00 00 0c 1b 08 00 00 0d 29 08 00 00 0e 2a 08 00 00 0f 2a 08 00 00,01 74 04 10 00 13 08 00 00 01 e2 07 00 00 02 25 08 00 00 03 11 08 00 00 04 f9 07 00 00 05 19 08 00 00 06 18 08 00 00 07 ef 07 00 00 08 ef 07 00 00 09 1c 08 00 00 0a 31 08 00 00 0b 0a 08 00 00 0c 1b 08 00 00 0d 29 08 00 00 0e 2a 08 00 00 0f 2a 08 00 00
1688000,01 74 04 10 00 01 08 00 00 01 00 08 00 00 02 ec 07 00 00 03 ee 07 00 00 04 ea 07 00 00 05 29 08 00 00 06 e4 07 00 00 07 1b 08 00 00 08 f0 07 00 00 09 16 08 00 00 0a e0 07 00 00 0b f9 07 00 00 0c f1 07 00 00 0d d6 07 00 00 0e 01 08 00 00 0f db 07 00 00,01 74 04 10 00 01 08 00 00 01 00 08 00 00 02 ec 07 00 00 03 ee 07 00 00 04 ea 07 00 00 05 29 08 00 00 06 e4 07 00 00 07 1b 08 00 00 08 f0 07 00 00 09 16 08 00 00 0a e0 07 00 00 0b f9 07 00 00 0c f1 07 00 00 0d d6 07 00 00 0e 01 08 00 00 0f db 07 00 00
1688000,01 74 04 10 00 dc 07 00 00 01 2d 08 00 00 02 e5 07 00 00 03 f2 07 00 00 04 19 08 00 00 05 05 08 00 00 06 df 07 00 00 07 f8 07 00 00 08 29 08 00 00 09 1f 08 00 00 0a 22 08 00 00 0b d2 07 00 00 0c 2d 08 00 00 0d 17 08 00 00 0e 08 08 00 00 0f 25 08 00 00,01 74 04 10 00 dc 07 00 00 01 2d 08 00 00 02 e5 07 00 00 03 f2 07 00 00 04 19 08 00 00 05 05 08 00 00 06 df 07 00 00 07 f8 07 00 00 08 29 08 00 00 09 1f 08 00 00 0a 22 08 00 00 0b d2 07 00 00 0c 2d 08 00 00 0d 17 08 00 00 0e 08 08 00 00 0f 25 08 00 00
1703000,01 74 04 10 00 18 08 00 00 01 10 08 00 00 02 d5 07 00 00 03 2c 08 00 00 04 f5 07 00 00 05 02 08 00 00 06 f4 07 00 00 07 06 08 00 00 08 27 08 00 00 09 29 08 00 00 0a 10 08 00 00 0b 01 08 00 00 0c 29 08 00 00 0d ea 07 00 00 0e 16 08 00 00 0f fd 07 00 00,01 74 04 10 00 18 08 00 00 01 10 08 00 00 02 d5 07 00 00 03 2c 08 00 00 04 f5 07 00 00 05 02 08 00 00 06 f4 07 00 00 07 06 08 00 00 08 27 08 00 00 09 29 08 00 00 0a 10 08 00 00 0b 01 08 00 00 0c 29 08 00 00 0d ea 07 00 00 0e 16 08 00 00 0f fd 07 00 00
1703000,01 74 04 10 00 24 08 00 00 01 d9 07 00 00 02 1c 08 00 00 03 fe 07 00 00 04 02 08 00 00 05 25 08 00 00 06 f2 07 00 00 07 10 08 00 00 08 0f 08 00 00 09 d3 07 00 00 0a 09 08 00 00 0b e3 07 00 00 0c d3 07 00 00 0d dc 07 00 00 0e 30 08 00 00 0f d8 07 00 00,01 74 04 10 00 24 08 00 00 01 d9 07 00 00 02 1c 08 00 00 03 fe 07 00 00 04 02 08 00 00 05 25 08 00 00 06 f2 07 00 00 07 10 08 00 00 08 0f 08 00 00 09 d3 07 00 00 0a 09 08 00 00 0b e3 07 00 00 0c d3 07 00 00 0d dc 07 00 00 0e 30 08 00 00 0f d8 07 00 00
1703000,01 74 04 10 00 25 08 00 00 01 1a 08 00 00 02 04 08 00 00 03 dd 07 00 00 04 22 08 00 00 05 2e 08 00 00 06 ef 07 00 00 07 28 08 00 00 08 db 07 00 00 09 f8 07 00 00 0a ea 07 00 00 0b 02 08 00 00 0c 19 08 00 00 0d 03 08 00 00 0e e2 07 00 00 0f 0b 08 00 00,01 74 04 10 00 25 08 00 00 01 1a 08 00 00 02 04 08 00 00 03 dd 07 00 00 04 22 08 00 00 05 2e 08 00 00 06 ef 07 00 00 07 28 08 00 00 08 db 07 00 00 09 f8 07 00 00 0a ea 07 00 00 0b 02 08 00 00 0c 19 08 00 00 0d 03 08 00 00 0e e2 07 00 00 0f 0b 08 00 00
1703000,01 74 04 10 00 08 08 00 00 01 15 08 00 00 02 fa 07 00 00 03 d5 07 00 00 04 25 08 00 00 05 1f 08 00 00 06 24 08 00 00 07 d1 07 00 00 08 eb 07 00 00 09 33 08 00 00 0a 1d 08 00 00 0b 30 08 00 00 0c e9 07 00 00 0d 03 08 00 00 0e e5 07 00 00 0f f6 07 00 00,01 74 04 10 00 08 08 00 00 01 15 08 00 00 02 fa 07 00 00 03 d5 07 00 00 04 25 08 00 00 05 1f 08 00 00 06 24 08 00 00 07 d1 07 00 00 08 eb 07 00 00 09 33 08 00 00 0a 1d 08 00 00 0b 30 08 00 00 0c e9 07 00 00 0d 03 08 00 00 0e e5 07 00 00 0f f6 07 00 00
1719000,01 74 04 10 00 27 08 00 00 01 07 08 00 00 02 0e 08 00 00 03 15 08 00 00 04 31 08 00 00 05 f4 07 00 00 06 d4 07 00 00 07 21 08 00 00 08 15 08 00 00 09 13 08 00 00 0a 00 08 00 00 0b 0a 08 00 00 0c de 07 00 00 0d 10 08 00 00 0e 2d 08 00 00 0f 0c 08 00 00,01 74 04 10 00 27 08 00 00 01 07 08 00 00 02 0e 08 00 00 03 15 08 00 00 04 31 08 00 00 05 f4 07 00 00 06 d4 07 00 00 07 21 08 00 00 08 15 08 00 00 09 13 08 00 00 0a 00 08 00 00 0b 0a 08 00 00 0c de 07 00 00 0d 10 08 00 00 0e 2d 08 00 00 0f 0c 08 00 00
1719000,01 74 04 10 00 28 08 00 00 01 04 08 00 00 02 22 08 00 00 03 fc 07 00 00 04 f9 07 00 00 05 ef 07 00 00 06 29 08 00 00 07 d0 07 00 00 08 29 08 00 00 09 fb 07 00 00 0a d9 07 00 00 0b 1c 08 00 00 0c 21 08 00 00 0d ec 07 00 00 0e d4 07 00 00 0f f1 07 00 00,01 74 04 10 00 28 08 00 00 01 04 08 00 00 02 22 08 00 00 03 fc 07 00 00 04 f9 07 00 00 05 ef 07 00 00 06 29 08 00 00 07 d0 07 00 00 08 29 08 00 00 09 fb 07 00 00 0a d9 07 00 00 0b 1c 08 00 00 0c 21 08 00 00 0d ec 07 00 00 0e d4 07 00 00 0f f1 07 00 00
1719000,01 74 04 10 00 2f 08 00 00 01 11 08 00 00 02 0c 08 00 00 03 0a 08 00 00 04 08 08 00 00 05 fa 07 00 00 06 fd 07 00 00 07 26 08 00 00 08 06 08 00 00 09 e0 07 00 00 0a d4 07 00 00 0b e5 07 00 00 0c d7 07 00 00 0d fb 07 00 00 0e 29 08 00 00 0f fe 07 00 00,01 74 04 10 00 2f 08 00 00 01 11 08 00 00 02 0c 08 00 00 03 0a 08 00 00 04 08 08 00 00 05 fa 07 00 00 06 fd 07 00 00 07 26 08 00 00 08 06 08 00 00 09 e0 07 00 00 0a d4 07 00 00 0b e5 07 00 00 0c d7 07 00 00 0d fb 07 00 00 0e 29 08 00 00 0f fe 07 00 00
1719000,01 74 04 10 00 e1 07 00 00 01 0a 08 00 00 02 0f 08 00 00 03 04 08 00 00 04 2d 08 00 00 05 f3 07 00 00 06 02 08 00 00 07 db 07 00 00 08 f4 07 00 00 09 d2 07 00 00 0a 2a 08 00 00 0b ea 07 00 00 0c ea 07 00 00 0d fa 07 00 00 0e d0 07 00 00 0f 24 08 00 00,01 74 04 10 00 e1 07 00 00 01 0a 08 00 00 02 0f 08 00 00 03 04 08 00 00 04 2d 08 00 00 05 f3 07 00 00 06 02 08 00 00 07 db 07 00 00 08 f4 07 00 00 09 d2 07 00 00 0a 2a 08 00 00 0b ea 07 00 00 0c ea 07 00 00 0d fa 07 00 00 0e d0 07 00 00 0f 24 08 00 00
1719000,01 74 04 10 00 fd 07 00 00 01 e7 07 00 00 02 e0 07 00 00 03 d9 07 00 00 04 e7 07 00 00 05 2c 08 00 00 06 2d 08 00 00 07 14 08 00 00 08 2a 08 00 00 09 f3 07 00 00 0a f2 07 00 00 0b e7 07 00 00 0c ea 07 00 00 0d d6 07 00 00 0e 13 08 00 00 0f 09 08 00 00,01 74 04 10 00 fd 07 00 00 01 e7 07 00 00 02 e0 07 00 00 03 d9 07 00 00 04 e7 07 00 00 05 2c 08 00 00 06 2d 08 00 00 07 14 08 00 00 08 2a 08 00 00 09 f3 07 00 00 0a f2 07 00 00 0b e7 07 00 00 0c ea 07 00 00 0d d6 07 00 00 0e 13 08 00 00 0f 09 08 00 00
1734000,01 74 04 10 00 32 08 00 00 01 34 08 00 00 02 2c 08 00 00 03 f8 07 00 00 04 30 08 00 00 05 1a 08 00 00 06 15 08 00 00 07 06 08 00 00 08 0f 08 00 00 09 e1 07 00 00 0a 31 08 00 00 0b 1a 08 00 00 0c 09 08 00 00 0d d2 07 00 00 0e 15 08 00 00 0f 00 08 00 00,01 74 04 10 00 32 08 00 00 01 34 08 00 00 02 2c 08 00 00 03 f8 07 00 00 04 30 08 00 00 05 1a 08 00 00 06 15 08 00 00 07 06 08 00 00 08 0f 08 00 00 09 e1 07 00 00 0a 31 08 00 00 0b 1a 08 00 00 0c 09 08 00 00 0d d2 07 00 00 0e 15 08 00 00 0f 00 08 00 00
1734000,01 74 04 10 00 f0 07 00 00 01 0f 08 00 00 02 fe 07 00 00 03 ec 07 00 00 04 30 08 00 00 05 01 08 00 00 06 0c 08 00 00 07 e3 07 00 00 08 d9 07 00 00 09 f2 07 00 00 0a e4 07 00 00 0b f5 07 00 00 0c d5 07 00 00 0d e7 07 00 00 0e f9 07 00 00 0f 1d 08 00 00,01 74 04 10 00 f0 07 00 00 01 0f 08 00 00 02 fe 07 00 00 03 ec 07 00 00 04 30 08 00 00 05 01 08 00 00 06 0c 08 00 00 07 e3 07 00 00 08 d9 07 00 00 09 f2 07 00 00 0a e4 07 00 00 0b f5 07 00 00 0c d5 07 00 00 0d e7 07 00 00 0e f9 07 00 00 0f 1d 08 00 00
1734000,01 74 04 10 00 f5 07 00 00 01 16 08 00 00 02 e3 07 00 00 03 15 08 00 00 04 0f 08 00 00 05 fd 07 00 00 06 2c 08 00 00 07 07 08 00 00 08 24 08 00 00 09 db 07 00 00 0a e5 07 00 00 0b ee 07 00 00 0c 0b 08 00 00 0d de 07 00 00 0e 01 08 00 00 0f d2 07 00 00,01 74 04 10 00 f5 07 00 00 01 16 08 00 00 02 e3 07 00 00 03 15 08 00 00 04 0f 08 00 00 05 fd 07 00 00 06 2c 08 00 00 07 07 08 00 00 08 24 08 00 00 09 db 07 00 00 0a e5 07 00 00 0b ee 07 00 00 0c 0b 08 00 00 0d de 07 00 00 0e 01 08 00 00 0f d2 07 00 00
1734000,01 74 04 10 00 15 08 00 00 01 d3 07 00 00 02 d2 07 00 00 03 00 08 00 00 04 f5 07 00 00 05 da 07 00 00 06 33 08 00 00 07 d8 07 00 00 08 34 08 00 00 09 18 08 00 00 0a 1e 08 00 00 0b d8 07 00 00 0c 22 08 00 00 0d 04 08 00 00 0e 29 08 00 00 0f fc 07 00 00,01 74 04 10 00 15 08 00 00 01 d3 07 00 00 02 d2 07 00 00 03 00 08 00 00 04 f5 07 00 00 05 da 07 00 00 06 33 08 00 00 07 d8 07 00 00 08 34 08 00 00 09 18 08 00 00 0a 1e 08 00 00 0b d8 07 00 00 0c 22 08 00 00 0d 04 08 00 00 0e 29 08 00 00 0f fc 07 00 00
1734000,01 74 04 10 00 12 08 00 00 01 d0 07 00 00 02 04 08 00 00 03 ea 07 00 00 04 23 08 00 00 05 d8 07 00 00 06 01 08 00 00 07 02 08 00 00 08 e2 07 00 00 09 d8 07 00 00 0a 34 08 00 00 0b 33 08 00 00 0c 03 08 00 00 0d 1a 08 00 00 0e f4 07 00 00 0f 31 08 00 00,01 74 04 10 00 12 08 00 00 01 d0 07 00 00 02 04 08 00 00 03 ea 07 00 00 04 23 08 00 00 05 d8 07 00 00 06 01 08 00 00 07 02 08 00 00 08 e2 07 00 00 09 d8 07 00 00 0a 34 08 00 00 0b 33 08 00 00 0c 03 08 00 00 0d 1a 08 00 00 0e f4 07 00 00 0f 31 08 00 00
1750000,01 74 04 10 00 0c 08 00 00 01 22 08 00 00 02 e7 07 00 00 03 f4 07 00 00 04 20 08 00 00 05 17 08 00 00 06 25 08 00 00 07 2e 08 00 00 08 da 07 00 00 09 e7 07 00 00 0a 06 08 00 00 0b e3 07 00 00 0c d9 07 00 00 0d d2 07 00 00 0e 0f 08 00 00 0f 08 08 00 00,01 74 04 10 00 0c 08 00 00 01 22 08 00 00 02 e7 07 00 00 03 f4 07 00 00 04 20 08 00 00 05 17 08 00 00 06 25 08 00 00 07 2e 08 00 00 08 da 07 00 00 09 e7 07 00 00 0a 06 08 00 00 0b e3 07 00 00 0c d9 07 00 00 0d d2 07 00 00 0e 0f 08 00 00 0f 08 08 00 00
1750000,01 74 04 10 00 db 07 00 00 01 0c 08 00 00 02 30 08 00 00 03 e5 07 00 00 04 30 08 00 00 05 d1 07 00 00 06 12 08 00 00 07 31 08 00 00 08 e0 07 00 00 09 e6 07 00 00 0a 27 08 00 00 0b 33 08 00 00 0c 25 08 00 00 0d 2b 08 00 00 0e 2e 08 00 00 0f e2 07 00 00,01 74 04 10 00 db 07 00 00 01 0c 08 00 00 02 30 08 00 00 03 e5 07 00 00 04 30 08 00 00 05 d1 07 00 00 06 12 08 00 00 07 31 08 00 00 08 e0 07 00 00 09 e6 07 00 00 0a 27 08 00 00 0b 33 08 00 00 0c 25 08 00 00 0d 2b 08 00 00 0e 2e 08 00 00 0f e2 07 00 00
1750000,01 74 04 10 00 e9 07 00 00 01 e7 07 00 00 02 d5 07 00 00 03 0a 08 00 00 04 31 08 00 00 05 11 08 00 00 06 12 08 00 00 07 ea 07 00 00 08 32 08 00 00 09 0c 08 00 00 0a 19 08 00 00 0b d2 07 00 00 0c e9 07 00 00 0d 17 08 00 00 0e f4 07 00 00 0f eb 07 00 00,01 74 04 10 00 e9 07 00 00 01 e7 07 00 00 02 d5 07 00 00 03 0a 08 00 00 04 31 08 00 00 05 11 08 00 00 06 12 08 00 00 07 ea 07 00 00 08 32 08 00 00 09 0c 08 00 00 0a 19 08 00 00 0b d2 07 00 00 0c e9 07 00 00 0d 17 08 00 00 0e f4 07 00 00 0f eb 07 00 00
1766000,01 74 04 10 00 24 08 00 00 01 ee 07 00 00 02 d6 07 00 00 03 e4 07 00 00 04 e5 07 00 00 05 d1 07 00 00 06 00 08 00 00 07 18 08 00 00 08 34 08 00 00 09 1e 08 00 00 0a e1 07 00 00 0b fc 07 00 00 0c fb 07 00 00 0d d4 07 00 00 0e eb 07 00 00 0f 1e 08 00 00,01 74 04 10 00 24 08 00 00 01 ee 07 00 00 02 d6 07 00 00 03 e4 07 00 00 04 e5 07 00 00 05 d1 07 00 00 06 00 08 00 00 07 18 08 00 00 08 34 08 00 00 09 1e 08 00 00 0a e1 07 00 00 0b fc 07 00 00 0c fb 07 00 00 0d d4 07 00 00 0e eb 07 00 00 0f 1e 08 00 00
1766000,01 74 04 10 00 0e 08 00 00 01 de 07 00 00 02 1f 08 00 00 03 de 07 00 00 04 ed 07 00 00 05 e3 07 00 00 06 20 08 00 00 07 04 08 00 00 08 de 07 00 00 09 e7 07 00 00 0a f8 07 00 00 0b fb 07 00 00 0c 2d 08 00 00 0d 13 08 00 00 0e 1f 08 00 00 0f 07 08 00 00,01 74 04 10 00 0e 08 00 00 01 de 07 00 00 02 1f 08 00 00 03 de 07 00 00 04 ed 07 00 00 05 e3 07 00 00 06 20 08 00 00 07 04 08 00 00 08 de 07 00 00 09 e7 07 00 00 0a f8 07 00 00 0b fb 07 00 00 0c 2d 08 00 00 0d 13 08 00 00 0e 1f 08 00 00 0f 07 08 00 00
1766000,01 74 04 10 00 27 08 00 00 01 20 08 00 00 02 d7 07 00 00 03 32 08 00 00 04 2b 08 00 00 05 fb 07 00 00 06 f8 07 00 00 07 de 07 00 00 08 1b 08 00 00 09 fb 07 00 00 0a 07 08 00 00 0b 16 08 00 00 0c 16 08 00 00 0d 2e 08 00 00 0e 02 08 00 00 0f dd 07 00 00,01 74 04 10 00 27 08 00 00 01 20 08 00 00 02 d7 07 00 00 03 32 08 00 00 04 2b 08 00 00 05 fb 07 00 00 06 f8 07 00 00 07 de 07 00 00 08 1b 08 00 00 09 fb 07 00 00 0a 07 08 00 00 0b 16 08 00 00 0c 16 08 00 00 0d 2e 08 00 00 0e 02 08 00 00 0f dd 07 00 00
1766000,01 74 04 10 00 fe 07 00 00 01 ff 07 00 00 02 d2 07 00 00 03 fe 07 00 00 04 f1 07 00 00 05 10 08 00 00 06 12 08 00 00 07 1a 08 00 00 08 20 08 00 00 09 f3 07 00 00 0a e8 07 00 00 0b 03 08 00 00 0c f5 07 00 00 0d d1 07 00 00 0e 2e 08 00 00 0f e4 07 00 00,01 74 04 10 00 fe 07 00 00 01 ff 07 00 00 02 d2 07 00 00 03 fe 07 00 00 04 f1 07 00 00 05 10 08 00 00 06 12 08 00 00 07 1a 08 00 00 08 20 08 00 00 09 f3 07 00 00 0a e8 07 00 00 0b 03 08 00 00 0c f5 07 00 00 0d d1 07 00 00 0e 2e 08 00 00 0f e4 07 00 00
1781000,01 74 04 10 00 28 08 00 00 01 08 08 00 00 02 f2 07 00 00 03 e1 07 00 00 04 1a 08 00 00 05 e5 07 00 00 06 f1 07 00 00 07 ee 07 00 00 08 1d 08 00 00 09 0e 08 00 00 0a 2d 08 00 00 0b 12 08 00 00 0c d2 07 00 00 0d 0a 08 00 00 0e ff 07 00 00 0f 0e 08 00 00,01 74 04 10 00 28 08 00 00 01 08 08 00 00 02 f2 07 00 00 03 e1 07 00 00 04 1a 08 00 00 05 e5 07 00 00 06 f1 07 00 00 07 ee 07 00 00 08 1d 08 00 00 09 0e 08 00 00 0a 2d 08 00 00 0b 12 08 00 00 0c d2 07 00 00 0d 0a 08 00 00 0e ff 07 00 00 0f 0e 08 00 00
1781000,01 74 04 10 00 19 08 00 00 01 ff 07 00 00 02 2a 08 00 00 03 ff 07 00 00 04 ff 07 00 00 05 f5 07 00 00 06 2b 08 00 00 07 23 08 00 00 08 2f 08 00 00 09 dd 07 00 00 0a 15 08 00 00 0b 23 08 00 00 0c 2b 08 00 00 0d 1d 08 00 00 0e ed 07 00 00 0f 07 08 00 00,01 74 04 10 00 19 08 00 00 01 ff 07 00 00 02 2a 08 00 00 03 ff 07 00 00 04 ff 07 00 00 05 f5 07 00 00 06 2b 08 00 00 07 23 08 00 00 08 2f 08 00 00 09 dd 07 00 00 0a 15 08 00 00 0b 23 08 00 00 0c 2b 08 00 00 0d 1d 08 00 00 0e ed 07 00 00 0f 07 08 00 00
1781000,01 74 04 10 00 ef 07 00 00 01 2b 08 00 00 02 ef 07 00 00 03 14 08 00 00 04 1f 08 00 00 05 08 08 00 00 06 15 08 00 00 07 1e 08 00 00 08 e8 07 00 00 09 dd 07 00 00 0a ed 07 00 00 0b 29 08 00 00 0c ea 07 00 00 0d 2e 08 00 00 0e 1c 08 00 00 0f f6 07 00 00,01 74 04 10 00 ef 07 00 00 01 2b 08 00 00 02 ef 07 00 00 03 14 08 00 00 04 1f 08 00 00 05 08 08 00 00 06 15 08 00 00 07 1e 08 00 00 08 e8 07 00 00 09 dd 07 00 00 0a ed 07 00 00 0b 29 08 00 00 0c ea 07 00 00 0d 2e 08 00 00 0e 1c 08 00 00 0f f6 07 00 00
1781000,01 74 04 10 00 d6 07 00 00 01 11 08 00 00 02 1d 08 00 00 03 23 08 00 00 04 07 08 00 00 05 25 08 00 00 06 34 08 00 00 07 d5 07 00 00 08 15 08 00 00 09 e5 07 00 00 0a df 07 00 00 0b 2d 08 00 00 0c 02 08 00 00 0d 1e 08 00 00 0e db 07 00 00 0f eb 07 00 00,01 74 04 10 00 d6 07 00 00 01 11 08 00 00 02 1d 08 00 00 03 23 08 00 00 04 07 08 00 00 05 25 08 00 00 06 34 08 00 00 07 d5 07 00 00 08 15 08 00 00 09 e5 07 00 00 0a df 07 00 00 0b 2d 08 00 00 0c 02 08 00 00 0d 1e 08 00 00 0e db 07 00 00 0f eb 07 00 00
1781000,01 74 04 10 00 2c 08 00 00 01 03 08 00 00 02 09 08 00 00 03 f3 07 00 00 04 f8 07 00 00 05 e7 07 00 00 06 11 08 00 00 07 d9 07 00 00 08 0c 08 00 00 09 e7 07 00 00 0a 28 08 00 00 0b d4 07 00 00 0c db 07 00 00 0d d9 07 00 00 0e 0c 08 00 00 0f 1b 08 00 00,01 74 04 10 00 2c 08 00 00 01 03 08 00 00 02 09 08 00 00 03 f3 07 00 00 04 f8 07 00 00 05 e7 07 00 00 06 11 08 00 00 07 d9 07 00 00 08 0c 08 00 00 09 e7 07 00 00 0a 28 08 00 00 0b d4 07 00 00 0c db 07 00 00 0d d9 07 00 00 0e 0c 08 00 00 0f 1b 08 00 00
1797000,01 74 04 10 00 04 08 00 00 01 19 08 00 00 02 f7 07 00 00 03 f5 07 00 00 04 04 08 00 00 05 d3 07 00 00 06 f0 07 00 00 07 16 08 00 00 08 f1 07 00 00 09 15 08 00 00 0a 01 08 00 00 0b 08 08 00 00 0c 1c 08 00 00 0d 24 08 00 00 0e d4 07 00 00 0f 1e 08 00 00,01 74 04 10 00 04 08 00 00 01 19 08 00 00 02 f7 07 00 00 03 f5 07 00 00 04 04 08 00 00 05 d3 07 00 00 06 f0 07 00 00 07 16 08 00 00 08 f1 07 00 00 09 15 08 00 00 0a 01 08 00 00 0b 08 08 00 00 0c 1c 08 00 00 0d 24 08 00 00 0e d4 07 00 00 0f 1e 08 00 00
1797000,01 74 04 10 00 ed 07 00 00 01 d4 07 00 00 02 2d 08 00 00 03 01 08 00 00 04 ff 07 00 00 05 ec 07 00 00 06 ef 07 00 00 07 2a 08 00 00 08 f8 07 00 00 09 0a 08 00 00 0a 29 08 00 00 0b 2b 08 00 00 0c e2 07 00 00 0d 10 08 00 00 0e 28 08 00 00 0f d3 07 00 00,01 74 04 10 00 ed 07 00 00 01 d4 07 00 00 02 2d 08 00 00 03 01 08 00 00 04 ff 07 00 00 05 ec 07 00 00 06 ef 07 00 00 07 2a 08 00 00 08 f8 07 00 00 09 0a 08 00 00 0a 29 08 00 00 0b 2b 08 00 00 0c e2 07 00 00 0d 10 08 00 00 0e 28 08 00 00 0f d3 07 00 00
1797000,01 74 04 10 00 e0 07 00 00 01 05 08 00 00 02 30 08 00 00 03 2d 08 00 00 04 0b 08 00 00 05 d3 07 00 00 06 1f 08 00 00 07 1a 08 00 00 08 24 08 00 00 09 27 08 00 00 0a 03 08 00 00 0b fe 07 00 00 0c f9 07 00 00 0d 03 08 00 00 0e d2 07 00 00 0f fe 07 00 00,01 74 04 10 00 e0 07 00 00 01 05 08 00 00 02 30 08 00 00 03 2d 08 00 00 04 0b 08 00 00 05 d3 07 00 00 06 1f 08 00 00 07 1a 08 00 00 08 24 08 00 00 09 27 08 00 00 0a 03 08 00 00 0b fe 07 00 00 0c f9 07 00 00 0d 03 08 00 00 0e d2 07 00 00 0f fe 07 00 00
1797000,01 74 04 10 00 26 08 00 00 01 16 08 00 00 02 ea 07 00 00 03 d7 07 00 00 04 e0 07 00 00 05 ff 07 00 00 06 2b 08 00 00 07 02 08 00 00 08 d8 07 00 00 09 2b 08 00 00 0a 31 08 00 00 0b ff 07 00 00 0c ed 07 00 00 0d 04 08 00 00 0e 05 08 00 00 0f 11 08 00 00,01 74 04 10 00 26 08 00 00 01 16 08 00 00 02 ea 07 00 00 03 d7 07 00 00 04 e0 07 00 00 05 ff 07 00 00 06 2b 08 00 00 07 02 08 00 00 08 d8 07 00 00 09 2b 08 00 00 0a 31 08 00 00 0b ff 07 00 00 0c ed 07 00 00 0d 04 08 00 00 0e 05 08 00 00 0f 11 08 00 00
1797000,01 74 04 10 00 fd 07 00 00 01 1f 08 00 00 02 fe 07 00 00 03 22 08 00 00 04 d2 07 00 00 05 f4 07 00 00 06 26 08 00 00 07 dd 07 00 00 08 04 08 00 00 09 d7 07 00 00 0a ed 07 00 00 0b ff 07 00 00 0c 11 08 00 00 0d f8 07 00 00 0e fe 07 00 00 0f 12 08 00 00,01 74 04 10 00 fd 07 00 00 01 1f 08 00 00 02 fe 07 00 00 03 22 08 00 00 04 d2 07 00 00 05 f4 07 00 00 06 26 08 00 00 07 dd 07 00 00 08 04 08 00 00 09 d7 07 00 00 0a ed 07 00 00 0b ff 07 00 00 0c 11 08 00 00 0d f8 07 00 00 0e fe 07 00 00 0f 12 08 00 00
1813000,01 74 04 10 00 02 08 00 00 01 04 08 00 00 02 2b 08 00 00 03 1d 08 00 00 04 d0 07 00 00 05 eb 07 00 00 06 34 08 00 00 07 f3 07 00 00 08 f6 07 00 00 09 33 08 00 00 0a fd 07 00 00 0b 2c 08 00 00 0c 0e 08 00 00 0d f9 07 00 00 0e 19 08 00 00 0f 2e 08 00 00,01 74 04 10 00 02 08 00 00 01 04 08 00 00 02 2b 08 00 00 03 1d 08 00 00 04 d0 07 00 00 05 eb 07 00 00 06 34 08 00 00 07 f3 07 00 00 08 f6 07 00 00 09 33 08 00 00 0a fd 07 00 00 0b 2c 08 00 00 0c 0e 08 00 00 0d f9 07 00 00 0e 19 08 00 00 0f 2e 08 00 00
1813000,01 74 04 10 00 0e 08 00 00 01 04 08 00 00 02 1a 08 00 00 03 fa 07 00 00 04 1a 08 00 00 05 d5 07 00 00 06 f0 07 00 00 07 ed 07 00 00 08 1c 08 00 00 09 17 08 00 00 0a 12 08 00 00 0b 0c 08 00 00 0c 1b 08 00 00 0d eb 07 00 00 0e d1 07 00 00 0f d0 07 00 00,01 74 04 10 00 0e 08 00 00 01 04 08 00 00 02 1a 08 00 00 03 fa 07 00 00 04 1a 08 00 00 05 d5 07 00 00 06 f0 07 00 00 07 ed 07 00 00 08 1c 08 00 00 09 17 08 00 00 0a 12 08 00 00 0b 0c 08 00 00 0c 1b 08 00 00 0d eb 07 00 00 0e d1 07 00 00 0f d0 07 00 00
1813000,01 74 04 10 00 db 07 00 00 01 1e 08 00 00 02 12 08 00 00 03 d3 07 00 00 04 e5 07 00 00 05 22 08 00 00 06 d8 07 00 00 07 da 07 00 00 08 06 08 00 00 09 22 08 00 00 0a e3 07 00 00 0b 1a 08 00 00 0c e4 07 00 00 0d 01 08 00 00 0e 2f 08 00 00 0f d9 07 00 00,01 74 04 10 00 db 07 00 00 01 1e 08 00 00 02 12 08 00 00 03 d3 07 00 00 04 e5 07 00 00 05 22 08 00 00 06 d8 07 00 00 07 da 07 00 00 08 06 08 00 00 09 22 08 00 00 0a e3 07 00 00 0b 1a 08 00 00 0c e4 07 00 00 0d 01 08 00 00 0e 2f 08 00 00 0f d9 07 00 00
1813000,01 74 04 10 00 12 08 00 00 01 dc 07 00 00 02 d7 07 00 00 03 e7 07 00 00 04 fd 07 00 00 05 fa 07 00 00 06 f4 07 00 00 07 29 08 00 00 08 e3 07 00 00 09 1e 08 00 00 0a 14 08 00 00 0b 08 08 00 00 0c d7 07 00 00 0d 14 08 00 00 0e 09 08 00 00 0f d6 07 00 00,01 74 04 10 00 12 08 00 00 01 dc 07 00 00 02 d7 07 00 00 03 e7 07 00 00 04 fd 07 00 00 05 fa 07 00 00 06 f4 07 00 00 07 29 08 00 00 08 e3 07 00 00 09 1e 08 00 00 0a 14 08 00 00 0b 08 08 00 00 0c d7 07 00 00 0d 14 08 00 00 0e 09 08 00 00 0f d6 07 00 00
1828000,01 74 04 10 00 e5 07 00 00 01 12 08 00 00 02 ff 07 00 00 03 f2 07 00 00 04 08 08 00 00 05 d8 07 00 00 06 16 08 00 00 07 21 08 00 00 08 f2 07 00 00 09 31 08 00 00 0a 0f 08 00 00 0b 33 08 00 00 0c f5 07 00 00 0d d4 07 00 00 0e e0 07 00 00 0f 11 08 00 00,01 74 04 10 00 e5 07 00 00 01 12 08 00 00 02 ff 07 00 00 03 f2 07 00 00 04 08 08 00 00 05 d8 07 00 00 06 16 08 00 00 07 21 08 00 00 08 f2 07 00 00 09 31 08 00 00 0a 0f 08 00 00 0b 33 08 00 00 0c f5 07 00 00 0d d4 07 00 00 0e e0 07 00 00 0f 11 08 00 00
1828000,01 74 04 10 00 28 08 00 00 01 d1 07 00 00 02 d2 07 00 00 03 12 08 00 00 04 05 08 00 00 05 0c 08 00 00 06 e4 07 00 00 07 f6 07 00 00 08 22 08 00 00 09 ff 07 00 00 0a d0 07 00 00 0b 14 08 00 00 0c 1e 08 00 00 0d fe 07 00 00 0e 0d 08 00 00 0f 0a 08 00 00,01 74 04 10 00 28 08 00 00 01 d1 07 00 00 02 d2 07 00 00 03 12 08 00 00 04 05 08 00 00 05 0c 08 00 00 06 e4 07 00 00 07 f6 07 00 00 08 22 08 00 00 09 ff 07 00 00 0a d0 07 00 00 0b 14 08 00 00 0c 1e 08 00 00 0d fe 07 00 00 0e 0d 08 00 00 0f 0a 08 00 00
1828000,01 74 04 10 00 f6 07 00 00 01 10 08 00 00 02 f3 07 00 00 03 24 08 00 00 04 1d 08 00 00 05 29 08 00 00 06 1a 08 00 00 07 eb 07 00 00 08 17 08 00 00 09 f4 07 00 00 0a 1a 08 00 00 0b d6 07 00 00 0c d6 07 00 00 0d 01 08 00 00 0e fb 07 00 00 0f 12 08 00 00,01 74 04 10 00 f6 07 00 00 01 10 08 00 00 02 f3 07 00 00 03 24 08 00 00 04 1d 08 00 00 05 29 08 00 00 06 1a 08 00 00 07 eb 07 00 00 08 17 08 00 00 09 f4 07 00 00 0a 1a 08 00 00 0b d6 07 00 00 0c d6 07 00 00 0d 01 08 00 00 0e fb 07 00 00 0f 12 08 00 00
1828000,01 74 04 10 00 30 08 00 00 01 f7 07 00 00 02 fa 07 00 00 03 d9 07 00 00 04 08 08 00 00 05 f2 07 00 00 06 2d 08 00 00 07 e1 07 00 00 08 09 08 00 00 09 fd 07 00 00 0a 05 08 00 00 0b ef 07 00 00 0c 18 08 00 00 0d 33 08 00 00 0e 00 08 00 00 0f eb 07 00 00,01 74 04 10 00 30 08 00 00 01 f7 07 00 00 02 fa 07 00 00 03 d9 07 00 00 04 08 08 00 00 05 f2 07 00 00 06 2d 08 00 00 07 e1 07 00 00 08 09 08 00 00 09 fd 07 00 00 0a 05 08 00 00 0b ef 07 00 00 0c 18 08 00 00 0d 33 08 00 00 0e 00 08 00 00 0f eb 07 00 00
1828000,01 74 04 10 00 20 08 00 00 01 34 08 00 00 02 ea 07 00 00 03 df 07 00 00 04 10 08 00 00 05 08 08 00 00 06 19 08 00 00 07 d1 07 00 00 08 00 08 00 00 09 2d 08 00 00 0a ed 07 00 00 0b f3 07 00 00 0c 0d 08 00 00 0d 22 08 00 00 0e 30 08 00 00 0f f4 07 00 00,01 74 04 10 00 20 08 00 00 01 34 08 00 00 02 ea 07 00 00 03 df 07 00 00 04 10 08 00 00 05 08 08 00 00 06 19 08 00 00 07 d1 07 00 00 08 00 08 00 00 09 2d 08 00 00 0a ed 07 00 00 0b f3 07 00 00 0c 0d 08 00 00 0d 22 08 00 00 0e 30 08 00 00 0f f4 07 00 00
1844000,01 74 04 10 00 20 08 00 00 01 22 08 00 00 02 22 08 00 00 03 31 08 00 00 04 26 08 00 00 05 ed 07 00 00 06 f8 07 00 00 07 db 07 00 00 08 03 08 00 00 09 0f 08 00 00 0a 18 08 00 00 0b f5 07 00 00 0c f4 07 00 00 0d e5 07 00 00 0e 15 08 00 00 0f 33 08 00 00,01 74 04 10 00 20 08 00 00 01 22 08 00 00 02 22 08 00 00 03 31 08 00 00 04 26 08 00 00 05 ed 07 00 00 06 f8 07 00 00 07 db 07 00 00 08 03 08 00 00 09 0f 08 00 00 0a 18 08 00 00 0b f5 07 00 00 0c f4 07 00 00 0d e5 07 00 00 0e 15 08 00 00 0f 33 08 00 00
1844000,01 74 04 10 00 2e 08 00 00 01 fe 07 00 00 02 d7 07 00 00 03 1d 08 00 00 04 02 08 00 00 05 07 08 00 00 06 f6 07 00 00 07 da 07 00 00 08 d2 07 00 00 09 da 07 00 00 0a 17 08 00 00 0b e9 07 00 00 0c 02 08 00 00 0d f5 07 00 00 0e 31 08 00 00 0f ef 07 00 00,01 74 04 10 00 2e 08 00 00 01 fe 07 00 00 02 d7 07 00 00 03 1d 08 00 00 04 02 08 00 00 05 07 08 00 00 06 f6 07 00 00 07 da 07 00 00 08 d2 07 00 00 09 da 07 00 00 0a 17 08 00 00 0b e9 07 00 00 0c 02 08 00 00 0d f5 07 00 00 0e 31 08 00 00 0f ef 07 00 00
1844000,01 74 04 10 00 ec 07 00 00 01 29 08 00 00 02 f0 07 00 00 03 e9 07 00 00 04 1e 08 00 00 05 ec 07 00 00 06 2a 08 00 00 07 13 08 00 00 08 2f 08 00 00 09 f0 07 00 00 0a d4 07 00 00 0b 1a 08 00 00 0c e0 07 00 00 0d e1 07 00 00 0e e0 07 00 00 0f fe 07 00 00,01 74 04 10 00 ec 07 00 00 01 29 08 00 00 02 f0 07 00 00 03 e9 07 00 00 04 1e 08 00 00 05 ec 07 00 00 06 2a 08 00 00 07 13 08 00 00 08 2f 08 00 00 09 f0 07 00 00 0a d4 07 00 00 0b 1a 08 00 00 0c e0 07 00 00 0d e1 07 00 00 0e e0 07 00 00 0f fe 07 00 00
1844000,01 74 04 10 00 e0 07 00 00 01 e4 07 00 00 02 1d 08 00 00 03 ed 07 00 00 04 1d 08 00 00 05 00 08 00 00 06 e0 07 00 00 07 16 08 00 00 08 2e 08 00 00 09 13 08 00 00 0a 14 08 00 00 0b 05 08 00 00 0c 0c 08 00 00 0d d1 07 00 00 0e f1 07 00 00 0f fd 07 00 00,01 74 04 10 00 e0 07 00 00 01 e4 07 00 00 02 1d 08 00 00 03 ed 07 00 00 04 1d 08 00 00 05 00 08 00 00 06 e0 07 00 00 07 16 08 00 00 08 2e 08 00 00 09 13 08 00 00 0a 14 08 00 00 0b 05 08 00 00 0c 0c 08 00 00 0d d1 07 00 00 0e f1 07 00 00 0f fd 07 00 00
1859000,01 74 04 10 00 11 08 00 00 01 fd 07 00 00 02 33 08 00 00 03 14 08 00 00 04 0b 08 00 00 05 1b 08 00 00 06 dd 07 00 00 07 30 08 00 00 08 e1 07 00 00 09 ff 07 00 00 0a 02 08 00 00 0b f4 07 00 00 0c 24 08 00 00 0d 2f 08 00 00 0e 26 08 00 00 0f dc 07 00 00,01 74 04 10 00 11 08 00 00 01 fd 07 00 00 02 33 08 00 00 03 14 08 00 00 04 0b 08 00 00 05 1b 08 00 00 06 dd 07 00 00 07 30 08 00 00 08 e1 07 00 00 09 ff 07 00 00 0a 02 08 00 00 0b f4 07 00 00 0c 24 08 00 00 0d 2f 08 00 00 0e 26 08 00 00 0f dc 07 00 00
1859000,01 74 04 10 00 16 08 00 00 01 e7 07 00 00 02 2b 08 00 00 03 e4 07 00 00 04 19 08 00 00 05 10 08 00 00 06 eb 07 00 00 07 17 08 00 00 08 16 08 00 00 09 dc 07 00 00 0a fb 07 00 00 0b eb 07 00 00 0c 2e 08 00 00 0d e2 07 00 00 0e e7 07 00 00 0f 1a 08 00 00,01 74 04 10 00 16 08 00 00 01 e7 07 00 00 02 2b 08 00 00 03 e4 07 00 00 04 19 08 00 00 05 10 08 00 00 06 eb 07 00 00 07 17 08 00 00 08 16 08 00 00 09 dc 07 00 00 0a fb 07 00 00 0b eb 07 00 00 0c 2e 08 00 00 0d e2 07 00 00 0e e7 07 00 00 0f 1a 08 00 00
1859000,01 74 04 10 00 fd 07 00 00 01 1c 08 00 00 02 2c 08 00 00 03 18 08 00 00 04 e3 07 00 00 05 27 08 00 00 06 06 08 00 00 07 fc 07 00 00 08 01 08 00 00 09 0c 08 00 00 0a e9 07 00 00 0b 27 08 00 00 0c dd 07 00 00 0d 34 08 00 00 0e ee 07 00 00 0f 05 08 00 00,01 74 04 10 00 fd 07 00 00 01 1c 08 00 00 02 2c 08 00 00 03 18 08 00 00 04 e3 07 00 00 05 27 08 00 00 06 06 08 00 00 07 fc 07 00 00 08 01 08 00 00 09 0c 08 00 00 0a e9 07 00 00 0b 27 08 00 00 0c dd 07 00 00 0d 34 08 00 00 0e ee 07 00 00 0f 05 08 00 00
1875000,01 74 04 10 00 23 08 00 00 01 1c 08 00 00 02 1d 08 00 00 03 03 08 00 00 04 e3 07 00 00 05 30 08 00 00 06 e6 07 00 00 07 ed 07 00 00 08 0a 08 00 00 09 12 08 00 00 0a 02 08 00 00 0b e9 07 00 00 0c f7 07 00 00 0d db 07 00 00 0e 0c 08 00 00 0f 29 08 00 00,01 74 04 10 00 23 08 00 00 01 1c 08 00 00 02 1d 08 00 00 03 03 08 00 00 04 e3 07 00 00 05 30 08 00 00 06 e6 07 00 00 07 ed 07 00 00 08 0a 08 00 00 09 12 08 00 00 0a 02 08 00 00 0b e9 07 00 00 0c f7 07 00 00 0d db 07 00 00 0e 0c 08 00 00 0f 29 08 00 00
1875000,01 74 04 10 00 09 08 00 00 01 e0 07 00 00 02 f1 07 00 00 03 e7 07 00 00 04 0f 08 00 00 05 13 08 00 00 06 fc 07 00 00 07 fc 07 00 00 08 21 08 00 00 09 10 08 00 00 0a f0 07 00 00 0b d9 07 00 00 0c e4 07 00 00 0d 29 08 00 00 0e d6 07 00 00 0f 0d 08 00 00,01 74 04 10 00 09 08 00 00 01 e0 07 00 00 02 f1 07 00 00 03 e7 07 00 00 04 0f 08 00 00 05 13 08 00 00 06 fc 07 00 00 07 fc 07 00 00 08 21 08 00 00 09 10 08 00 00 0a f0 07 00 00 0b d9 07 00 00 0c e4 07 00 00 0d 29 08 00 00 0e d6 07 00 00 0f 0d 08 00 00
1875000,01 74 04 10 00 ef 07 00 00 01 34 08 00 00 02 11 08 00 00 03 fd 07 00 00 04 df 07 00 00 05 05 08 00 00 06 e9 07 00 00 07 e5 07 00 00 08 04 08 00 00 09 16 08 00 00 0a 06 08 00 00 0b 08 08 00 00 0c 1b 08 00 00 0d ea 07 00 00 0e e2 07 00 00 0f 27 08 00 00,01 74 04 10 00 ef 07 00 00 01 34 08 00 00 02 11 08 00 00 03 fd 07 00 00 04 df 07 00 00 05 05 08 00 00 06 e9 07 00 00 07 e5 07 00 00 08 04 08 00 00 09 16 08 00 00 0a 06 08 00 00 0b 08 08 00 00 0c 1b 08 00 00 0d ea 07 00 00 0e e2 07 00 00 0f 27 08 00 00
1875000,01 74 04 10 00 2c 08 00 00 01 d4 07 00 00 02 01 08 00 00 03 1e 08 00 00 04 31 08 00 00 05 e7 07 00 00 06 2c 08 00 00 07 03 08 00 00 08 05 08 00 00 09 ee 07 00 00 0a 1e 08 00 00 0b 23 08 00 00 0c 10 08 00 00 0d 2d 08 00 00 0e d3 07 00 00 0f 2f 08 00 00,01 74 04 10 00 2c 08 00 00 01 d4 07 00 00 02 01 08 00 00 03 1e 08 00 00 04 31 08 00 00 05 e7 07 00 00 06 2c 08 00 00 07 03 08 00 00 08 05 08 00 00 09 ee 07 00 00 0a 1e 08 00 00 0b 23 08 00 00 0c 10 08 00 00 0d 2d 08 00 00 0e d3 07 00 00 0f 2f 08 00 00
1891000,01 74 04 10 00 0d 08 00 00 01 d3 07 00 00 02 23 08 00 00 03 ec 07 00 00 04 de 07 00 00 05 e3 07 00 00 06 fe 07 00 00 07 20 08 00 00 08 d0 07 00 00 09 f3 07 00 00 0a 05 08 00 00 0b d9 07 00 00 0c df 07 00 00 0d f9 07 00 00 0e ee 07 00 00 0f 2c 08 00 00,01 74 04 10 00 0d 08 00 00 01 d3 07 00 00 02 23 08 00 00 03 ec 07 00 00 04 de 07 00 00 05 e3 07 00 00 06 fe 07 00 00 07 20 08 00 00 08 d0 07 00 00 09 f3 07 00 00 0a 05 08 00 00 0b d9 07 00 00 0c df 07 00 00 0d f9 07 00 00 0e ee 07 00 00 0f 2c 08 00 00
1891000,01 74 04 10 00 e6 07 00 00 01 ea 07 00 00 02 0a 08 00 00 03 d8 07 00 00 04 28 08 00 00 05 fa 07 00 00 06 1f 08 00 00 07 1c 08 00 00 08 2e 08 00 00 09 f3 07 00 00 0a 0a 08 00 00 0b e5 07 00 00 0c 34 08 00 00 0d 1d 08 00 00 0e 28 08 00 00 0f dd 07 00 00,01 74 04 10 00 e6 07 00 00 01 ea 07 00 00 02 0a 08 00 00 03 d8 07 00 00 04 28 08 00 00 05 fa 07 00 00 06 1f 08 00 00 07 1c 08 00 00 08 2e 08 00 00 09 f3 07 00 00 0a 0a 08 00 00 0b e5 07 00 00 0c 34 08 00 00 0d 1d 08 00 00 0e 28 08 00 00 0f dd 07 00 00
1906000,01 74 04 10 00 0a 08 00 00 01 2d 08 00 00 02 ea 07 00 00 03 2d 08 00 00 04 15 08 00 00 05 f8 07 00 00 06 d9 07 00 00 07 23 08 00 00 08 31 08 00 00 09 25 08 00 00 0a f2 07 00 00 0b 2c 08 00 00 0c d9 07 00 00 0d e3 07 00 00 0e f4 07 00 00 0f dd 07 00 00,01 74 04 10 00 0a 08 00 00 01 2d 08 00 00 02 ea 07 00 00 03 2d 08 00 00 04 15 08 00 00 05 f8 07 00 00 06 d9 07 00 00 07 23 08 00 00 08 31 08 00 00 09 25 08 00 00 0a f2 07 00 00 0b 2c 08 00 00 0c d9 07 00 00 0d e3 07 00 00 0e f4 07 00 00 0f dd 07 00 00
1906000,01 74 04 10 00 2c 08 00 00 01 ec 07 00 00 02 d8 07 00 00 03 f4 07 00 00 04 13 08 00 00 05 e9 07 00 00 06 14 08 00 00 07 18 08 00 00 08 f4 07 00 00 09 32 08 00 00 0a 0d 08 00 00 0b 22 08 00 00 0c f6 07 00 00 0d ea 07 00 00 0e 34 08 00 00 0f d7 07 00 00,01 74 04 10 00 2c 08 00 00 01 ec 07 00 00 02 d8 07 00 00 03 f4 07 00 00 04 13 08 00 00 05 e9 07 00 00 06 14 08 00 00 07 18 08 00 00 08 f4 07 00 00 09 32 08 00 00 0a 0d 08 00 00 0b 22 08 00 00 0c f6 07 00 00 0d ea 07 00 00 0e 34 08 00 00 0f d7 07 00 00
1922000,01 74 04 10 00 f1 07 00 00 01 f2 07 00 00 02 f2 07 00 00 03 0b 08 00 00 04 1e 08 00 00 05 05 08 00 00 06 2d 08 00 00 07 2e 08 00 00 08 ef 07 00 00 09 29 08 00 00 0a fb 07 00 00 0b 2e 08 00 00 0c 20 08 00 00 0d 2d 08 00 00 0e e0 07 00 00 0f 00 08 00 00,01 74 04 10 00 f1 07 00 00 01 f2 07 00 00 02 f2 07 00 00 03 0b 08 00 00 04 1e 08 00 00 05 05 08 00 00 06 2d 08 00 00 07 2e 08 00 00 08 ef 07 00 00 09 29 08 00 00 0a fb 07 00 00 0b 2e 08 00 00 0c 20 08 00 00 0d 2d 08 00 00 0e e0 07 00 00 0f 00 08 00 00
1938000,01 74 04 10 00 eb 07 00 00 01 0b 08 00 00 02 f5 07 00 00 03 11 08 00 00 04 07 08 00 00 05 13 08 00 00 06 15 08 00 00 07 dd 07 00 00 08 f0 07 00 00 09 da 07 00 00 0a f3 07 00 00 0b 2a 08 00 00 0c 23 08 00 00 0d 24 08 00 00 0e ef 07 00 00 0f 10 08 00 00,01 74 04 10 00 eb 07 00 00 01 0b 08 00 00 02 f5 07 00 00 03 11 08 00 00 04 07 08 00 00 05 13 08 00 00 06 15 08 00 00 07 dd 07 00 00 08 f0 07 00 00 09 da 07 00 00 0a f3 07 00 00 0b 2a 08 00 00 0c 23 08 00 00 0d 24 08 00 00 0e ef 07 00 00 0f 10 08 00 00
1938000,01 74 04 10 00 df 07 00 00 01 d0 07 00 00 02 f1 07 00 00 03 09 08 00 00 04 fd 07 00 00 05 1f 08 00 00 06 14 08 00 00 07 d7 07 00 00 08 d7 07 00 00 09 e0 07 00 00 0a d3 07 00 00 0b dd 07 00 00 0c e0 07 00 00 0d e0 07 00 00 0e 1e 08 00 00 0f 02 08 00 00,01 74 04 10 00 df 07 00 00 01 d0 07 00 00 02 f1 07 00 00 03 09 08 00 00 04 fd 07 00 00 05 1f 08 00 00 06 14 08 00 00 07 d7 07 00 00 08 d7 07 00 00 09 e0 07 00 00 0a d3 07 00 00 0b dd 07 00 00 0c e0 07 00 00 0d e0 07 00 00 0e 1e 08 00 00 0f 02 08 00 00
1938000,01 74 04 10 00 e1 07 00 00 01 d1 07 00 00 02 15 08 00 00 03 0f 08 00 00 04 33 08 00 00 05 1d 08 00 00 06 32 08 00 00 07 d8 07 00 00 08 08 08 00 00 09 d5 07 00 00 0a ed 07 00 00 0b 27 08 00 00 0c 1e 08 00 00 0d da 07 00 00 0e e7 07 00 00 0f 2d 08 00 00,01 74 04 10 00 e1 07 00 00 01 d1 07 00 00 02 15 08 00 00 03 0f 08 00 00 04 33 08 00 00 05 1d 08 00 00 06 32 08 00 00 07 d8 07 00 00 08 08 08 00 00 09 d5 07 00 00 0a ed 07 00 00 0b 27 08 00 00 0c 1e 08 00 00 0d da 07 00 00 0e e7 07 00 00 0f 2d 08 00 00
1953000,01 74 04 10 00 da 07 00 00 01 fb 07 00 00 02 2d 08 00 00 03 db 07 00 00 04 e4 07 00 00 05 2a 08 00 00 06 da 07 00 00 07 1b 08 00 00 08 1e 08 00 00 09 f4 07 00 00 0a 32 08 00 00 0b 1d 08 00 00 0c e2 07 00 00 0d 1a 08 00 00 0e 0b 08 00 00 0f e7 07 00 00,01 74 04 10 00 da 07 00 00 01 fb 07 00 00 02 2d 08 00 00 03 db 07 00 00 04 e4 07 00 00 05 2a 08 00 00 06 da 07 00 00 07 1b 08 00 00 08 1e 08 00 00 09 f4 07 00 00 0a 32 08 00 00 0b 1d 08 00 00 0c e2 07 00 00 0d 1a 08 00 00 0e 0b 08 00 00 0f e7 07 00 00
1953000,01 74 04 10 00 d7 07 00 00 01 2b 08 00 00 02 d1 07 00 00 03 e6 07 00 00 04 e8 07 00 00 05 f4 07 00 00 06 f3 07 00 00 07 f2 07 00 00 08 e4 07 00 00 09 22 08 00 00 0a de 07 00 00 0b 2f 08 00 00 0c da 07 00 00 0d 33 08 00 00 0e ee 07 00 00 0f fe 07 00 00,01 74 04 10 00 d7 07 00 00 01 2b 08 00 00 02 d1 07 00 00 03 e6 07 00 00 04 e8 07 00 00 05 f4 07 00 00 06 f3 07 00 00 07 f2 07 00 00 08 e4 07 00 00 09 22 08 00 00 0a de 07 00 00 0b 2f 08 00 00 0c da 07 00 00 0d 33 08 00 00 0e ee 07 00 00 0f fe 07 00 00
1953000,01 74 04 10 00 f3 07 00 00 01 1c 08 00 00 02 d6 07 00 00 03 2f 08 00 00 04 1e 08 00 00 05 18 08 00 00 06 1d 08 00 00 07 2f 08 00 00 08 e2 07 00 00 09 03 08 00 00 0a 10 08 00 00 0b 02 08 00 00 0c d9 07 00 00 0d 31 08 00 00 0e 1d 08 00 00 0f ed 07 00 00,01 74 04 10 00 f3 07 00 00 01 1c 08 00 00 02 d6 07 00 00 03 2f 08 00 00 04 1e 08 00 00 05 18 08 00 00 06 1d 08 00 00 07 2f 08 00 00 08 e2 07 00 00 09 03 08 00 00 0a 10 08 00 00 0b 02 08 00 00 0c d9 07 00 00 0d 31 08 00 00 0e 1d 08 00 00 0f ed 07 00 00
1953000,01 74 04 10 00 de 07 00 00 01 1d 08 00 00 02 13 08 00 00 03 00 08 00 00 04 29 08 00 00 05 1b 08 00 00 06 19 08 00 00 07 0d 08 00 00 08 28 08 00 00 09 29 08 00 00 0a fe 07 00 00 0b 0a 08 00 00 0c 18 08 00 00 0d e3 07 00 00 0e 15 08 00 00 0f 07 08 00 00,01 74 04 10 00 de 07 00 00 01 1d 08 00 00 02 13 08 00 00 03 00 08 00 00 04 29 08 00 00 05 1b 08 00 00 06 19 08 00 00 07 0d 08 00 00 08 28 08 00 00 09 29 08 00 00 0a fe 07 00 00 0b 0a 08 00 00 0c 18 08 00 00 0d e3 07 00 00 0e 15 08 00 00 0f 07 08 00 00
1969000,01 74 04 10 00 ff 07 00 00 01 1d 08 00 00 02 22 08 00 00 03 dc 07 00 00 04 12 08 00 00 05 25 08 00 00 06 2a 08 00 00 07 f1 07 00 00 08 2e 08 00 00 09 1f 08 00 00 0a e2 07 00 00 0b 27 08 00 00 0c 0d 08 00 00 0d 04 08 00 00 0e ef 07 00 00 0f 33 08 00 00,01 74 04 10 00 ff 07 00 00 01 1d 08 00 00 02 22 08 00 00 03 dc 07 00 00 04 12 08 00 00 05 25 08 00 00 06 2a 08 00 00 07 f1 07 00 00 08 2e 08 00 00 09 1f 08 00 00 0a e2 07 00 00 0b 27 08 00 00 0c 0d 08 00 00 0d 04 08 00 00 0e ef 07 00 00 0f 33 08 00 00
1969000,01 74 04 10 00 fa 07 00 00 01 0e 08 00 00 02 14 08 00 00 03 19 08 00 00 04 e5 07 00 00 05 e5 07 00 00 06 08 08 00 00 07 03 08 00 00 08 10 08 00 00 09 fd 07 00 00 0a dd 07 00 00 0b f9 07 00 00 0c 28 08 00 00 0d 09 08 00 00 0e df 07 00 00 0f 32 08 00 00,01 74 04 10 00 fa 07 00 00 01 0e 08 00 00 02 14 08 00 00 03 19 08 00 00 04 e5 07 00 00 05 e5 07 00 00 06 08 08 00 00 07 03 08 00 00 08 10 08 00 00 09 fd 07 00 00 0a dd 07 00 00 0b f9 07 00 00 0c 28 08 00 00 0d 09 08 00 00 0e df 07 00 00 0f 32 08 00 00
1969000,01 74 04 10 00 30 08 00 00 01 f7 07 00 00 02 e8 07 00 00 03 ef 07 00 00 04 34 08 00 00 05 12 08 00 00 06 2c 08 00 00 07 f5 07 00 00 08 31 08 00 00 09 01 08 00 00 0a dc 07 00 00 0b d5 07 00 00 0c da 07 00 00 0d ff 07 00 00 0e d5 07 00 00 0f 34 08 00 00,01 74 04 10 00 30 08 00 00 01 f7 07 00 00 02 e8 07 00 00 03 ef 07 00 00 04 34 08 00 00 05 12 08 00 00 06 2c 08 00 00 07 f5 07 00 00 08 31 08 00 00 09 01 08 00 00 0a dc 07 00 00 0b d5 07 00 00 0c da 07 00 00 0d ff 07 00 00 0e d5 07 00 00 0f 34 08 00 00
1969000,01 74 04 10 00 ec 07 00 00 01 dc 07 00 00 02 0f 08 00 00 03 1f 08 00 00 04 f9 07 00 00 05 f5 07 00 00 06 d0 07 00 00 07 11 08 00 00 08 e0 07 00 00 09 fd 07 00 00 0a 2d 08 00 00 0b 04 08 00 00 0c 11 08 00 00 0d d5 07 00 00 0e e8 07 00 00 0f 2a 08 00 00,01 74 04 10 00 ec 07 00 00 01 dc 07 00 00 02 0f 08 00 00 03 1f 08 00 00 04 f9 07 00 00 05 f5 07 00 00 06 d0 07 00 00 07 11 08 00 00 08 e0 07 00 00 09 fd 07 00 00 0a 2d 08 00 00 0b 04 08 00 00 0c 11 08 00 00 0d d5 07 00 00 0e e8 07 00 00 0f 2a 08 00 00
1984000,01 74 04 10 00 0c 08 00 00 01 0f 08 00 00 02 1c 08 00 00 03 f7 07 00 00 04 fd 07 00 00 05 ea 07 00 00 06 e0 07 00 00 07 f9 07 00 00 08 f2 07 00 00 09 e9 07 00 00 0a 26 08 00 00 0b 2e 08 00 00 0c 09 08 00 00 0d 00 08 00 00 0e e2 07 00 00 0f de 07 00 00,01 74 04 10 00 0c 08 00 00 01 0f 08 00 00 02 1c 08 00 00 03 f7 07 00 00 04 fd 07 00 00 05 ea 07 00 00 06 e0 07 00 00 07 f9 07 00 00 08 f2 07 00 00 09 e9 07 00 00 0a 26 08 00 00 0b 2e 08 00 00 0c 09 08 00 00 0d 00 08 00 00 0e e2 07 00 00 0f de 07 00 00
1984000,01 74 04 10 00 02 08 00 00 01 d7 07 00 00 02 f8 07 00 00 03 f9 07 00 00 04 21 08 00 00 05 f2 07 00 00 06 0b 08 00 00 07 f6 07 00 00 08 1b 08 00 00 09 2b 08 00 00 0a d3 07 00 00 0b 18 08 00 00 0c 12 08 00 00 0d 31 08 00 00 0e 0c 08 00 00 0f 2e 08 00 00,01 74 04 10 00 02 08 00 00 01 d7 07 00 00 02 f8 07 00 00 03 f9 07 00 00 04 21 08 00 00 05 f2 07 00 00 06 0b 08 00 00 07 f6 07 00 00 08 1b 08 00 00 09 2b 08 00 00 0a d3 07 00 00 0b 18 08 00 00 0c 12 08 00 00 0d 31 08 00 00 0e 0c 08 00 00 0f 2e 08 00 00
1984000,01 74 04 10 00 1d 08 00 00 01 1e 08 00 00 02 0e 08 00 00 03 12 08 00 00 04 16 08 00 00 05 da 07 00 00 06 e7 07 00 00 07 31 08 00 00 08 d8 07 00 00 09 1b 08 00 00 0a f1 07 00 00 0b 2a 08 00 00 0c db 07 00 00 0d da 07 00 00 0e 2b 08 00 00 0f 16 08 00 00,01 74 04 10 00 1d 08 00 00 01 1e 08 00 00 02 0e 08 00 00 03 12 08 00 00 04 16 08 00 00 05 da 07 00 00 06 e7 07 00 00 07 31 08 00 00 08 d8 07 00 00 09 1b 08 00 00 0a f1 07 00 00 0b 2a 08 00 00 0c db 07 00 00 0d da 07 00 00 0e 2b 08 00 00 0f 16 08 00 00
1984000,01 74 04 10 00 2b 08 00 00 01 00 08 00 00 02 1c 08 00 00 03 ea 07 00 00 04 ef 07 00 00 05 25 08 00 00 06 da 07 00 00 07 31 08 00 00 08 d6 07 00 00 09 1f 08 00 00 0a 28 08 00 00 0b 2a 08 00 00 0c 1b 08 00 00 0d 33 08 00 00 0e e9 07 00 00 0f de 07 00 00,01 74 04 10 00 2b 08 00 00 01 00 08 00 00 02 1c 08 00 00 03 ea 07 00 00 04 ef 07 00 00 05 25 08 00 00 06 da 07 00 00 07 31 08 00 00 08 d6 07 00 00 09 1f 08 00 00 0a 28 08 00 00 0b 2a 08 00 00 0c 1b 08 00 00 0d 33 08 00 00 0e e9 07 00 00 0f de 07 00 00
2000000,01 74 04 10 00 e0 07 00 00 01 d7 07 00 00 02 19 08 00 00 03 34 08 00 00 04 ec 07 00 00 05 ff 07 00 00 06 dd 07 00 00 07 1e 08 00 00 08 0e 08 00 00 09 26 08 00 00 0a ef 07 00 00 0b 0a 08 00 00 0c e5 07 00 00 0d fa 07 00 00 0e 33 08 00 00 0f 02 08 00 00,01 74 04 10 00 e0 07 00 00 01 d7 07 00 00 02 19 08 00 00 03 34 08 00 00 04 ec 07 00 00 05 ff 07 00 00 06 dd 07 00 00 07 1e 08 00 00 08 0e 08 00 00 09 26 08 00 00 0a ef 07 00 00 0b 0a 08 00 00 0c e5 07 00 00 0d fa 07 00 00 0e 33 08 00 00 0f 02 08 00 00
2000000,01 74 04 10 00 1e 08 00 00 01 09 08 00 00 02 ec 07 00 00 03 d1 07 00 00 04 f3 07 00 00 05 f6 07 00 00 06 fa 07 00 00 07 e2 07 00 00 08 34 08 00 00 09 fd 07 00 00 0a d4 07 00 00 0b 30 08 00 00 0c 0c 08 00 00 0d ef 07 00 00 0e fe 07 00 00 0f 02 08 00 00,01 74 04 10 00 1e 08 00 00 01 09 08 00 00 02 ec 07 00 00 03 d1 07 00 00 04 f3 07 00 00 05 f6 07 00 00 06 fa 07 00 00 07 e2 07 00 00 08 34 08 00 00 09 fd 07 00 00 0a d4 07 00 00 0b 30 08 00 00 0c 0c 08 00 00 0d ef 07 00 00 0e fe 07 00 00 0f 02 08 00 00
2000000,01 74 04 10 00 df 07 00 00 01 ed 07 00 00 02 02 08 00 00 03 25 08 00 00 04 2c 08 00 00 05 0e 08 00 00 06 d4 07 00 00 07 fb 07 00 00 08 2c 08 00 00 09 2a 08 00 00 0a 1b 08 00 00 0b dc 07 00 00 0c 1c 08 00 00 0d 1c 08 00 00 0e d2 07 00 00 0f ee 07 00 00,01 74 04 10 00 df 07 00 00 01 ed 07 00 00 02 02 08 00 00 03 25 08 00 00 04 2c 08 00 00 05 0e 08 00 00 06 d4 07 00 00 07 fb 07 00 00 08 2c 08 00 00 09 2a 08 00 00 0a 1b 08 00 00 0b dc 07 00 00 0c 1c 08 00 00 0d 1c 08 00 00 0e d2 07 00 00 0f ee 07 00 00
2016000,01 74 04 10 00 01 08 00 00 01 0d 08 00 00 02 15 08 00 00 03 23 08 00 00 04 0a 08 00 00 05 fd 07 00 00 06 e4 07 00 00 07 f2 07 00 00 08 19 08 00 00 09 f1 07 00 00 0a f9 07 00 00 0b f1 07 00 00 0c 30 08 00 00 0d ed 07 00 00 0e f7 07 00 00 0f 01 08 00 00,01 74 04 10 00 01 08 00 00 01 0d 08 00 00 02 15 08 00 00 03 23 08 00 00 04 0a 08 00 00 05 fd 07 00 00 06 e4 07 00 00 07 f2 07 00 00 08 19 08 00 00 09 f1 07 00 00 0a f9 07 00 00 0b f1 07 00 00 0c 30 08 00 00 0d ed 07 00 00 0e f7 07 00 00 0f 01 08 00 00
2016000,01 74 04 10 00 0d 08 00 00 01 17 08 00 00 02 1d 08 00 00 03 f2 07 00 00 04 23 08 00 00 05 1f 08 00 00 06 fb 07 00 00 07 2b 08 00 00 08 e5 07 00 00 09 dd 07 00 00 0a 30 08 00 00 0b 2a 08 00 00 0c 00 08 00 00 0d 2a 08 00 00 0e 07 08 00 00 0f f6 07 00 00,01 74 04 10 00 0d 08 00 00 01 17 08 00 00 02 1d 08 00 00 03 f2 07 00 00 04 23 08 00 00 05 1f 08 00 00 06 fb 07 00 00 07 2b 08 00 00 08 e5 07 00 00 09 dd 07 00 00 0a 30 08 00 00 0b 2a 08 00 00 0c 00 08 00 00 0d 2a 08 00 00 0e 07 08 00 00 0f f6 07 00 00
2016000,01 74 04 10 00 f5 07 00 00 01 fd 07 00 00 02 e7 07 00 00 03 f3 07 00 00 04 d4 07 00 00 05 f5 07 00 00 06 e7 07 00 00 07 ed 07 00 00 08 0e 08 00 00 09 00 08 00 00 0a 16 08 00 00 0b 0f 08 00 00 0c d4 07 00 00 0d f7 07 00 00 0e e3 07 00 00 0f 1e 08 00 00,01 74 04 10 00 f5 07 00 00 01 fd 07 00 00 02 e7 07 00 00 03 f3 07 00 00 04 d4 07 00 00 05 f5 07 00 00 06 e7 07 00 00 07 ed 07 00 00 08 0e 08 00 00 09 00 08 00 00 0a 16 08 00 00 0b 0f 08 00 00 0c d4 07 00 00 0d f7 07 00 00 0e e3 07 00 00 0f 1e 08 00 00
2016000,01 74 04 10 00 1e 08 00 00 01 23 08 00 00 02 2d 08 00 00 03 1a 08 00 00 04 f6 07 00 00 05 22 08 00 00 06 d1 07 00 00 07 ef 07 00 00 08 ff 07 00 00 09 f9 07 00 00 0a ff 07 00 00 0b 24 08 00 00 0c 18 08 00 00 0d ea 07 00 00 0e 34 08 00 00 0f 14 08 00 00,01 74 04 10 00 1e 08 00 00 01 23 08 00 00 02 2d 08 00 00 03 1a 08 00 00 04 f6 07 00 00 05 22 08 00 00 06 d1 07 00 00 07 ef 07 00 00 08 ff 07 00 00 09 f9 07 00 00 0a ff 07 00 00 0b 24 08 00 00 0c 18 08 00 00 0d ea 07 00 00 0e 34 08 00 00 0f 14 08 00 00
2016000,01 74 04 10 00 d2 07 00 00 01 dc 07 00 00 02 eb 07 00 00 03 e8 07 00 00 04 db 07 00 00 05 20 08 00 00 06 d0 07 00 00 07 27 08 00 00 08 e5 07 00 00 09 f6 07 00 00 0a de 07 00 00 0b ed 07 00 00 0c 09 08 00 00 0d ef 07 00 00 0e 18 08 00 00 0f dc 07 00 00,01 74 04 10 00 d2 07 00 00 01 dc 07 00 00 02 eb 07 00 00 03 e8 07 00 00 04 db 07 00 00 05 20 08 00 00 06 d0 07 00 00 07 27 08 00 00 08 e5 07 00 00 09 f6 07 00 00 0a de 07 00 00 0b ed 07 00 00 0c 09 08 00 00 0d ef 07 00 00 0e 18 08 00 00 0f dc 07 00 00
2031000,01 74 04 10 00 29 08 00 00 01 04 08 00 00 02 06 08 00 00 03 11 08 00 00 04 06 08 00 00 05 d3 07 00 00 06 0c 08 00 00 07 21 08 00 00 08 23 08 00 00 09 f8 07 00 00 0a fc 07 00 00 0b 23 08 00 00 0c 19 08 00 00 0d 17 08 00 00 0e 15 08 00 00 0f fb 07 00 00,01 74 04 10 00 29 08 00 00 01 04 08 00 00 02 06 08 00 00 03 11 08 00 00 04 06 08 00 00 05 d3 07 00 00 06 0c 08 00 00 07 21 08 00 00 08 23 08 00 00 09 f8 07 00 00 0a fc 07 00 00 0b 23 08 00 00 0c 19 08 00 00 0d 17 08 00 00 0e 15 08 00 00 0f fb 07 00 00
2031000,01 74 04 10 00 32 08 00 00 01 03 08 00 00 02 d4 07 00 00 03 f0 07 00 00 04 2a 08 00 00 05 fd 07 00 00 06 d9 07 00 00 07 e8 07 00 00 08 f8 07 00 00 09 2e 08 00 00 0a d2 07 00 00 0b 21 08 00 00 0c 16 08 00 00 0d f0 07 00 00 0e 04 08 00 00 0f 2b 08 00 00,01 74 04 10 00 32 08 00 00 01 03 08 00 00 02 d4 07 00 00 03 f0 07 00 00 04 2a 08 00 00 05 fd 07 00 00 06 d9 07 00 00 07 e8 07 00 00 08 f8 07 00 00 09 2e 08 00 00 0a d2 07 00 00 0b 21 08 00 00 0c 16 08 00 00 0d f0 07 00 00 0e 04 08 00 00 0f 2b 08 00 00
2031000,01 74 04 10 00 ea 07 00 00 01 10 08 00 00 02 eb 07 00 00 03 db 07 00 00 04 fd 07 00 00 05 12 08 00 00 06 24 08 00 00 07 fc 07 00 00 08 fd 07 00 00 09 da 07 00 00 0a dd 07 00 00 0b 10 08 00 00 0c 13 08 00 00 0d d9 07 00 00 0e 03 08 00 00 0f f6 07 00 00,01 74 04 10 00 ea 07 00 00 01 10 08 00 00 02 eb 07 00 00 03 db 07 00 00 04 fd 07 00 00 05 12 08 00 00 06 24 08 00 00 07 fc 07 00 00 08 fd 07 00 00 09 da 07 00 00 0a dd 07 00 00 0b 10 08 00 00 0c 13 08 00 00 0d d9 07 00 00 0e 03 08 00 00 0f f6 07 00 00
2031000,01 74 04 10 00 f9 07 00 00 01 19 08 00 00 02 33 08 00 00 03 e3 07 00 00 04 f2 07 00 00 05 24 08 00 00 06 d1 07 00 00 07 f8 07 00 00 08 d7 07 00 00 09 2a 08 00 00 0a 0d 08 00 00 0b dd 07 00 00 0c e0 07 00 00 0d 15 08 00 00 0e 20 08 00 00 0f 08 08 00 00,01 74 04 10 00 f9 07 00 00 01 19 08 00 00 02 33 08 00 00 03 e3 07 00 00 04 f2 07 00 00 05 24 08 00 00 06 d1 07 00 00 07 f8 07 00 00 08 d7 07 00 00 09 2a 08 00 00 0a 0d 08 00 00 0b dd 07 00 00 0c e0 07 00 00 0d 15 08 00 00 0e 20 08 00 00 0f 08 08 00 00
2047000,01 74 04 10 00 eb 07 00 00 01 13 08 00 00 02 02 08 00 00 03 25 08 00 00 04 f3 07 00 00 05 e4 07 00 00 06 fb 07 00 00 07 e6 07 00 00 08 ef 07 00 00 09 20 08 00 00 0a de 07 00 00 0b 20 08 00 00 0c d6 07 00 00 0d d2 07 00 00 0e f1 07 00 00 0f f3 07 00 00,01 74 04 10 00 eb 07 00 00 01 13 08 00 00 02 02 08 00 00 03 25 08 00 00 04 f3 07 00 00 05 e4 07 00 00 06 fb 07 00 00 07 e6 07 00 00 08 ef 07 00 00 09 20 08 00 00 0a de 07 00 00 0b 20 08 00 00 0c d6 07 00 00 0d d2 07 00 00 0e f1 07 00 00 0f f3 07 00 00
2047000,01 74 04 10 00 ff 07 00 00 01 fb 07 00 00 02 d1 07 00 00 03 0e 08 00 00 04 32 08 00 00 05 e7 07 00 00 06 29 08 00 00 07 0a 08 00 00 08 00 08 00 00 09 06 08 00 00 0a e4 07 00 00 0b ee 07 00 00 0c d8 07 00 00 0d 18 08 00 00 0e f3 07 00 00 0f fd 07 00 00,01 74 04 10 00 ff 07 00 00 01 fb 07 00 00 02 d1 07 00 00 03 0e 08 00 00 04 32 08 00 00 05 e7 07 00 00 06 29 08 00 00 07 0a 08 00 00 08 00 08 00 00 09 06 08 00 00 0a e4 07 00 00 0b ee 07 00 00 0c d8 07 00 00 0d 18 08 00 00 0e f3 07 00 00 0f fd 07 00 00
2047000,01 74 04 10 00 e6 07 00 00 01 32 08 00 00 02 db 07 00 00 03 fa 07 00 00 04 f8 07 00 00 05 33 08 00 00 06 f0 07 00 00 07 f2 07 00 00 08 ff 07 00 00 09 ed 07 00 00 0a e7 07 00 00 0b dc 07 00 00 0c 2f 08 00 00 0d d4 07 00 00 0e 2f 08 00 00 0f 21 08 00 00,01 74 04 10 00 e6 07 00 00 01 32 08 00 00 02 db 07 00 00 03 fa 07 00 00 04 f8 07 00 00 05 33 08 00 00 06 f0 07 00 00 07 f2 07 00 00 08 ff 07 00 00 09 ed 07 00 00 0a e7 07 00 00 0b dc 07 00 00 0c 2f 08 00 00 0d d4 07 00 00 0e 2f 08 00 00 0f 21 08 00 00
2047000,01 74 04 10 00 d5 07 00 00 01 23 08 00 00 02 1d 08 00 00 03 25 08 00 00 04 dd 07 00 00 05 08 08 00 00 06 eb 07 00 00 07 06 08 00 00 08 0f 08 00 00 09 f8 07 00 00 0a 2c 08 00 00 0b 12 08 00 00 0c d0 07 00 00 0d f9 07 00 00 0e 11 08 00 00 0f 22 08 00 00,01 74 04 10 00 d5 07 00 00 01 23 08 00 00 02 1d 08 00 00 03 25 08 00 00 04 dd 07 00 00 05 08 08 00 00 06 eb 07 00 00 07 06 08 00 00 08 0f 08 00 00 09 f8 07 00 00 0a 2c 08 00 00 0b 12 08 00 00 0c d0 07 00 00 0d f9 07 00 00 0e 11 08 00 00 0f 22 08 00 00
2047000,01 74 04 10 00 e3 07 00 00 01 e7 07 00 00 02 f9 07 00 00 03 f1 07 00 00 04 e8 07 00 00 05 eb 07 00 00 06 0a 08 00 00 07 24 08 00 00 08 30 08 00 00 09 15 08 00 00 0a eb 07 00 00 0b 0e 08 00 00 0c 13 08 00 00 0d f9 07 00 00 0e e5 07 00 00 0f dd 07 00 00,01 74 04 10 00 e3 07 00 00 01 e7 07 00 00 02 f9 07 00 00 03 f1 07 00 00 04 e8 07 00 00 05 eb 07 00 00 06 0a 08 00 00 07 24 08 00 00 08 30 08 00 00 09 15 08 00 00 0a eb 07 00 00 0b 0e 08 00 00 0c 13 08 00 00 0d f9 07 00 00 0e e5 07 00 00 0f dd 07 00 00
2063000,01 74 04 10 00 10 08 00 00 01 13 08 00 00 02 24 08 00 00 03 17 08 00 00 04 f8 07 00 00 05 ea 07 00 00 06 ff 07 00 00 07 d8 07 00 00 08 d8 07 00 00 09 16 08 00 00 0a 33 08 00 00 0b f5 07 00 00 0c 05 08 00 00 0d d7 07 00 00 0e f3 07 00 00 0f d0 07 00 00,01 74 04 10 00 10 08 00 00 01 13 08 00 00 02 24 08 00 00 03 17 08 00 00 04 f8 07 00 00 05 ea 07 00 00 06 ff 07 00 00 07 d8 07 00 00 08 d8 07 00 00 09 16 08 00 00 0a 33 08 00 00 0b f5 07 00 00 0c 05 08 00 00 0d d7 07 00 00 0e f3 07 00 00 0f d0 07 00 00
2063000,01 74 04 10 00 27 08 00 00 01 da 07 00 00 02 d8 07 00 00 03 09 08 00 00 04 fc 07 00 00 05 e8 07 00 00 06 fe 07 00 00 07 f3 07 00 00 08 04 08 00 00 09 09 08 00 00 0a 1d 08 00 00 0b d2 07 00 00 0c 16 08 00 00 0d 1e 08 00 00 0e f4 07 00 00 0f eb 07 00 00,01 74 04 10 00 27 08 00 00 01 da 07 00 00 02 d8 07 00 00 03 09 08 00 00 04 fc 07 00 00 05 e8 07 00 00 06 fe 07 00 00 07 f3 07 00 00 08 04 08 00 00 09 09 08 00 00 0a 1d 08 00 00 0b d2 07 00 00 0c 16 08 00 00 0d 1e 08 00 00 0e f4 07 00 00 0f eb 07 00 00
2063000,01 74 04 10 00 10 08 00 00 01 d6 07 00 00 02 26 08 00 00 03 f4 07 00 00 04 fa 07 00 00 05 fa 07 00 00 06 04 08 00 00 07 e8 07 00 00 08 d4 07 00 00 09 1b 08 00 00 0a 09 08 00 00 0b f5 07 00 00 0c 2a 08 00 00 0d ff 07 00 00 0e 0e 08 00 00 0f 30 08 00 00,01 74 04 10 00 10 08 00 00 01 d6 07 00 00 02 26 08 00 00 03 f4 07 00 00 04 fa 07 00 00 05 fa 07 00 00 06 04 08 00 00 07 e8 07 00 00 08 d4 07 00 00 09 1b 08 00 00 0a 09 08 00 00 0b f5 07 00 00 0c 2a 08 00 00 0d ff 07 00 00 0e 0e 08 00 00 0f 30 08 00 00
2063000,01 74 04 10 00 29 08 00 00 01 22 08 00 00 02 e1 07 00 00 03 03 08 00 00 04 0a 08 00 00 05 e1 07 00 00 06 1a 08 00 00 07 ee 07 00 00 08 0c 08 00 00 09 d3 07 00 00 0a d7 07 00 00 0b f2 07 00 00 0c fc 07 00 00 0d 27 08 00 00 0e dc 07 00 00 0f d8 07 00 00,01 74 04 10 00 29 08 00 00 01 22 08 00 00 02 e1 07 00 00 03 03 08 00 00 04 0a 08 00 00 05 e1 07 00 00 06 1a 08 00 00 07 ee 07 00 00 08 0c 08 00 00 09 d3 07 00 00 0a d7 07 00 00 0b f2 07 00 00 0c fc 07 00 00 0d 27 08 00 00 0e dc 07 00 00 0f d8 07 00 00
2063000,01 74 04 10 00 0c 08 00 00 01 0d 08 00 00 02 f7 07 00 00 03 de 07 00 00 04 f8 07 00 00 05 0f 08 00 00 06 10 08 00 00 07 28 08 00 00 08 fd 07 00 00 09 e0 07 00 00 0a 0c 08 00 00 0b d8 07 00 00 0c f3 07 00 00 0d fa 07 00 00 0e 0a 08 00 00 0f 25 08 00 00,01 74 04 10 00 0c 08 00 00 01 0d 08 00 00 02 f7 07 00 00 03 de 07 00 00 04 f8 07 00 00 05 0f 08 00 00 06 10 08 00 00 07 28 08 00 00 08 fd 07 00 00 09 e0 07 00 00 0a 0c 08 00 00 0b d8 07 00 00 0c f3 07 00 00 0d fa 07 00 00 0e 0a 08 00 00 0f 25 08 00 00
2078000,01 74 04 10 00 10 08 00 00 01 04 08 00 00 02 fa 07 00 00 03 f2 07 00 00 04 18 08 00 00 05 1c 08 00 00 06 18 08 00 00 07 09 08 00 00 08 06 08 00 00 09 29 08 00 00 0a f1 07 00 00 0b eb 07 00 00 0c d5 07 00 00 0d e9 07 00 00 0e d0 07 00 00 0f 07 08 00 00,01 74 04 10 00 10 08 00 00 01 04 08 00 00 02 fa 07 00 00 03 f2 07 00 00 04 18 08 00 00 05 1c 08 00 00 06 18 08 00 00 07 09 08 00 00 08 06 08 00 00 09 29 08 00 00 0a f1 07 00 00 0b eb 07 00 00 0c d5 07 00 00 0d e9 07 00 00 0e d0 07 00 00 0f 07 08 00 00
2078000,01 74 04 10 00 f2 07 00 00 01 2f 08 00 00 02 24 08 00 00 03 f7 07 00 00 04 2f 08 00 00 05 e1 07 00 00 06 2c 08 00 00 07 10 08 00 00 08 26 08 00 00 09 2b 08 00 00 0a 08 08 00 00 0b e1 07 00 00 0c dd 07 00 00 0d 15 08 00 00 0e 1a 08 00 00 0f e7 07 00 00,01 74 04 10 00 f2 07 00 00 01 2f 08 00 00 02 24 08 00 00 03 f7 07 00 00 04 2f 08 00 00 05 e1 07 00 00 06 2c 08 00 00 07 10 08 00 00 08 26 08 00 00 09 2b 08 00 00 0a 08 08 00 00 0b e1 07 00 00 0c dd 07 00 00 0d 15 08 00 00 0e 1a 08 00 00 0f e7 07 00 00
2078000,01 74 04 10 00 e8 07 00 00 01 fb 07 00 00 02 1b 08 00 00 03 0e 08 00 00 04 fd 07 00 00 05 dd 07 00 00 06 07 08 00 00 07 31 08 00 00 08 da 07 00 00 09 2e 08 00 00 0a ec 07 00 00 0b ec 07 00 00 0c 1e 08 00 00 0d ed 07 00 00 0e 28 08 00 00 0f 2e 08 00 00,01 74 04 10 00 e8 07 00 00 01 fb 07 00 00 02 1b 08 00 00 03 0e 08 00 00 04 fd 07 00 00 05 dd 07 00 00 06 07 08 00 00 07 31 08 00 00 08 da 07 00 00 09 2e 08 00 00 0a ec 07 00 00 0b ec 07 00 00 0c 1e 08 00 00 0d ed 07 00 00 0e 28 08 00 00 0f 2e 08 00 00
2078000,01 74 04 10 00 fb 07 00 00 01 e8 07 00 00 02 22 08 00 00 03 24 08 00 00 04 dd 07 00 00 05 05 08 00 00 06 0b 08 00 00 07 d0 07 00 00 08 2e 08 00 00 09 d6 07 00 00 0a 26 08 00 00 0b 01 08 00 00 0c eb 07 00 00 0d f7 07 00 00 0e 22 08 00 00 0f 2f 08 00 00,01 74 04 10 00 fb 07 00 00 01 e8 07 00 00 02 22 08 00 00 03 24 08 00 00 04 dd 07 00 00 05 05 08 00 00 06 0b 08 00 00 07 d0 07 00 00 08 2e 08 00 00 09 d6 07 00 00 0a 26 08 00 00 0b 01 08 00 00 0c eb 07 00 00 0d f7 07 00 00 0e 22 08 00 00 0f 2f 08 00 00
2078000,01 74 04 10 00 21 08 00 00 01 f6 07 00 00 02 fd 07 00 00 03 1b 08 00 00 04 e5 07 00 00 05 32 08 00 00 06 1a 08 00 00 07 00 08 00 00 08 0a 08 00 00 09 f2 07 00 00 0a 02 08 00 00 0b 0f 08 00 00 0c f6 07 00 00 0d 25 08 00 00 0e 17 08 00 00 0f 03 08 00 00,01 74 04 10 00 21 08 00 00 01 f6 07 00 00 02 fd 07 00 00 03 1b 08 00 00 04 e5 07 00 00 05 32 08 00 00 06 1a 08 00 00 07 00 08 00 00 08 0a 08 00 00 09 f2 07 00 00 0a 02 08 00 00 0b 0f 08 00 00 0c f6 07 00 00 0d 25 08 00 00 0e 17 08 00 00 0f 03 08 00 00
2094000,01 74 04 10 00 fd 07 00 00 01 07 08 00 00 02 05 08 00 00 03 f7 07 00 00 04 fc 07 00 00 05 df 07 00 00 06 33 08 00 00 07 d8 07 00 00 08 1c 08 00 00 09 e8 07 00 00 0a f3 07 00 00 0b fa 07 00 00 0c 0a 08 00 00 0d f8 07 00 00 0e 22 08 00 00 0f 1d 08 00 00,01 74 04 10 00 fd 07 00 00 01 07 08 00 00 02 05 08 00 00 03 f7 07 00 00 04 fc 07 00 00 05 df 07 00 00 06 33 08 00 00 07 d8 07 00 00 08 1c 08 00 00 09 e8 07 00 00 0a f3 07 00 00 0b fa 07 00 00 0c 0a 08 00 00 0d f8 07 00 00 0e 22 08 00 00 0f 1d 08 00 00
2094000,01 74 04 10 00 00 08 00 00 01 e3 07 00 00 02 d5 07 00 00 03 fc 07 00 00 04 33 08 00 00 05 33 08 00 00 06 d1 07 00 00 07 fc 07 00 00 08 2c 08 00 00 09 f5 07 00 00 0a eb 07 00 00 0b 25 08 00 00 0c f5 07 00 00 0d 02 08 00 00 0e 33 08 00 00 0f 07 08 00 00,01 74 04 10 00 00 08 00 00 01 e3 07 00 00 02 d5 07 00 00 03 fc 07 00 00 04 33 08 00 00 05 33 08 00 00 06 d1 07 00 00 07 fc 07 00 00 08 2c 08 00 00 09 f5 07 00 00 0a eb 07 00 00 0b 25 08 00 00 0c f5 07 00 00 0d 02 08 00 00 0e 33 08 00 00 0f 07 08 00 00
2094000,01 74 04 10 00 e5 07 00 00 01 dd 07 00 00 02 d0 07 00 00 03 25 08 00 00 04 0b 08 00 00 05 1e 08 00 00 06 2b 08 00 00 07 32 08 00 00 08 01 08 00 00 09 e7 07 00 00 0a d6 07 00 00 0b f3 07 00 00 0c 21 08 00 00 0d d1 07 00 00 0e 2c 08 00 00 0f 20 08 00 00,01 74 04 10 00 e5 07 00 00 01 dd 07 00 00 02 d0 07 00 00 03 25 08 00 00 04 0b 08 00 00 05 1e 08 00 00 06 2b 08 00 00 07 32 08 00 00 08 01 08 00 00 09 e7 07 00 00 0a d6 07 00 00 0b f3 07 00 00 0c 21 08 00 00 0d d1 07 00 00 0e 2c 08 00 00 0f 20 08 00 00
2094000,01 74 04 10 00 ec 07 00 00 01 df 07 00 00 02 05 08 00 00 03 01 08 00 00 04 d2 07 00 00 05 d3 07 00 00 06 31 08 00 00 07 08 08 00 00 08 e4 07 00 00 09 1f 08 00 00 0a 0a 08 00 00 0b eb 07 00 00 0c 0d 08 00 00 0d f2 07 00 00 0e 0c 08 00 00 0f da 07 00 00,01 74 04 10 00 ec 07 00 00 01 df 07 00 00 02 05 08 00 00 03 01 08 00 00 04 d2 07 00 00 05 d3 07 00 00 06 31 08 00 00 07 08 08 00 00 08 e4 07 00 00 09 1f 08 00 00 0a 0a 08 00 00 0b eb 07 00 00 0c 0d 08 00 00 0d f2 07 00 00 0e 0c 08 00 00 0f da 07 00 00
2109000,01 74 04 10 00 2e 08 00 00 01 de 07 00 00 02 1e 08 00 00 03 e1 07 00 00 04 0c 08 00 00 05 00 08 00 00 06 fa 07 00 00 07 e4 07 00 00 08 0d 08 00 00 09 f5 07 00 00 0a eb 07 00 00 0b 12 08 00 00 0c d8 07 00 00 0d 12 08 00 00 0e 29 08 00 00 0f 32 08 00 00,01 74 04 10 00 2e 08 00 00 01 de 07 00 00 02 1e 08 00 00 03 e1 07 00 00 04 0c 08 00 00 05 00 08 00 00 06 fa 07 00 00 07 e4 07 00 00 08 0d 08 00 00 09 f5 07 00 00 0a eb 07 00 00 0b 12 08 00 00 0c d8 07 00 00 0d 12 08 00 00 0e 29 08 00 00 0f 32 08 00 00
2109000,01 74 04 10 00 13 08 00 00 01 01 08 00 00 02 2c 08 00 00 03 f5 07 00 00 04 de 07 00 00 05 0e 08 00 00 06 22 08 00 00 07 eb 07 00 00 08 1e 08 00 00 09 f6 07 00 00 0a da 07 00 00 0b d9 07 00 00 0c 16 08 00 00 0d d5 07 00 00 0e 1b 08 00 00 0f d5 07 00 00,01 74 04 10 00 13 08 00 00 01 01 08 00 00 02 2c 08 00 00 03 f5 07 00 00 04 de 07 00 00 05 0e 08 00 00 06 22 08 00 00 07 eb 07 00 00 08 1e 08 00 00 09 f6 07 00 00 0a da 07 00 00 0b d9 07 00 00 0c 16 08 00 00 0d d5 07 00 00 0e 1b 08 00 00 0f d5 07 00 00
2109000,01 74 04 10 00 30 08 00 00 01 0b 08 00 00 02 2a 08 00 00 03 1a 08 00 00 04 fb 07 00 00 05 14 08 00 00 06 fb 07 00 00 07 1c 08 00 00 08 f0 07 00 00 09 33 08 00 00 0a fd 07 00 00 0b 11 08 00 00 0c e0 07 00 00 0d 2f 08 00 00 0e 22 08 00 00 0f fc 07 00 00,01 74 04 10 00 30 08 00 00 01 0b 08 00 00 02 2a 08 00 00 03 1a 08 00 00 04 fb 07 00 00 05 14 08 00 00 06 fb 07 00 00 07 1c 08 00 00 08 f0 07 00 00 09 33 08 00 00 0a fd 07 00 00 0b 11 08 00 00 0c e0 07 00 00 0d 2f 08 00 00 0e 22 08 00 00 0f fc 07 00 00
2109000,01 74 04 10 00 1f 08 00 00 01 06 08 00 00 02 f4 07 00 00 03 d7 07 00 00 04 e6 07 00 00 05 1f 08 00 00 06 d1 07 00 00 07 26 08 00 00 08 f0 07 00 00 09 2f 08 00 00 0a 02 08 00 00 0b 19 08 00 00 0c 2d 08 00 00 0d 02 08 00 00 0e e9 07 00 00 0f 0d 08 00 00,01 74 04 10 00 1f 08 00 00 01 06 08 00 00 02 f4 07 00 00 03 d7 07 00 00 04 e6 07 00 00 05 1f 08 00 00 06 d1 07 00 00 07 26 08 00 00 08 f0 07 00 00 09 2f 08 00 00 0a 02 08 00 00 0b 19 08 00 00 0c 2d 08 00 00 0d 02 08 00 00 0e e9 07 00 00 0f 0d 08 00 00
2125000,01 74 04 10 00 01 08 00 00 01 20 08 00 00 02 d2 07 00 00 03 e1 07 00 00 04 f9 07 00 00 05 27 08 00 00 06 03 08 00 00 07 d3 07 00 00 08 2f 08 00 00 09 2e 08 00 00 0a 1c 08 00 00 0b 2c 08 00 00 0c 0b 08 00 00 0d 10 08 00 00 0e d8 07 00 00 0f e5 07 00 00,01 74 04 10 00 01 08 00 00 01 20 08 00 00 02 d2 07 00 00 03 e1 07 00 00 04 f9 07 00 00 05 27 08 00 00 06 03 08 00 00 07 d3 07 00 00 08 2f 08 00 00 09 2e 08 00 00 0a 1c 08 00 00 0b 2c 08 00 00 0c 0b 08 00 00 0d 10 08 00 00 0e d8 07 00 00 0f e5 07 00 00
2125000,01 74 04 10 00 03 08 00 00 01 30 08 00 00 02 10 08 00 00 03 d7 07 00 00 04 1a 08 00 00 05 11 08 00 00 06 fa 07 00 00 07 02 08 00 00 08 f7 07 00 00 09 e2 07 00 00 0a e9 07 00 00 0b 2f 08 00 00 0c dc 07 00 00 0d e0 07 00 00 0e 1b 08 00 00 0f df 07 00 00,01 74 04 10 00 03 08 00 00 01 30 08 00 00 02 10 08 00 00 03 d7 07 00 00 04 1a 08 00 00 05 11 08 00 00 06 fa 07 00 00 07 02 08 00 00 08 f7 07 00 00 09 e2 07 00 00 0a e9 07 00 00 0b 2f 08 00 00 0c dc 07 00 00 0d e0 07 00 00 0e 1b 08 00 00 0f df 07 00 00
2125000,01 74 04 10 00 0f 08 00 00 01 e1 07 00 00 02 1d 08 00 00 03 d6 07 00 00 04 11 08 00 00 05 1a 08 00 00 06 14 08 00 00 07 12 08 00 00 08 1a 08 00 00 09 e4 07 00 00 0a 27 08 00 00 0b 2d 08 00 00 0c ee 07 00 00 0d 31 08 00 00 0e 14 08 00 00 0f 15 08 00 00,01 74 04 10 00 0f 08 00 00 01 e1 07 00 00 02 1d 08 00 00 03 d6 07 00 00 04 11 08 00 00 05 1a 08 00 00 06 14 08 00 00 07 12 08 00 00 08 1a 08 00 00 09 e4 07 00 00 0a 27 08 00 00 0b 2d 08 00 00 0c ee 07 00 00 0d 31 08 00 00 0e 14 08 00 00 0f 15 08 00 00
2141000,01 74 04 10 00 22 08 00 00 01 e9 07 00 00 02 df 07 00 00 03 15 08 00 00 04 10 08 00 00 05 04 08 00 00 06 d7 07 00 00 07 21 08 00 00 08 f1 07 00 00 09 1d 08 00 00 0a 03 08 00 00 0b 0d 08 00 00 0c f7 07 00 00 0d f7 07 00 00 0e fb 07 00 00 0f 21 08 00 00,01 74 04 10 00 22 08 00 00 01 e9 07 00 00 02 df 07 00 00 03 15 08 00 00 04 10 08 00 00 05 04 08 00 00 06 d7 07 00 00 07 21 08 00 00 08 f1 07 00 00 09 1d 08 00 00 0a 03 08 00 00 0b 0d 08 00 00 0c f7 07 00 00 0d f7 07 00 00 0e fb 07 00 00 0f 21 08 00 00
2141000,01 74 04 10 00 26 08 00 00 01 0b 08 00 00 02 fc 07 00 00 03 ff 07 00 00 04 15 08 00 00 05 e5 07 00 00 06 f2 07 00 00 07 13 08 00 00 08 26 08 00 00 09 2a 08 00 00 0a 20 08 00 00 0b 1e 08 00 00 0c 1e 08 00 00 0d 28 08 00 00 0e 1c 08 00 00 0f 11 08 00 00,01 74 04 10 00 26 08 00 00 01 0b 08 00 00 02 fc 07 00 00 03 ff 07 00 00 04 15 08 00 00 05 e5 07 00 00 06 f2 07 00 00 07 13 08 00 00 08 26 08 00 00 09 2a 08 00 00 0a 20 08 00 00 0b 1e 08 00 00 0c 1e 08 00 00 0d 28 08 00 00 0e 1c 08 00 00 0f 11 08 00 00
2141000,01 74 04 10 00 03 08 00 00 01 0d 08 00 00 02 1d 08 00 00 03 d0 07 00 00 04 0e 08 00 00 05 03 08 00 00 06 1b 08 00 00 07 10 08 00 00 08 fd 07 00 00 09 20 08 00 00 0a 1f 08 00 00 0b 2f 08 00 00 0c e8 07 00 00 0d ef 07 00 00 0e 20 08 00 00 0f 25 08 00 00,01 74 04 10 00 03 08 00 00 01 0d 08 00 00 02 1d 08 00 00 03 d0 07 00 00 04 0e 08 00 00 05 03 08 00 00 06 1b 08 00 00 07 10 08 00 00 08 fd 07 00 00 09 20 08 00 00 0a 1f 08 00 00 0b 2f 08 00 00 0c e8 07 00 00 0d ef 07 00 00 0e 20 08 00 00 0f 25 08 00 00
2141000,01 74 04 10 00 1f 08 00 00 01 30 08 00 00 02 18 08 00 00 03 e2 07 00 00 04 d0 07 00 00 05 fa 07 00 00 06 24 08 00 00 07 2e 08 00 00 08 2d 08 00 00 09 d3 07 00 00 0a f2 07 00 00 0b 16 08 00 00 0c d1 07 00 00 0d 19 08 00 00 0e 2f 08 00 00 0f f3 07 00 00,01 74 04 10 00 1f 08 00 00 01 30 08 00 00 02 18 08 00 00 03 e2 07 00 00 04 d0 07 00 00 05 fa 07 00 00 06 24 08 00 00 07 2e 08 00 00 08 2d 08 00 00 09 d3 07 00 00 0a f2 07 00 00 0b 16 08 00 00 0c d1 07 00 00 0d 19 08 00 00 0e 2f 08 00 00 0f f3 07 00 00
2156000,01 74 04 10 00 ef 07 00 00 01 2e 08 00 00 02 d4 07 00 00 03 e5 07 00 00 04 e9 07 00 00 05 0d 08 00 00 06 d9 07 00 00 07 e5 07 00 00 08 ed 07 00 00 09 32 08 00 00 0a fc 07 00 00 0b de 07 00 00 0c 1e 08 00 00 0d d9 07 00 00 0e d8 07 00 00 0f f1 07 00 00,01 74 04 10 00 ef 07 00 00 01 2e 08 00 00 02 d4 07 00 00 03 e5 07 00 00 04 e9 07 00 00 05 0d 08 00 00 06 d9 07 00 00 07 e5 07 00 00 08 ed 07 00 00 09 32 08 00 00 0a fc 07 00 00 0b de 07 00 00 0c 1e 08 00 00 0d d9 07 00 00 0e d8 07 00 00 0f f1 07 00 00
2188000,01 40 01 10 00 00 00 00 00 01 00 00 00 00 02 00 00 00 00 03 00 00 00 00 04 00 00 00 00 05 00 00 00 00 06 00 00 00 00 07 00 00 00 00 08 00 00 00 00 09 00 00 00 00 0a 00 00 00 00 0b 00 00 00 00 0c 00 00 00 00 0d 00 00 00 00 0e 00 00 00 00 0f 00 00 00 00,01 40 01 10 00 00 00 00 00 01 00 00 00 00 02 00 00 00 00 03 00 00 00 00 04 00 00 00 00 05 00 00 00 00 06 00 00 00 00 07 00 00 00 00 08 00 00 00 00 09 00 00 00 00 0a 00 00 00 00 0b 00 00 00 00 0c 00 00 00 00 0d 00 00 00 00 0e 00 00 00 00 0f 00 00 00 00
0,01 26 02 10 00 96 00 00 00 01 96 00 00 00 02 96 00 00 00 03 96 00 00 00 04 96 00 00 00 05 96 00 00 00 06 96 00 00 00 07 96 00 00 00 08 96 00 00 00 09 96 00 00 00 0a 96 00 00 00 0b 96 00 00 00 0c 96 00 00 00 0d 96 00 00 00 0e 96 00 00 00 0f 96 00 00 00,01 26 02 10 00 96 00 00 00 01 96 00 00 00 02 96 00 00 00 03 96 00 00 00 04 96 00 00 00 05 96 00 00 00 06 96 00 00 00 07 96 00 00 00 08 96 00 00 00 09 96 00 00 00 0a 96 00 00 00 0b 96 00 00 00 0c 96 00 00 00 0d 96 00 00 00 0e 96 00 00 00 0f 96 00 00 00
15000,01 0b 01 10 00 03 00 00 00 01 03 00 00 00 02 03 00 00 00 03 03 00 00 00 04 03 00 00 00 05 03 00 00 00 06 03 00 00 00 07 03 00 00 00 08 03 00 00 00 09 03 00 00 00 0a 03 00 00 00 0b 03 00 00 00 0c 03 00 00 00 0d 03 00 00 00 0e 03 00 00 00 0f 03 00 00 00,01 0b 01 10 00 03 00 00 00 01 03 00 00 00 02 03 00 00 00 03 03 00 00 00 04 03 00 00 00 05 03 00 00 00 06 03 00 00 00 07 03 00 00 00 08 03 00 00 00 09 03 00 00 00 0a 03 00 00 00 0b 03 00 00 00 0c 03 00 00 00 0d 03 00 00 00 0e 03 00 00 00 0f 03 00 00 00
15000,01 40 01 10 00 01 00 00 00 01 01 00 00 00 02 01 00 00 00 03 01 00 00 00 04 01 00 00 00 05 01 00 00 00 06 01 00 00 00 07 01 00 00 00 08 01 00 00 00 09 01 00 00 00 0a 01 00 00 00 0b 01 00 00 00 0c 01 00 00 00 0d 01 00 00 00 0e 01 00 00 00 0f 01 00 00 00,01 40 01 10 00 01 00 00 00 01 01 00 00 00 02 01 00 00 00 03 01 00 00 00 04 01 00 00 00 05 01 00 00 00 06 01 00 00 00 07 01 00 00 00 08 01 00 00 00 09 01 00 00 00 0a 01 00 00 00 0b 01 00 00 00 0c 01 00 00 00 0d 01 00 00 00 0e 01 00 00 00 0f 01 00 00 00
31000,00 84 04 10 00 00 00 00 00 01 00 00 00 00 02 00 00 00 00 03 00 00 00 00 04 00 00 00 00 05 00 00 00 00 06 00 00 00 00 07 00 00 00 00 08 00 00 00 00 09 00 00 00 00 0a 00 00 00 00 0b 00 00 00 00 0c 00 00 00 00 0d 00 00 00 00 0e 00 00 00 00 0f 00 00 00 00,00 84 04 10 00 f7 07 00 00 01 0c 08 00 00 02 c9 07 00 00 03 e0 07 00 00 04 f5 07 00 00 05 07 08 00 00 06 e7 07 00 00 07 db 07 00 00 08 fb 07 00 00 09 0d 08 00 00 0a f9 07 00 00 0b aa 07 00 00 0c f5 07 00 00 0d e0 07 00 00 0e bf 07 00 00 0f f3 07 00 00
47000,00 84 04 10 00 00 00 00 00 01 00 00 00 00 02 00 00 00 00 03 00 00 00 00 04 00 00 00 00 05 00 00 00 00 06 00 00 00 00 07 00 00 00 00 08 00 00 00 00 09 00 00 00 00 0a 00 00 00 00 0b 00 00 00 00 0c 00 00 00 00 0d 00 00 00 00 0e 00 00 00 00 0f 00 00 00 00,00 84 04 10 00 f7 07 00 00 01 0c 08 00 00 02 c9 07 00 00 03 e0 07 00 00 04 f5 07 00 00 05 07 08 00 00 06 e7 07 00 00 07 db 07 00 00 08 fb 07 00 00 09 0d 08 00 00 0a f9 07 00 00 0b aa 07 00 00 0c f5 07 00 00 0d e0 07 00 00 0e bf 07 00 00 0f f3 07 00 00
47000,00 84 04 10 00 00 00 00 00 01 00 00 00 00 02 00 00 00 00 03 00 00 00 00 04 00 00 00 00 05 00 00 00 00 06 00 00 00 00 07 00 00 00 00 08 00 00 00 00 09 00 00 00 00 0a 00 00 00 00 0b 00 00 00 00 0c 00 00 00 00 0d 00 00 00 00 0e 00 00 00 00 0f 00 00 00 00,00 84 04 10 00 f7 07 00 00 01 0c 08 00 00 02 c9 07 00 00 03 e0 07 00 00 04 f5 07 00 00 05 07 08 00 00 06 e7 07 00 00 07 db 07 00 00 08 fb 07 00 00 09 0d 08 00 00 0a f9 07 00 00 0b aa 07 00 00 0c f5 07 00 00 0d e0 07 00 00 0e bf 07 00 00 0f f3 07 00 00
62000,00 84 04 10 00 00 00 00 00 01 00 00 00 00 02 00 00 00 00 03 00 00 00 00 04 00 00 00 00 05 00 00 00 00 06 00 00 00 00 07 00 00 00 00 08 00 00 00 00 09 00 00 00 00 0a 00 00 00 00 0b 00 00 00 00 0c 00 00 00 00 0d 00 00 00 00 0e 00 00 00 00 0f 00 00 00 00,00 84 04 10 00 f7 07 00 00 01 0c 08 00 00 02 c9 07 00 00 03 e0 07 00 00 04 f5 07 00 00 05 07 08 00 00 06 e7 07 00 00 07 db 07 00 00 08 fb 07 00 00 09 0d 08 00 00 0a f9 07 00 00 0b aa 07 00 00 0c f5 07 00 00 0d e0 07 00 00 0e bf 07 00 00 0f f3 07 00 00
78000,00 84 04 10 00 00 00 00 00 01 00 00 00 00 02 00 00 00 00 03 00 00 00 00 04 00 00 00 00 05 00 00 00 00 06 00 00 00 00 07 00 00 00 00 08 00 00 00 00 09 00 00 00 00 0a 00 00 00 00 0b 00 00 00 00 0c 00 00 00 00 0d 00 00 00 00 0e 00 00 00 00 0f 00 00 00 00,00 84 04 10 00 f7 07 00 00 01 0c 08 00 00 02 c9 07 00 00 03 e0 07 00 00 04 f5 07 00 00 05 07 08 00 00 06 e7 07 00 00 07 db 07 00 00 08 fb 07 00 00 09 0d 08 00 00 0a f9 07 00 00 0b aa 07 00 00 0c f5 07 00 00 0d e0 07 00 00 0e bf 07 00 00 0f f3 07 00 00
94000,00 84 04 10 00 00 00 00 00 01 00 00 00 00 02 00 00 00 00 03 00 00 00 00 04 00 00 00 00 05 00 00 00 00 06 00 00 00 00 07 00 00 00 00 08 00 00 00 00 09 00 00 00 00 0a 00 00 00 00 0b 00 00 00 00 0c 00 00 00 00 0d 00 00 00 00 0e 00 00 00 00 0f 00 00 00 00,00 84 04 10 00 f7 07 00 00 01 0c 08 00 00 02 c9 07 00 00 03 e0 07 00 00 04 f5 07 00 00 05 07 08 00 00 06 e7 07 00 00 07 db 07 00 00 08 fb 07 00 00 09 0d 08 00 00 0a f9 07 00 00 0b aa 07 00 00 0c f5 07 00 00 0d e0 07 00 00 0e bf 07 00 00 0f f3 07 00 00
94000,00 84 04 10 00 00 00 00 00 01 00 00 00 00 02 00 00 00 00 03 00 00 00 00 04 00 00 00 00 05 00 00 00 00 06 00 00 00 00 07 00 00 00 00 08 00 00 00 00 09 00 00 00 00 0a 00 00 00 00 0b 00 00 00 00 0c 00 00 00 00 0d 00 00 00 00 0e 00 00 00 00 0f 00 00 00 00,00 84 04 10 00 f7 07 00 00 01 0c 08 00 00 02 c9 07 00 00 03 e0 07 00 00 04 f5 07 00 00 05 07 08 00 00 06 e7 07 00 00 07 db 07 00 00 08 fb 07 00 00 09 0d 08 00 00 0a f9 07 00 00 0b aa 07 00 00 0c f5 07 00 00 0d e0 07 00 00 0e bf 07 00 00 0f f3 07 00 00
125000,00 84 04 10 00 00 00 00 00 01 00 00 00 00 02 00 00 00 00 03 00 00 00 00 04 00 00 00 00 05 00 00 00 00 06 00 00 00 00 07 00 00 00 00 08 00 00 00 00 09 00 00 00 00 0a 00 00 00 00 0b 00 00 00 00 0c 00 00 00 00 0d 00 00 00 00 0e 00 00 00 00 0f 00 00 00 00,00 84 04 10 00 f7 07 00 00 01 0c 08 00 00 02 c9 07 00 00 03 e0 07 00 00 04 f5 07 00 00 05 07 08 00 00 06 e7 07 00 00 07 db 07 00 00 08 fb 07 00 00 09 0d 08 00 00 0a f9 07 00 00 0b aa 07 00 00 0c f5 07 00 00 0d e0 07 00 00 0e bf 07 00 00 0f f3 07 00 00
125000,00 84 04 10 00 00 00 00 00 01 00 00 00 00 02 00 00 00 00 03 00 00 00 00 04 00 00 00 00 05 00 00 00 00 06 00 00 00 00 07 00 00 00 00 08 00 00 00 00 09 00 00 00 00 0a 00 00 00 00 0b 00 00 00 00 0c 00 00 00 00 0d 00 00 00 00 0e 00 00 00 00 0f 00 00 00 00,00 84 04 10 00 f7 07 00 00 01 0c 08 00 00 02 c9 07 00 00 03 e0 07 00 00 04 f5 07 00 00 05 07 08 00 00 06 e6 07 00 00 07 db 07 00 00 08 fb 07 00 00 09 0d 08 00 00 0a f9 07 00 00 0b aa 07 00 00 0c f5 07 00 00 0d e0 07 00 00 0e bf 07 00 00 0f f3 07 00 00
140000,00 84 04 10 00 00 00 00 00 01 00 00 00 00 02 00 00 00 00 03 00 00 00 00 04 00 00 00 00 05 00 00 00 00 06 00 00 00 00 07 00 00 00 00 08 00 00 00 00 09 00 00 00 00 0a 00 00 00 00 0b 00 00 00 00 0c 00 00 00 00 0d 00 00 00 00 0e 00 00 00 00 0f 00 00 00 00,00 84 04 10 00 f7 07 00 00 01 0c 08 00 00 02 c9 07 00 00 03 e0 07 00 00 04 f5 07 00 00 05 07 08 00 00 06 e7 07 00 00 07 db 07 00 00 08 fb 07 00 00 09 0d 08 00 00 0a f9 07 00 00 0b aa 07 00 00 0c f5 07 00 00 0d e0 07 00 00 0e bf 07 00 00 0f f3 07 00 00
156000,00 84 04 10 00 00 00 00 00 01 00 00 00 00 02 00 00 00 00 03 00 00 00 00 04 00 00 00 00 05 00 00 00 00 06 00 00 00 00 07 00 00 00 00 08 00 00 00 00 09 00 00 00 00 0a 00 00 00 00 0b 00 00 00 00 0c 00 00 00 00 0d 00 00 00 00 0e 00 00 00 00 0f 00 00 00 00,00 84 04 10 00 f7 07 00 00 01 0c 08 00 00 02 c9 07 00 00 03 e0 07 00 00 04 f5 07 00 00 05 07 08 00 00 06 e7 07 00 00 07 db 07 00 00 08 fb 07 00 00 09 0d 08 00 00 0a f9 07 00 00 0b aa 07 00 00 0c f5 07 00 00 0d e0 07 00 00 0e bf 07 00 00 0f f3 07 00 00
172000,00 84 04 10 00 00 00 00 00 01 00 00 00 00 02 00 00 00 00 03 00 00 00 00 04 00 00 00 00 05 00 00 00 00 06 00 00 00 00 07 00 00 00 00 08 00 00 00 00 09 00 00 00 00 0a 00 00 00 00 0b 00 00 00 00 0c 00 00 00 00 0d 00 00 00 00 0e 00 00 00 00 0f 00 00 00 00,00 84 04 10 00 f7 07 00 00 01 0c 08 00 00 02 c9 07 00 00 03 e0 07 00 00 04 f5 07 00 00 05 07 08 00 00 06 e7 07 00 00 07 db 07 00 00 08 fb 07 00 00 09 0d 08 00 00 0a f9 07 00 00 0b aa 07 00 00 0c f5 07 00 00 0d e0 07 00 00 0e bf 07 00 00 0f f3 07 00 00
187000,00 84 04 10 00 00 00 00 00 01 00 00 00 00 02 00 00 00 00 03 00 00 00 00 04 00 00 00 00 05 00 00 00 00 06 00 00 00 00 07 00 00 00 00 08 00 00 00 00 09 00 00 00 00 0a 00 00 00 00 0b 00 00 00 00 0c 00 00 00 00 0d 00 00 00 00 0e 00 00 00 00 0f 00 00 00 00,00 84 04 10 00 f7 07 00 00 01 0c 08 00 00 02 c9 07 00 00 03 e0 07 00 00 04 f5 07 00 00 05 07 08 00 00 06 e6 07 00 00 07 db 07 00 00 08 fb 07 00 00 09 0d 08 00 00 0a f9 07 00 00 0b aa 07 00 00 0c f5 07 00 00 0d e0 07 00 00 0e bf 07 00 00 0f f3 07 00 00
187000,00 84 04 10 00 00 00 00 00 01 00 00 00 00 02 00 00 00 00 03 00 00 00 00 04 00 00 00 00 05 00 00 00 00 06 00 00 00 00 07 00 00 00 00 08 00 00 00 00 09 00 00 00 00 0a 00 00 00 00 0b 00 00 00 00 0c 00 00 00 00 0d 00 00 00 00 0e 00 00 00 00 0f 00 00 00 00,00 84 04 10 00 f7 07 00 00 01 0c 08 00 00 02 c9 07 00 00 03 e0 07 00 00 04 f5 07 00 00 05 07 08 00 00 06 e7 07 00 00 07 db 07 00 00 08 fb 07 00 00 09 0d 08 00 00 0a f9 07 00 00 0b aa 07 00 00 0c f5 07 00 00 0d e0 07 00 00 0e bf 07 00 00 0f f3 07 00 00
203000,00 84 04 10 00 00 00 00 00 01 00 00 00 00 02 00 00 00 00 03 00 00 00 00 04 00 00 00 00 05 00 00 00 00 06 00 00 00 00 07 00 00 00 00 08 00 00 00 00 09 00 00 00 00 0a 00 00 00 00 0b 00 00 00 00 0c 00 00 00 00 0d 00 00 00 00 0e 00 00 00 00 0f 00 00 00 00,00 84 04 10 00 f7 07 00 00 01 0c 08 00 00 02 c9 07 00 00 03 e0 07 00 00 04 f5 07 00 00 05 07 08 00 00 06 e7 07 00 00 07 db 07 00 00 08 fb 07 00 00 09 0d 08 00 00 0a f9 07 00 00 0b aa 07 00 00 0c f5 07 00 00 0d e0 07 00 00 0e bf 07 00 00 0f f3 07 00 00
219000,00 84 04 10 00 00 00 00 00 01 00 00 00 00 02 00 00 00 00 03 00 00 00 00 04 00 00 00 00 05 00 00 00 00 06 00 00 00 00 07 00 00 00 00 08 00 00 00 00 09 00 00 00 00 0a 00 00 00 00 0b 00 00 00 00 0c 00 00 00 00 0d 00 00 00 00 0e 00 00 00 00 0f 00 00 00 00,00 84 04 10 00 f7 07 00 00 01 0c 08 00 00 02 c9 07 00 00 03 e0 07 00 00 04 f5 07 00 00 05 07 08 00 00 06 e7 07 00 00 07 db 07 00 00 08 fb 07 00 00 09 0d 08 00 00 0a f9 07 00 00 0b aa 07 00 00 0c f5 07 00 00 0d e0 07 00 00 0e bf 07 00 00 0f f3 07 00 00
219000,00 84 04 10 00 00 00 00 00 01 00 00 00 00 02 00 00 00 00 03 00 00 00 00 04 00 00 00 00 05 00 00 00 00 06 00 00 00 00 07 00 00 00 00 08 00 00 00 00 09 00 00 00 00 0a 00 00 00 00 0b 00 00 00 00 0c 00 00 00 00 0d 00 00 00 00 0e 00 00 00 00 0f 00 00 00 00,00 84 04 10 00 f7 07 00 00 01 0c 08 00 00 02 c9 07 00 00 03 e0 07 00 00 04 f5 07 00 00 05 07 08 00 00 06 e7 07 00 00 07 db 07 00 00 08 fb 07 00 00 09 0d 08 00 00 0a f9 07 00 00 0b aa 07 00 00 0c f5 07 00 00 0d e0 07 00 00 0e bf 07 00 00 0f f3 07 00 00
234000,00 84 04 10 00 00 00 00 00 01 00 00 00 00 02 00 00 00 00 03 00 00 00 00 04 00 00 00 00 05 00 00 00 00 06 00 00 00 00 07 00 00 00 00 08 00 00 00 00 09 00 00 00 00 0a 00 00 00 00 0b 00 00 00 00 0c 00 00 00 00 0d 00 00 00 00 0e 00 00 00 00 0f 00 00 00 00,00 84 04 10 00 f7 07 00 00 01 0c 08 00 00 02 c9 07 00 00 03 e0 07 00 00 04 f5 07 00 00 05 07 08 00 00 06 e7 07 00 00 07 db 07 00 00 08 fb 07 00 00 09 0d 08 00 00 0a f9 07 00 00 0b aa 07 00 00 0c f5 07 00 00 0d e0 07 00 00 0e bf 07 00 00 0f f3 07 00 00
250000,00 84 04 10 00 00 00 00 00 01 00 00 00 00 02 00 00 00 00 03 00 00 00 00 04 00 00 00 00 05 00 00 00 00 06 00 00 00 00 07 00 00 00 00 08 00 00 00 00 09 00 00 00 00 0a 00 00 00 00 0b 00 00 00 00 0c 00 00 00 00 0d 00 00 00 00 0e 00 00 00 00 0f 00 00 00 00,00 84 04 10 00 f7 07 00 00 01 0c 08 00 00 02 c9 07 00 00 03 e0 07 00 00 04 f5 07 00 00 05 07 08 00 00 06 e7 07 00 00 07 db 07 00 00 08 fb 07 00 00 09 0d 08 00 00 0a f9 07 00 00 0b aa 07 00 00 0c f5 07 00 00 0d e0 07 00 00 0e bf 07 00 00 0f f3 07 00 00
265000,00 84 04 10 00 00 00 00 00 01 00 00 00 00 02 00 00 00 00 03 00 00 00 00 04 00 00 00 00 05 00 00 00 00 06 00 00 00 00 07 00 00 00 00 08 00 00 00 00 09 00 00 00 00 0a 00 00 00 00 0b 00 00 00 00 0c 00 00 00 00 0d 00 00 00 00 0e 00 00 00 00 0f 00 00 00 00,00 84 04 10 00 f7 07 00 00 01 0c 08 00 00 02 c9 07 00 00 03 e0 07 00 00 04 f5 07 00 00 05 07 08 00 00 06 e7 07 00 00 07 db 07 00 00 08 fb 07 00 00 09 0d 08 00 00 0a f9 07 00 00 0b aa 07 00 00 0c f5 07 00 00 0d e0 07 00 00 0e bf 07 00 00 0f f3 07 00 00
281000,00 84 04 10 00 00 00 00 00 01 00 00 00 00 02 00 00 00 00 03 00 00 00 00 04 00 00 00 00 05 00 00 00 00 06 00 00 00 00 07 00 00 00 00 08 00 00 00 00 09 00 00 00 00 0a 00 00 00 00 0b 00 00 00 00 0c 00 00 00 00 0d 00 00 00 00 0e 00 00 00 00 0f 00 00 00 00,00 84 04 10 00 f7 07 00 00 01 0c 08 00 00 02 c9 07 00 00 03 e0 07 00 00 04 f5 07 00 00 05 07 08 00 00 06 e7 07 00 00 07 db 07 00 00 08 fb 07 00 00 09 0d 08 00 00 0a f9 07 00 00 0b aa 07 00 00 0c f5 07 00 00 0d e0 07 00 00 0e bf 07 00 00 0f f3 07 00 00
281000,00 84 04 10 00 00 00 00 00 01 00 00 00 00 02 00 00 00 00 03 00 00 00 00 04 00 00 00 00 05 00 00 00 00 06 00 00 00 00 07 00 00 00 00 08 00 00 00 00 09 00 00 00 00 0a 00 00 00 00 0b 00 00 00 00 0c 00 00 00 00 0d 00 00 00 00 0e 00 00 00 00 0f 00 00 00 00,00 84 04 10 00 f7 07 00 00 01 0c 08 00 00 02 c9 07 00 00 03 e0 07 00 00 04 f5 07 00 00 05 07 08 00 00 06 e7 07 00 00 07 db 07 00 00 08 fb 07 00 00 09 0d 08 00 00 0a f9 07 00 00 0b aa 07 00 00 0c f5 07 00 00 0d e0 07 00 00 0e bf 07 00 00 0f f3 07 00 00
297000,00 84 04 10 00 00 00 00 00 01 00 00 00 00 02 00 00 00 00 03 00 00 00 00 04 00 00 00 00 05 00 00 00 00 06 00 00 00 00 07 00 00 00 00 08 00 00 00 00 09 00 00 00 00 0a 00 00 00 00 0b 00 00 00 00 0c 00 00 00 00 0d 00 00 00 00 0e 00 00 00 00 0f 00 00 00 00,00 84 04 10 00 f7 07 00 00 01 0c 08 00 00 02 c9 07 00 00 03 e0 07 00 00 04 f5 07 00 00 05 07 08 00 00 06 e7 07 00 00 07 db 07 00 00 08 fb 07 00 00 09 0d 08 00 00 0a f9 07 00 00 0b aa 07 00 00 0c f5 07 00 00 0d e0 07 00 00 0e bf 07 00 00 0f f3 07 00 00
312000,00 84 04 10 00 00 00 00 00 01 00 00 00 00 02 00 00 00 00 03 00 00 00 00 04 00 00 00 00 05 00 00 00 00 06 00 00 00 00 07 00 00 00 00 08 00 00 00 00 09 00 00 00 00 0a 00 00 00 00 0b 00 00 00 00 0c 00 00 00 00 0d 00 00 00 00 0e 00 00 00 00 0f 00 00 00 00,00 84 04 10 00 f7 07 00 00 01 0c 08 00 00 02 c9 07 00 00 03 e0 07 00 00 04 f5 07 00 00 05 07 08 00 00 06 e6 07 00 00 07 db 07 00 00 08 fb 07 00 00 09 0d 08 00 00 0a f9 07 00 00 0b aa 07 00 00 0c f4 07 00 00 0d e0 07 00 00 0e bf 07 00 00 0f f3 07 00 00
328000,00 84 04 10 00 00 00 00 00 01 00 00 00 00 02 00 00 00 00 03 00 00 00 00 04 00 00 00 00 05 00 00 00 00 06 00 00 00 00 07 00 00 00 00 08 00 00 00 00 09 00 00 00 00 0a 00 00 00 00 0b 00 00 00 00 0c 00 00 00 00 0d 00 00 00 00 0e 00 00 00 00 0f 00 00 00 00,00 84 04 10 00 f7 07 00 00 01 0c 08 00 00 02 c9 07 00 00 03 e0 07 00 00 04 f5 07 00 00 05 07 08 00 00 06 e7 07 00 00 07 db 07 00 00 08 fb 07 00 00 09 0d 08 00 00 0a f9 07 00 00 0b aa 07 00 00 0c f5 07 00 00 0d e0 07 00 00 0e bf 07 00 00 0f f3 07 00 00
328000,00 84 04 10 00 00 00 00 00 01 00 00 00 00 02 00 00 00 00 03 00 00 00 00 04 00 00 00 00 05 00 00 00 00 06 00 00 00 00 07 00 00 00 00 08 00 00 00 00 09 00 00 00 00 0a 00 00 00 00 0b 00 00 00 00 0c 00 00 00 00 0d 00 00 00 00 0e 00 00 00 00 0f 00 00 00 00,00 84 04 10 00 f7 07 00 00 01 0c 08 00 00 02 c9 07 00 00 03 e0 07 00 00 04 f5 07 00 00 05 07 08 00 00 06 e7 07 00 00 07 db 07 00 00 08 fb 07 00 00 09 0d 08 00 00 0a f9 07 00 00 0b aa 07 00 00 0c f5 07 00 00 0d e0 07 00 00 0e bf 07 00 00 0f f3 07 00 00
344000,00 84 04 10 00 00 00 00 00 01 00 00 00 00 02 00 00 00 00 03 00 00 00 00 04 00 00 00 00 05 00 00 00 00 06 00 00 00 00 07 00 00 00 00 08 00 00 00 00 09 00 00 00 00 0a 00 00 00 00 0b 00 00 00 00 0c 00 00 00 00 0d 00 00 00 00 0e 00 00 00 00 0f 00 00 00 00,00 84 04 10 00 f7 07 00 00 01 0c 08 00 00 02 c9 07 00 00 03 e0 07 00 00 04 f5 07 00 00 05 07 08 00 00 06 e7 07 00 00 07 db 07 00 00 08 fb 07 00 00 09 0d 08 00 00 0a f9 07 00 00 0b aa 07 00 00 0c f5 07 00 00 0d e0 07 00 00 0e bf 07 00 00 0f f3 07 00 00
359000,00 84 04 10 00 00 00 00 00 01 00 00 00 00 02 00 00 00 00 03 00 00 00 00 04 00 00 00 00 05 00 00 00 00 06 00 00 00 00 07 00 00 00 00 08 00 00 00 00 09 00 00 00 00 0a 00 00 00 00 0b 00 00 00 00 0c 00 00 00 00 0d 00 00 00 00 0e 00 00 00 00 0f 00 00 00 00,00 84 04 10 00 f7 07 00 00 01 0c 08 00 00 02 c9 07 00 00 03 e0 07 00 00 04 f5 07 00 00 05 07 08 00 00 06 e7 07 00 00 07 db 07 00 00 08 fb 07 00 00 09 0d 08 00 00 0a f9 07 00 00 0b aa 07 00 00 0c f5 07 00 00 0d e0 07 00 00 0e bf 07 00 00 0f f3 07 00 00
359000,00 84 04 10 00 00 00 00 00 01 00 00 00 00 02 00 00 00 00 03 00 00 00 00 04 00 00 00 00 05 00 00 00 00 06 00 00 00 00 07 00 00 00 00 08 00 00 00 00 09 00 00 00 00 0a 00 00 00 00 0b 00 00 00 00 0c 00 00 00 00 0d 00 00 00 00 0e 00 00 00 00 0f 00 00 00 00,00 84 04 10 00 f7 07 00 00 01 0c 08 00 00 02 c9 07 00 00 03 e0 07 00 00 04 f5 07 00 00 05 07 08 00 00 06 e7 07 00 00 07 db 07 00 00 08 fb 07 00 00 09 0d 08 00 00 0a f9 07 00 00 0b aa 07 00 00 0c f5 07 00 00 0d e0 07 00 00 0e bf 07 00 00 0f f3 07 00 00
375000,00 84 04 10 00 00 00 00 00 01 00 00 00 00 02 00 00 00 00 03 00 00 00 00 04 00 00 00 00 05 00 00 00 00 06 00 00 00 00 07 00 00 00 00 08 00 00 00 00 09 00 00 00 00 0a 00 00 00 00 0b 00 00 00 00 0c 00 00 00 00 0d 00 00 00 00 0e 00 00 00 00 0f 00 00 00 00,00 84 04 10 00 f7 07 00 00 01 0c 08 00 00 02 c9 07 00 00 03 e0 07 00 00 04 f5 07 00 00 05 07 08 00 00 06 e7 07 00 00 07 db 07 00 00 08 fb 07 00 00 09 0d 08 00 00 0a f9 07 00 00 0b aa 07 00 00 0c f5 07 00 00 0d e0 07 00 00 0e bf 07 00 00 0f f3 07 00 00
390000,00 84 04 10 00 00 00 00 00 01 00 00 00 00 02 00 00 00 00 03 00 00 00 00 04 00 00 00 00 05 00 00 00 00 06 00 00 00 00 07 00 00 00 00 08 00 00 00 00 09 00 00 00 00 0a 00 00 00 00 0b 00 00 00 00 0c 00 00 00 00 0d 00 00 00 00 0e 00 00 00 00 0f 00 00 00 00,00 84 04 10 00 f7 07 00 00 01 0c 08 00 00 02 c9 07 00 00 03 e0 07 00 00 04 f5 07 00 00 05 07 08 00 00 06 e7 07 00 00 07 db 07 00 00 08 fb 07 00 00 09 0d 08 00 00 0a f9 07 00 00 0b aa 07 00 00 0c f5 07 00 00 0d e0 07 00 00 0e bf 07 00 00 0f f3 07 00 00
406000,00 84 04 10 00 00 00 00 00 01 00 00 00 00 02 00 00 00 00 03 00 00 00 00 04 00 00 00 00 05 00 00 00 00 06 00 00 00 00 07 00 00 00 00 08 00 00 00 00 09 00 00 00 00 0a 00 00 00 00 0b 00 00 00 00 0c 00 00 00 00 0d 00 00 00 00 0e 00 00 00 00 0f 00 00 00 00,00 84 04 10 00 f7 07 00 00 01 0c 08 00 00 02 c9 07 00 00 03 e0 07 00 00 04 f5 07 00 00 05 07 08 00 00 06 e7 07 00 00 07 db 07 00 00 08 fb 07 00 00 09 0d 08 00 00 0a f9 07 00 00 0b aa 07 00 00 0c f4 07 00 00 0d e0 07 00 00 0e bf 07 00 00 0f f3 07 00 00
406000,00 84 04 10 00 00 00 00 00 01 00 00 00 00 02 00 00 00 00 03 00 00 00 00 04 00 00 00 00 05 00 00 00 00 06 00 00 00 00 07 00 00 00 00 08 00 00 00 00 09 00 00 00 00 0a 00 00 00 00 0b 00 00 00 00 0c 00 00 00 00 0d 00 00 00 00 0e 00 00 00 00 0f 00 00 00 00,00 84 04 10 00 f7 07 00 00 01 0c 08 00 00 02 c9 07 00 00 03 e0 07 00 00 04 f5 07 00 00 05 07 08 00 00 06 e7 07 00 00 07 db 07 00 00 08 fb 07 00 00 09 0d 08 00 00 0a f9 07 00 00 0b aa 07 00 00 0c f4 07 00 00 0d e0 07 00 00 0e bf 07 00 00 0f f3 07 00 00
422000,00 84 04 10 00 00 00 00 00 01 00 00 00 00 02 00 00 00 00 03 00 00 00 00 04 00 00 00 00 05 00 00 00 00 06 00 00 00 00 07 00 00 00 00 08 00 00 00 00 09 00 00 00 00 0a 00 00 00 00 0b 00 00 00 00 0c 00 00 00 00 0d 00 00 00 00 0e 00 00 00 00 0f 00 00 00 00,00 84 04 10 00 f7 07 00 00 01 0c 08 00 00 02 c9 07 00 00 03 e0 07 00 00 04 f5 07 00 00 05 07 08 00 00 06 e7 07 00 00 07 db 07 00 00 08 fb 07 00 00 09 0d 08 00 00 0a f9 07 00 00 0b aa 07 00 00 0c f5 07 00 00 0d e0 07 00 00 0e bf 07 00 00 0f f3 07 00 00
437000,00 84 04 10 00 00 00 00 00 01 00 00 00 00 02 00 00 00 00 03 00 00 00 00 04 00 00 00 00 05 00 00 00 00 06 00 00 00 00 07 00 00 00 00 08 00 00 00 00 09 00 00 00 00 0a 00 00 00 00 0b 00 00 00 00 0c 00 00 00 00 0d 00 00 00 00 0e 00 00 00 00 0f 00 00 00 00,00 84 04 10 00 f7 07 00 00 01 0c 08 00 00 02 c9 07 00 00 03 e0 07 00 00 04 f5 07 00 00 05 07 08 00 00 06 e7 07 00 00 07 db 07 00 00 08 fb 07 00 00 09 0d 08 00 00 0a f9 07 00 00 0b aa 07 00 00 0c f5 07 00 00 0d e0 07 00 00 0e bf 07 00 00 0f f3 07 00 00
437000,00 84 04 10 00 00 00 00 00 01 00 00 00 00 02 00 00 00 00 03 00 00 00 00 04 00 00 00 00 05 00 00 00 00 06 00 00 00 00 07 00 00 00 00 08 00 00 00 00 09 00 00 00 00 0a 00 00 00 00 0b 00 00 00 00 0c 00 00 00 00 0d 00 00 00 00 0e 00 00 00 00 0f 00 00 00 00,00 84 04 10 00 f7 07 00 00 01 0c 08 00 00 02 c9 07 00 00 03 e0 07 00 00 04 f5 07 00 00 05 07 08 00 00 06 e7 07 00 00 07 db 07 00 00 08 fb 07 00 00 09 0d 08 00 00 0a f9 07 00 00 0b aa 07 00 00 0c f4 07 00 00 0d e0 07 00 00 0e bf 07 00 00 0f f3 07 00 00
453000,00 84 04 10 00 00 00 00 00 01 00 00 00 00 02 00 00 00 00 03 00 00 00 00 04 00 00 00 00 05 00 00 00 00 06 00 00 00 00 07 00 00 00 00 08 00 00 00 00 09 00 00 00 00 0a 00 00 00 00 0b 00 00 00 00 0c 00 00 00 00 0d 00 00 00 00 0e 00 00 00 00 0f 00 00 00 00,00 84 04 10 00 f7 07 00 00 01 0c 08 00 00 02 c9 07 00 00 03 e0 07 00 00 04 f5 07 00 00 05 07 08 00 00 06 e7 07 00 00 07 db 07 00 00 08 fb 07 00 00 09 0d 08 00 00 0a f9 07 00 00 0b aa 07 00 00 0c f5 07 00 00 0d e0 07 00 00 0e bf 07 00 00 0f f3 07 00 00
469000,00 84 04 10 00 00 00 00 00 01 00 00 00 00 02 00 00 00 00 03 00 00 00 00 04 00 00 00 00 05 00 00 00 00 06 00 00 00 00 07 00 00 00 00 08 00 00 00 00 09 00 00 00 00 0a 00 00 00 00 0b 00 00 00 00 0c 00 00 00 00 0d 00 00 00 00 0e 00 00 00 00 0f 00 00 00 00,00 84 04 10 00 f7 07 00 00 01 0c 08 00 00 02 c9 07 00 00 03 e0 07 00 00 04 f5 07 00 00 05 07 08 00 00 06 e7 07 00 00 07 db 07 00 00 08 fb 07 00 00 09 0d 08 00 00 0a f9 07 00 00 0b aa 07 00 00 0c f5 07 00 00 0d e0 07 00 00 0e bf 07 00 00 0f f3 07 00 00
484000,00 84 04 10 00 00 00 00 00 01 00 00 00 00 02 00 00 00 00 03 00 00 00 00 04 00 00 00 00 05 00 00 00 00 06 00 00 00 00 07 00 00 00 00 08 00 00 00 00 09 00 00 00 00 0a 00 00 00 00 0b 00 00 00 00 0c 00 00 00 00 0d 00 00 00 00 0e 00 00 00 00 0f 00 00 00 00,00 84 04 10 00 f7 07 00 00 01 0c 08 00 00 02 c9 07 00 00 03 e0 07 00 00 04 f5 07 00 00 05 07 08 00 00 06 e7 07 00 00 07 db 07 00 00 08 fb 07 00 00 09 0d 08 00 00 0a f9 07 00 00 0b aa 07 00 00 0c f5 07 00 00 0d e0 07 00 00 0e bf 07 00 00 0f f3 07 00 00
484000,00 84 04 10 00 00 00 00 00 01 00 00 00 00 02 00 00 00 00 03 00 00 00 00 04 00 00 00 00 05 00 00 00 00 06 00 00 00 00 07 00 00 00 00 08 00 00 00 00 09 00 00 00 00 0a 00 00 00 00 0b 00 00 00 00 0c 00 00 00 00 0d 00 00 00 00 0e 00 00 00 00 0f 00 00 00 00,00 84 04 10 00 f7 07 00 00 01 0c 08 00 00 02 c9 07 00 00 03 e0 07 00 00 04 f5 07 00 00 05 07 08 00 00 06 e7 07 00 00 07 db 07 00 00 08 fb 07 00 00 09 0d 08 00 00 0a f9 07 00 00 0b aa 07 00 00 0c f5 07 00 00 0d e0 07 00 00 0e bf 07 00 00 0f f3 07 00 00
500000,00 84 04 10 00 00 00 00 00 01 00 00 00 00 02 00 00 00 00 03 00 00 00 00 04 00 00 00 00 05 00 00 00 00 06 00 00 00 00 07 00 00 00 00 08 00 00 00 00 09 00 00 00 00 0a 00 00 00 00 0b 00 00 00 00 0c 00 00 00 00 0d 00 00 00 00 0e 00 00 00 00 0f 00 00 00 00,00 84 04 10 00 f7 07 00 00 01 0c 08 00 00 02 c9 07 00 00 03 e0 07 00 00 04 f5 07 00 00 05 07 08 00 00 06 e7 07 00 00 07 db 07 00 00 08 fb 07 00 00 09 0d 08 00 00 0a f9 07 00 00 0b aa 07 00 00 0c f5 07 00 00 0d e0 07 00 00 0e bf 07 00 00 0f f3 07 00 00
515000,00 84 04 10 00 00 00 00 00 01 00 00 00 00 02 00 00 00 00 03 00 00 00 00 04 00 00 00 00 05 00 00 00 00 06 00 00 00 00 07 00 00 00 00 08 00 00 00 00 09 00 00 00 00 0a 00 00 00 00 0b 00 00 00 00 0c 00 00 00 00 0d 00 00 00 00 0e 00 00 00 00 0f 00 00 00 00,00 84 04 10 00 f7 07 00 00 01 0c 08 00 00 02 c9 07 00 00 03 e0 07 00 00 04 f5 07 00 00 05 07 08 00 00 06 e7 07 00 00 07 db 07 00 00 08 fb 07 00 00 09 0d 08 00 00 0a f9 07 00 00 0b aa 07 00 00 0c f4 07 00 00 0d e0 07 00 00 0e bf 07 00 00 0f f3 07 00 00
531000,00 84 04 10 00 00 00 00 00 01 00 00 00 00 02 00 00 00 00 03 00 00 00 00 04 00 00 00 00 05 00 00 00 00 06 00 00 00 00 07 00 00 00 00 08 00 00 00 00 09 00 00 00 00 0a 00 00 00 00 0b 00 00 00 00 0c 00 00 00 00 0d 00 00 00 00 0e 00 00 00 00 0f 00 00 00 00,00 84 04 10 00 f7 07 00 00 01 0c 08 00 00 02 c9 07 00 00 03 e0 07 00 00 04 f5 07 00 00 05 07 08 00 00 06 e7 07 00 00 07 db 07 00 00 08 fb 07 00 00 09 0d 08 00 00 0a f9 07 00 00 0b aa 07 00 00 0c f5 07 00 00 0d e0 07 00 00 0e bf 07 00 00 0f f3 07 00 00
531000,00 84 04 10 00 00 00 00 00 01 00 00 00 00 02 00 00 00 00 03 00 00 00 00 04 00 00 00 00 05 00 00 00 00 06 00 00 00 00 07 00 00 00 00 08 00 00 00 00 09 00 00 00 00 0a 00 00 00 00 0b 00 00 00 00 0c 00 00 00 00 0d 00 00 00 00 0e 00 00 00 00 0f 00 00 00 00,00 84 04 10 00 f7 07 00 00 01 0c 08 00 00 02 c9 07 00 00 03 e0 07 00 00 04 f5 07 00 00 05 07 08 00 00 06 e7 07 00 00 07 db 07 00 00 08 fb 07 00 00 09 0d 08 00 00 0a f9 07 00 00 0b aa 07 00 00 0c f5 07 00 00 0d e0 07 00 00 0e bf 07 00 00 0f f3 07 00 00
547000,00 84 04 10 00 00 00 00 00 01 00 00 00 00 02 00 00 00 00 03 00 00 00 00 04 00 00 00 00 05 00 00 00 00 06 00 00 00 00 07 00 00 00 00 08 00 00 00 00 09 00 00 00 00 0a 00 00 00 00 0b 00 00 00 00 0c 00 00 00 00 0d 00 00 00 00 0e 00 00 00 00 0f 00 00 00 00,00 84 04 10 00 f7 07 00 00 01 0c 08 00 00 02 c9 07 00 00 03 e0 07 00 00 04 f5 07 00 00 05 07 08 00 00 06 e6 07 00 00 07 db 07 00 00 08 fb 07 00 00 09 0d 08 00 00 0a f9 07 00 00 0b aa 07 00 00 0c f5 07 00 00 0d e0 07 00 00 0e bf 07 00 00 0f f3 07 00 00
562000,00 84 04 10 00 00 00 00 00 01 00 00 00 00 02 00 00 00 00 03 00 00 00 00 04 00 00 00 00 05 00 00 00 00 06 00 00 00 00 07 00 00 00 00 08 00 00 00 00 09 00 00 00 00 0a 00 00 00 00 0b 00 00 00 00 0c 00 00 00 00 0d 00 00 00 00 0e 00 00 00 00 0f 00 00 00 00,00 84 04 10 00 f7 07 00 00 01 0c 08 00 00 02 c9 07 00 00 03 e0 07 00 00 04 f5 07 00 00 05 07 08 00 00 06 e7 07 00 00 07 db 07 00 00 08 fb 07 00 00 09 0d 08 00 00 0a f9 07 00 00 0b aa 07 00 00 0c f5 07 00 00 0d e0 07 00 00 0e bf 07 00 00 0f f3 07 00 00
578000,00 84 04 10 00 00 00 00 00 01 00 00 00 00 02 00 00 00 00 03 00 00 00 00 04 00 00 00 00 05 00 00 00 00 06 00 00 00 00 07 00 00 00 00 08 00 00 00 00 09 00 00 00 00 0a 00 00 00 00 0b 00 00 00 00 0c 00 00 00 00 0d 00 00 00 00 0e 00 00 00 00 0f 00 00 00 00,00 84 04 10 00 f7 07 00 00 01 0c 08 00 00 02 c9 07 00 00 03 e0 07 00 00 04 f5 07 00 00 05 07 08 00 00 06 e7 07 00 00 07 db 07 00 00 08 fb 07 00 00 09 0d 08 00 00 0a f9 07 00 00 0b aa 07 00 00 0c f5 07 00 00 0d e0 07 00 00 0e bf 07 00 00 0f f3 07 00 00
594000,00 84 04 10 00 00 00 00 00 01 00 00 00 00 02 00 00 00 00 03 00 00 00 00 04 00 00 00 00 05 00 00 00 00 06 00 00 00 00 07 00 00 00 00 08 00 00 00 00 09 00 00 00 00 0a 00 00 00 00 0b 00 00 00 00 0c 00 00 00 00 0d 00 00 00 00 0e 00 00 00 00 0f 00 00 00 00,00 84 04 10 00 f7 07 00 00 01 0c 08 00 00 02 c9 07 00 00 03 e0 07 00 00 04 f5 07 00 00 05 07 08 00 00 06 e7 07 00 00 07 db 07 00 00 08 fb 07 00 00 09 0d 08 00 00 0a f9 07 00 00 0b aa 07 00 00 0c f5 07 00 00 0d e0 07 00 00 0e bf 07 00 00 0f f3 07 00 00
594000,00 84 04 10 00 00 00 00 00 01 00 00 00 00 02 00 00 00 00 03 00 00 00 00 04 00 00 00 00 05 00 00 00 00 06 00 00 00 00 07 00 00 00 00 08 00 00 00 00 09 00 00 00 00 0a 00 00 00 00 0b 00 00 00 00 0c 00 00 00 00 0d 00 00 00 00 0e 00 00 00 00 0f 00 00 00 00,00 84 04 10 00 f7 07 00 00 01 0c 08 00 00 02 c9 07 00 00 03 e0 07 00 00 04 f5 07 00 00 05 07 08 00 00 06 e7 07 00 00 07 db 07 00 00 08 fb 07 00 00 09 0d 08 00 00 0a f9 07 00 00 0b aa 07 00 00 0c f5 07 00 00 0d e0 07 00 00 0e bf 07 00 00 0f f3 07 00 00
609000,00 84 04 10 00 00 00 00 00 01 00 00 00 00 02 00 00 00 00 03 00 00 00 00 04 00 00 00 00 05 00 00 00 00 06 00 00 00 00 07 00 00 00 00 08 00 00 00 00 09 00 00 00 00 0a 00 00 00 00 0b 00 00 00 00 0c 00 00 00 00 0d 00 00 00 00 0e 00 00 00 00 0f 00 00 00 00,00 84 04 10 00 f7 07 00 00 01 0c 08 00 00 02 c9 07 00 00 03 e0 07 00 00 04 f5 07 00 00 05 07 08 00 00 06 e7 07 00 00 07 db 07 00 00 08 fb 07 00 00 09 0d 08 00 00 0a f9 07 00 00 0b aa 07 00 00 0c f5 07 00 00 0d e0 07 00 00 0e bf 07 00 00 0f f3 07 00 00
625000,00 84 04 10 00 00 00 00 00 01 00 00 00 00 02 00 00 00 00 03 00 00 00 00 04 00 00 00 00 05 00 00 00 00 06 00 00 00 00 07 00 00 00 00 08 00 00 00 00 09 00 00 00 00 0a 00 00 00 00 0b 00 00 00 00 0c 00 00 00 00 0d 00 00 00 00 0e 00 00 00 00 0f 00 00 00 00,00 84 04 10 00 f7 07 00 00 01 0c 08 00 00 02 c9 07 00 00 03 e0 07 00 00 04 f5 07 00 00 05 07 08 00 00 06 e7 07 00 00 07 db 07 00 00 08 fb 07 00 00 09 0d 08 00 00 0a f9 07 00 00 0b aa 07 00 00 0c f5 07 00 00 0d e0 07 00 00 0e bf 07 00 00 0f f3 07 00 00
625000,00 84 04 10 00 00 00 00 00 01 00 00 00 00 02 00 00 00 00 03 00 00 00 00 04 00 00 00 00 05 00 00 00 00 06 00 00 00 00 07 00 00 00 00 08 00 00 00 00 09 00 00 00 00 0a 00 00 00 00 0b 00 00 00 00 0c 00 00 00 00 0d 00 00 00 00 0e 00 00 00 00 0f 00 00 00 00,00 84 04 10 00 f7 07 00 00 01 0c 08 00 00 02 c9 07 00 00 03 e0 07 00 00 04 f5 07 00 00 05 07 08 00 00 06 e7 07 00 00 07 db 07 00 00 08 fb 07 00 00 09 0d 08 00 00 0a f9 07 00 00 0b aa 07 00 00 0c f5 07 00 00 0d e0 07 00 00 0e bf 07 00 00 0f f3 07 00 00
640000,00 84 04 10 00 00 00 00 00 01 00 00 00 00 02 00 00 00 00 03 00 00 00 00 04 00 00 00 00 05 00 00 00 00 06 00 00 00 00 07 00 00 00 00 08 00 00 00 00 09 00 00 00 00 0a 00 00 00 00 0b 00 00 00 00 0c 00 00 00 00 0d 00 00 00 00 0e 00 00 00 00 0f 00 00 00 00,00 84 04 10 00 f7 07 00 00 01 0c 08 00 00 02 c9 07 00 00 03 e0 07 00 00 04 f5 07 00 00 05 07 08 00 00 06 e7 07 00 00 07 db 07 00 00 08 fb 07 00 00 09 0d 08 00 00 0a f9 07 00 00 0b aa 07 00 00 0c f5 07 00 00 0d e0 07 00 00 0e bf 07 00 00 0f f3 07 00 00
656000,00 84 04 10 00 00 00 00 00 01 00 00 00 00 02 00 00 00 00 03 00 00 00 00 04 00 00 00 00 05 00 00 00 00 06 00 00 00 00 07 00 00 00 00 08 00 00 00 00 09 00 00 00 00 0a 00 00 00 00 0b 00 00 00 00 0c 00 00 00 00 0d 00 00 00 00 0e 00 00 00 00 0f 00 00 00 00,00 84 04 10 00 f7 07 00 00 01 0c 08 00 00 02 c9 07 00 00 03 e0 07 00 00 04 f5 07 00 00 05 07 08 00 00 06 e7 07 00 00 07 db 07 00 00 08 fb 07 00 00 09 0d 08 00 00 0a f9 07 00 00 0b aa 07 00 00 0c f5 07 00 00 0d e0 07 00 00 0e bf 07 00 00 0f f3 07 00 00
672000,00 84 04 10 00 00 00 00 00 01 00 00 00 00 02 00 00 00 00 03 00 00 00 00 04 00 00 00 00 05 00 00 00 00 06 00 00 00 00 07 00 00 00 00 08 00 00 00 00 09 00 00 00 00 0a 00 00 00 00 0b 00 00 00 00 0c 00 00 00 00 0d 00 00 00 00 0e 00 00 00 00 0f 00 00 00 00,00 84 04 10 00 f7 07 00 00 01 0c 08 00 00 02 c9 07 00 00 03 e0 07 00 00 04 f5 07 00 00 05 07 08 00 00 06 e7 07 00 00 07 db 07 00 00 08 fb 07 00 00 09 0d 08 00 00 0a f9 07 00 00 0b aa 07 00 00 0c f5 07 00 00 0d e0 07 00 00 0e bf 07 00 00 0f f3 07 00 00
672000,00 84 04 10 00 00 00 00 00 01 00 00 00 00 02 00 00 00 00 03 00 00 00 00 04 00 00 00 00 05 00 00 00 00 06 00 00 00 00 07 00 00 00 00 08 00 00 00 00 09 00 00 00 00 0a 00 00 00 00 0b 00 00 00 00 0c 00 00 00 00 0d 00 00 00 00 0e 00 00 00 00 0f 00 00 00 00,00 84 04 10 00 f7 07 00 00 01 0c 08 00 00 02 c9 07 00 00 03 e0 07 00 00 04 f5 07 00 00 05 07 08 00 00 06 e6 07 00 00 07 db 07 00 00 08 fb 07 00 00 09 0d 08 00 00 0a f9 07 00 00 0b aa 07 00 00 0c f5 07 00 00 0d e0 07 00 00 0e bf 07 00 00 0f f3 07 00 00
687000,00 84 04 10 00 00 00 00 00 01 00 00 00 00 02 00 00 00 00 03 00 00 00 00 04 00 00 00 00 05 00 00 00 00 06 00 00 00 00 07 00 00 00 00 08 00 00 00 00 09 00 00 00 00 0a 00 00 00 00 0b 00 00 00 00 0c 00 00 00 00 0d 00 00 00 00 0e 00 00 00 00 0f 00 00 00 00,00 84 04 10 00 f7 07 00 00 01 0c 08 00 00 02 c9 07 00 00 03 e0 07 00 00 04 f5 07 00 00 05 07 08 00 00 06 e7 07 00 00 07 db 07 00 00 08 fb 07 00 00 09 0d 08 00 00 0a f9 07 00 00 0b aa 07 00 00 0c f5 07 00 00 0d e0 07 00 00 0e bf 07 00 00 0f f3 07 00 00
703000,00 84 04 10 00 00 00 00 00 01 00 00 00 00 02 00 00 00 00 03 00 00 00 00 04 00 00 00 00 05 00 00 00 00 06 00 00 00 00 07 00 00 00 00 08 00 00 00 00 09 00 00 00 00 0a 00 00 00 00 0b 00 00 00 00 0c 00 00 00 00 0d 00 00 00 00 0e 00 00 00 00 0f 00 00 00 00,00 84 04 10 00 f7 07 00 00 01 0c 08 00 00 02 c9 07 00 00 03 e0 07 00 00 04 f5 07 00 00 05 07 08 00 00 06 e7 07 00 00 07 db 07 00 00 08 fb 07 00 00 09 0d 08 00 00 0a f9 07 00 00 0b aa 07 00 00 0c f5 07 00 00 0d e0 07 00 00 0e bf 07 00 00 0f f3 07 00 00
719000,00 84 04 10 00 00 00 00 00 01 00 00 00 00 02 00 00 00 00 03 00 00 00 00 04 00 00 00 00 05 00 00 00 00 06 00 00 00 00 07 00 00 00 00 08 00 00 00 00 09 00 00 00 00 0a 00 00 00 00 0b 00 00 00 00 0c 00 00 00 00 0d 00 00 00 00 0e 00 00 00 00 0f 00 00 00 00,00 84 04 10 00 f7 07 00 00 01 0c 08 00 00 02 c9 07 00 00 03 e0 07 00 00 04 f5 07 00 00 05 07 08 00 00 06 e7 07 00 00 07 db 07 00 00 08 fb 07 00 00 09 0d 08 00 00 0a f9 07 00 00 0b aa 07 00 00 0c f5 07 00 00 0d e0 07 00 00 0e bf 07 00 00 0f f3 07 00 00
719000,00 84 04 10 00 00 00 00 00 01 00 00 00 00 02 00 00 00 00 03 00 00 00 00 04 00 00 00 00 05 00 00 00 00 06 00 00 00 00 07 00 00 00 00 08 00 00 00 00 09 00 00 00 00 0a 00 00 00 00 0b 00 00 00 00 0c 00 00 00 00 0d 00 00 00 00 0e 00 00 00 00 0f 00 00 00 00,00 84 04 10 00 f7 07 00 00 01 0c 08 00 00 02 c9 07 00 00 03 e0 07 00 00 04 f5 07 00 00 05 07 08 00 00 06 e7 07 00 00 07 db 07 00 00 08 fb 07 00 00 09 0d 08 00 00 0a f9 07 00 00 0b aa 07 00 00 0c f5 07 00 00 0d e0 07 00 00 0e bf 07 00 00 0f f3 07 00 00
734000,00 84 04 10 00 00 00 00 00 01 00 00 00 00 02 00 00 00 00 03 00 00 00 00 04 00 00 00 00 05 00 00 00 00 06 00 00 00 00 07 00 00 00 00 08 00 00 00 00 09 00 00 00 00 0a 00 00 00 00 0b 00 00 00 00 0c 00 00 00 00 0d 00 00 00 00 0e 00 00 00 00 0f 00 00 00 00,00 84 04 10 00 f7 07 00 00 01 0c 08 00 00 02 c9 07 00 00 03 e0 07 00 00 04 f5 07 00 00 05 07 08 00 00 06 e7 07 00 00 07 db 07 00 00 08 fb 07 00 00 09 0d 08 00 00 0a f9 07 00 00 0b aa 07 00 00 0c f5 07 00 00 0d e0 07 00 00 0e bf 07 00 00 0f f3 07 00 00
750000,00 84 04 10 00 00 00 00 00 01 00 00 00 00 02 00 00 00 00 03 00 00 00 00 04 00 00 00 00 05 00 00 00 00 06 00 00 00 00 07 00 00 00 00 08 00 00 00 00 09 00 00 00 00 0a 00 00 00 00 0b 00 00 00 00 0c 00 00 00 00 0d 00 00 00 00 0e 00 00 00 00 0f 00 00 00 00,00 84 04 10 00 f7 07 00 00 01 0c 08 00 00 02 c9 07 00 00 03 e0 07 00 00 04 f5 07 00 00 05 07 08 00 00 06 e7 07 00 00 07 db 07 00 00 08 fb 07 00 00 09 0d 08 00 00 0a f9 07 00 00 0b aa 07 00 00 0c f5 07 00 00 0d e0 07 00 00 0e bf 07 00 00 0f f3 07 00 00
765000,00 84 04 10 00 00 00 00 00 01 00 00 00 00 02 00 00 00 00 03 00 00 00 00 04 00 00 00 00 05 00 00 00 00 06 00 00 00 00 07 00 00 00 00 08 00 00 00 00 09 00 00 00 00 0a 00 00 00 00 0b 00 00 00 00 0c 00 00 00 00 0d 00 00 00 00 0e 00 00 00 00 0f 00 00 00 00,00 84 04 10 00 f7 07 00 00 01 0c 08 00 00 02 c9 07 00 00 03 e0 07 00 00 04 f5 07 00 00 05 07 08 00 00 06 e7 07 00 00 07 db 07 00 00 08 fb 07 00 00 09 0d 08 00 00 0a f9 07 00 00 0b aa 07 00 00 0c f5 07 00 00 0d e0 07 00 00 0e bf 07 00 00 0f f3 07 00 00
765000,00 84 04 10 00 00 00 00 00 01 00 00 00 00 02 00 00 00 00 03 00 00 00 00 04 00 00 00 00 05 00 00 00 00 06 00 00 00 00 07 00 00 00 00 08 00 00 00 00 09 00 00 00 00 0a 00 00 00 00 0b 00 00 00 00 0c 00 00 00 00 0d 00 00 00 00 0e 00 00 00 00 0f 00 00 00 00,00 84 04 10 00 f7 07 00 00 01 0c 08 00 00 02 c9 07 00 00 03 e0 07 00 00 04 f5 07 00 00 05 07 08 00 00 06 e7 07 00 00 07 db 07 00 00 08 fb 07 00 00 09 0d 08 00 00 0a f9 07 00 00 0b aa 07 00 00 0c f5 07 00 00 0d e0 07 00 00 0e bf 07 00 00 0f f3 07 00 00
781000,00 84 04 10 00 00 00 00 00 01 00 00 00 00 02 00 00 00 00 03 00 00 00 00 04 00 00 00 00 05 00 00 00 00 06 00 00 00 00 07 00 00 00 00 08 00 00 00 00 09 00 00 00 00 0a 00 00 00 00 0b 00 00 00 00 0c 00 00 00 00 0d 00 00 00 00 0e 00 00 00 00 0f 00 00 00 00,00 84 04 10 00 f7 07 00 00 01 0c 08 00 00 02 c9 07 00 00 03 e0 07 00 00 04 f5 07 00 00 05 07 08 00 00 06 e7 07 00 00 07 db 07 00 00 08 fb 07 00 00 09 0d 08 00 00 0a f9 07 00 00 0b aa 07 00 00 0c f5 07 00 00 0d e0 07 00 00 0e bf 07 00 00 0f f3 07 00 00
797000,00 84 04 10 00 00 00 00 00 01 00 00 00 00 02 00 00 00 00 03 00 00 00 00 04 00 00 00 00 05 00 00 00 00 06 00 00 00 00 07 00 00 00 00 08 00 00 00 00 09 00 00 00 00 0a 00 00 00 00 0b 00 00 00 00 0c 00 00 00 00 0d 00 00 00 00 0e 00 00 00 00 0f 00 00 00 00,00 84 04 10 00 f7 07 00 00 01 0c 08 00 00 02 c9 07 00 00 03 e0 07 00 00 04 f5 07 00 00 05 07 08 00 00 06 e7 07 00 00 07 db 07 00 00 08 fb 07 00 00 09 0d 08 00 00 0a f9 07 00 00 0b aa 07 00 00 0c f5 07 00 00 0d e0 07 00 00 0e bf 07 00 00 0f f3 07 00 00
812000,00 84 04 10 00 00 00 00 00 01 00 00 00 00 02 00 00 00 00 03 00 00 00 00 04 00 00 00 00 05 00 00 00 00 06 00 00 00 00 07 00 00 00 00 08 00 00 00 00 09 00 00 00 00 0a 00 00 00 00 0b 00 00 00 00 0c 00 00 00 00 0d 00 00 00 00 0e 00 00 00 00 0f 00 00 00 00,00 84 04 10 00 f7 07 00 00 01 0c 08 00 00 02 c9 07 00 00 03 e0 07 00 00 04 f5 07 00 00 05 07 08 00 00 06 e7 07 00 00 07 db 07 00 00 08 fb 07 00 00 09 0d 08 00 00 0a f9 07 00 00 0b aa 07 00 00 0c f5 07 00 00 0d e0 07 00 00 0e bf 07 00 00 0f f3 07 00 00
812000,00 84 04 10 00 00 00 00 00 01 00 00 00 00 02 00 00 00 00 03 00 00 00 00 04 00 00 00 00 05 00 00 00 00 06 00 00 00 00 07 00 00 00 00 08 00 00 00 00 09 00 00 00 00 0a 00 00 00 00 0b 00 00 00 00 0c 00 00 00 00 0d 00 00 00 00 0e 00 00 00 00 0f 00 00 00 00,00 84 04 10 00 f7 07 00 00 01 0c 08 00 00 02 c9 07 00 00 03 e0 07 00 00 04 f5 07 00 00 05 07 08 00 00 06 e7 07 00 00 07 db 07 00 00 08 fb 07 00 00 09 0d 08 00 00 0a f9 07 00 00 0b aa 07 00 00 0c f5 07 00 00 0d e0 07 00 00 0e bf 07 00 00 0f f3 07 00 00
828000,00 84 04 10 00 00 00 00 00 01 00 00 00 00 02 00 00 00 00 03 00 00 00 00 04 00 00 00 00 05 00 00 00 00 06 00 00 00 00 07 00 00 00 00 08 00 00 00 00 09 00 00 00 00 0a 00 00 00 00 0b 00 00 00 00 0c 00 00 00 00 0d 00 00 00 00 0e 00 00 00 00 0f 00 00 00 00,00 84 04 10 00 f7 07 00 00 01 0c 08 00 00 02 c9 07 00 00 03 e0 07 00 00 04 f5 07 00 00 05 07 08 00 00 06 e6 07 00 00 07 db 07 00 00 08 fb 07 00 00 09 0d 08 00 00 0a f9 07 00 00 0b aa 07 00 00 0c f5 07 00 00 0d e0 07 00 00 0e bf 07 00 00 0f f3 07 00 00
844000,00 84 04 10 00 00 00 00 00 01 00 00 00 00 02 00 00 00 00 03 00 00 00 00 04 00 00 00 00 05 00 00 00 00 06 00 00 00 00 07 00 00 00 00 08 00 00 00 00 09 00 00 00 00 0a 00 00 00 00 0b 00 00 00 00 0c 00 00 00 00 0d 00 00 00 00 0e 00 00 00 00 0f 00 00 00 00,00 84 04 10 00 f7 07 00 00 01 0c 08 00 00 02 c9 07 00 00 03 e0 07 00 00 04 f5 07 00 00 05 07 08 00 00 06 e7 07 00 00 07 db 07 00 00 08 fb 07 00 00 09 0d 08 00 00 0a f9 07 00 00 0b aa 07 00 00 0c f5 07 00 00 0d e0 07 00 00 0e bf 07 00 00 0f f3 07 00 00
844000,00 84 04 10 00 00 00 00 00 01 00 00 00 00 02 00 00 00 00 03 00 00 00 00 04 00 00 00 00 05 00 00 00 00 06 00 00 00 00 07 00 00 00 00 08 00 00 00 00 09 00 00 00 00 0a 00 00 00 00 0b 00 00 00 00 0c 00 00 00 00 0d 00 00 00 00 0e 00 00 00 00 0f 00 00 00 00,00 84 04 10 00 f7 07 00 00 01 0c 08 00 00 02 c9 07 00 00 03 e0 07 00 00 04 f5 07 00 00 05 07 08 00 00 06 e7 07 00 00 07 db 07 00 00 08 fb 07 00 00 09 0d 08 00 00 0a f9 07 00 00 0b aa 07 00 00 0c f4 07 00 00 0d e0 07 00 00 0e bf 07 00 00 0f f3 07 00 00
859000,00 84 04 10 00 00 00 00 00 01 00 00 00 00 02 00 00 00 00 03 00 00 00 00 04 00 00 00 00 05 00 00 00 00 06 00 00 00 00 07 00 00 00 00 08 00 00 00 00 09 00 00 00 00 0a 00 00 00 00 0b 00 00 00 00 0c 00 00 00 00 0d 00 00 00 00 0e 00 00 00 00 0f 00 00 00 00,00 84 04 10 00 f7 07 00 00 01 0c 08 00 00 02 c9 07 00 00 03 e0 07 00 00 04 f5 07 00 00 05 07 08 00 00 06 e7 07 00 00 07 db 07 00 00 08 fb 07 00 00 09 0d 08 00 00 0a f9 07 00 00 0b aa 07 00 00 0c f5 07 00 00 0d e0 07 00 00 0e bf 07 00 00 0f f3 07 00 00
875000,00 84 04 10 00 00 00 00 00 01 00 00 00 00 02 00 00 00 00 03 00 00 00 00 04 00 00 00 00 05 00 00 00 00 06 00 00 00 00 07 00 00 00 00 08 00 00 00 00 09 00 00 00 00 0a 00 00 00 00 0b 00 00 00 00 0c 00 00 00 00 0d 00 00 00 00 0e 00 00 00 00 0f 00 00 00 00,00 84 04 10 00 f7 07 00 00 01 0c 08 00 00 02 c9 07 00 00 03 e0 07 00 00 04 f5 07 00 00 05 07 08 00 00 06 e7 07 00 00 07 db 07 00 00 08 fb 07 00 00 09 0d 08 00 00 0a f9 07 00 00 0b aa 07 00 00 0c f5 07 00 00 0d e0 07 00 00 0e bf 07 00 00 0f f3 07 00 00
890000,00 84 04 10 00 00 00 00 00 01 00 00 00 00 02 00 00 00 00 03 00 00 00 00 04 00 00 00 00 05 00 00 00 00 06 00 00 00 00 07 00 00 00 00 08 00 00 00 00 09 00 00 00 00 0a 00 00 00 00 0b 00 00 00 00 0c 00 00 00 00 0d 00 00 00 00 0e 00 00 00 00 0f 00 00 00 00,00 84 04 10 00 f7 07 00 00 01 0c 08 00 00 02 c9 07 00 00 03 e0 07 00 00 04 f5 07 00 00 05 07 08 00 00 06 e7 07 00 00 07 db 07 00 00 08 fb 07 00 00 09 0d 08 00 00 0a f9 07 00 00 0b aa 07 00 00 0c f5 07 00 00 0d e0 07 00 00 0e bf 07 00 00 0f f3 07 00 00
890000,00 84 04 10 00 00 00 00 00 01 00 00 00 00 02 00 00 00 00 03 00 00 00 00 04 00 00 00 00 05 00 00 00 00 06 00 00 00 00 07 00 00 00 00 08 00 00 00 00 09 00 00 00 00 0a 00 00 00 00 0b 00 00 00 00 0c 00 00 00 00 0d 00 00 00 00 0e 00 00 00 00 0f 00 00 00 00,00 84 04 10 00 f7 07 00 00 01 0c 08 00 00 02 c9 07 00 00 03 e0 07 00 00 04 f5 07 00 00 05 07 08 00 00 06 e7 07 00 00 07 db 07 00 00 08 fb 07 00 00 09 0d 08 00 00 0a f9 07 00 00 0b aa 07 00 00 0c f5 07 00 00 0d e0 07 00 00 0e bf 07 00 00 0f f3 07 00 00
906000,00 84 04 10 00 00 00 00 00 01 00 00 00 00 02 00 00 00 00 03 00 00 00 00 04 00 00 00 00 05 00 00 00 00 06 00 00 00 00 07 00 00 00 00 08 00 00 00 00 09 00 00 00 00 0a 00 00 00 00 0b 00 00 00 00 0c 00 00 00 00 0d 00 00 00 00 0e 00 00 00 00 0f 00 00 00 00,00 84 04 10 00 f7 07 00 00 01 0c 08 00 00 02 c9 07 00 00 03 e0 07 00 00 04 f5 07 00 00 05 07 08 00 00 06 e7 07 00 00 07 db 07 00 00 08 fb 07 00 00 09 0d 08 00 00 0a f9 07 00 00 0b aa 07 00 00 0c f5 07 00 00 0d e0 07 00 00 0e bf 07 00 00 0f f3 07 00 00
922000,00 84 04 10 00 00 00 00 00 01 00 00 00 00 02 00 00 00 00 03 00 00 00 00 04 00 00 00 00 05 00 00 00 00 06 00 00 00 00 07 00 00 00 00 08 00 00 00 00 09 00 00 00 00 0a 00 00 00 00 0b 00 00 00 00 0c 00 00 00 00 0d 00 00 00 00 0e 00 00 00 00 0f 00 00 00 00,00 84 04 10 00 f7 07 00 00 01 0c 08 00 00 02 c9 07 00 00 03 e0 07 00 00 04 f5 07 00 00 05 07 08 00 00 06 e7 07 00 00 07 db 07 00 00 08 fb 07 00 00 09 0d 08 00 00 0a f9 07 00 00 0b aa 07 00 00 0c f5 07 00 00 0d e0 07 00 00 0e bf 07 00 00 0f f3 07 00 00
937000,00 84 04 10 00 00 00 00 00 01 00 00 00 00 02 00 00 00 00 03 00 00 00 00 04 00 00 00 00 05 00 00 00 00 06 00 00 00 00 07 00 00 00 00 08 00 00 00 00 09 00 00 00 00 0a 00 00 00 00 0b 00 00 00 00 0c 00 00 00 00 0d 00 00 00 00 0e 00 00 00 00 0f 00 00 00 00,00 84 04 10 00 f7 07 00 00 01 0c 08 00 00 02 c9 07 00 00 03 e0 07 00 00 04 f5 07 00 00 05 07 08 00 00 06 e7 07 00 00 07 db 07 00 00 08 fb 07 00 00 09 0d 08 00 00 0a f9 07 00 00 0b aa 07 00 00 0c f5 07 00 00 0d e0 07 00 00 0e bf 07 00 00 0f f3 07 00 00
937000,00 84 04 10 00 00 00 00 00 01 00 00 00 00 02 00 00 00 00 03 00 00 00 00 04 00 00 00 00 05 00 00 00 00 06 00 00 00 00 07 00 00 00 00 08 00 00 00 00 09 00 00 00 00 0a 00 00 00 00 0b 00 00 00 00 0c 00 00 00 00 0d 00 00 00 00 0e 00 00 00 00 0f 00 00 00 00,00 84 04 10 00 f7 07 00 00 01 0c 08 00 00 02 c9 07 00 00 03 e0 07 00 00 04 f5 07 00 00 05 07 08 00 00 06 e7 07 00 00 07 db 07 00 00 08 fb 07 00 00 09 0d 08 00 00 0a f9 07 00 00 0b aa 07 00 00 0c f5 07 00 00 0d e0 07 00 00 0e bf 07 00 00 0f f3 07 00 00
953000,00 84 04 10 00 00 00 00 00 01 00 00 00 00 02 00 00 00 00 03 00 00 00 00 04 00 00 00 00 05 00 00 00 00 06 00 00 00 00 07 00 00 00 00 08 00 00 00 00 09 00 00 00 00 0a 00 00 00 00 0b 00 00 00 00 0c 00 00 00 00 0d 00 00 00 00 0e 00 00 00 00 0f 00 00 00 00,00 84 04 10 00 f7 07 00 00 01 0c 08 00 00 02 c9 07 00 00 03 e0 07 00 00 04 f5 07 00 00 05 07 08 00 00 06 e7 07 00 00 07 db 07 00 00 08 fb 07 00 00 09 0d 08 00 00 0a f9 07 00 00 0b aa 07 00 00 0c f5 07 00 00 0d e0 07 00 00 0e bf 07 00 00 0f f3 07 00 00
969000,00 84 04 10 00 00 00 00 00 01 00 00 00 00 02 00 00 00 00 03 00 00 00 00 04 00 00 00 00 05 00 00 00 00 06 00 00 00 00 07 00 00 00 00 08 00 00 00 00 09 00 00 00 00 0a 00 00 00 00 0b 00 00 00 00 0c 00 00 00 00 0d 00 00 00 00 0e 00 00 00 00 0f 00 00 00 00,00 84 04 10 00 f7 07 00 00 01 0c 08 00 00 02 c9 07 00 00 03 e0 07 00 00 04 f5 07 00 00 05 07 08 00 00 06 e7 07 00 00 07 db 07 00 00 08 fb 07 00 00 09 0d 08 00 00 0a f9 07 00 00 0b aa 07 00 00 0c f5 07 00 00 0d e0 07 00 00 0e bf 07 00 00 0f f3 07 00 00
969000,00 84 04 10 00 00 00 00 00 01 00 00 00 00 02 00 00 00 00 03 00 00 00 00 04 00 00 00 00 05 00 00 00 00 06 00 00 00 00 07 00 00 00 00 08 00 00 00 00 09 00 00 00 00 0a 00 00 00 00 0b 00 00 00 00 0c 00 00 00 00 0d 00 00 00 00 0e 00 00 00 00 0f 00 00 00 00,00 84 04 10 00 f7 07 00 00 01 0c 08 00 00 02 c9 07 00 00 03 e0 07 00 00 04 f5 07 00 00 05 07 08 00 00 06 e7 07 00 00 07 db 07 00 00 08 fb 07 00 00 09 0d 08 00 00 0a f9 07 00 00 0b aa 07 00 00 0c f5 07 00 00 0d e0 07 00 00 0e bf 07 00 00 0f f3 07 00 00
984000,00 84 04 10 00 00 00 00 00 01 00 00 00 00 02 00 00 00 00 03 00 00 00 00 04 00 00 00 00 05 00 00 00 00 06 00 00 00 00 07 00 00 00 00 08 00 00 00 00 09 00 00 00 00 0a 00 00 00 00 0b 00 00 00 00 0c 00 00 00 00 0d 00 00 00 00 0e 00 00 00 00 0f 00 00 00 00,00 84 04 10 00 f7 07 00 00 01 0c 08 00 00 02 c9 07 00 00 03 e0 07 00 00 04 f5 07 00 00 05 07 08 00 00 06 e7 07 00 00 07 db 07 00 00 08 fb 07 00 00 09 0d 08 00 00 0a f9 07 00 00 0b aa 07 00 00 0c f5 07 00 00 0d e0 07 00 00 0e bf 07 00 00 0f f3 07 00 00
984000,00 84 04 10 00 00 00 00 00 01 00 00 00 00 02 00 00 00 00 03 00 00 00 00 04 00 00 00 00 05 00 00 00 00 06 00 00 00 00 07 00 00 00 00 08 00 00 00 00 09 00 00 00 00 0a 00 00 00 00 0b 00 00 00 00 0c 00 00 00 00 0d 00 00 00 00 0e 00 00 00 00 0f 00 00 00 00,00 84 04 10 00 f7 07 00 00 01 0c 08 00 00 02 c9 07 00 00 03 e0 07 00 00 04 f5 07 00 00 05 07 08 00 00 06 e7 07 00 00 07 db 07 00 00 08 fb 07 00 00 09 0d 08 00 00 0a f9 07 00 00 0b aa 07 00 00 0c f5 07 00 00 0d e0 07 00 00 0e bf 07 00 00 0f f3 07 00 00
1000000,00 84 04 10 00 00 00 00 00 01 00 00 00 00 02 00 00 00 00 03 00 00 00 00 04 00 00 00 00 05 00 00 00 00 06 00 00 00 00 07 00 00 00 00 08 00 00 00 00 09 00 00 00 00 0a 00 00 00 00 0b 00 00 00 00 0c 00 00 00 00 0d 00 00 00 00 0e 00 00 00 00 0f 00 00 00 00,00 84 04 10 00 f7 07 00 00 01 0c 08 00 00 02 c9 07 00 00 03 e0 07 00 00 04 f5 07 00 00 05 07 08 00 00 06 e7 07 00 00 07 db 07 00 00 08 fb 07 00 00 09 0d 08 00 00 0a f9 07 00 00 0b aa 07 00 00 0c f5 07 00 00 0d e0 07 00 00 0e bf 07 00 00 0f f3 07 00 00
1015000,00 84 04 10 00 00 00 00 00 01 00 00 00 00 02 00 00 00 00 03 00 00 00 00 04 00 00 00 00 05 00 00 00 00 06 00 00 00 00 07 00 00 00 00 08 00 00 00 00 09 00 00 00 00 0a 00 00 00 00 0b 00 00 00 00 0c 00 00 00 00 0d 00 00 00 00 0e 00 00 00 00 0f 00 00 00 00,00 84 04 10 00 f7 07 00 00 01 0c 08 00 00 02 c9 07 00 00 03 e0 07 00 00 04 f5 07 00 00 05 07 08 00 00 06 e7 07 00 00 07 db 07 00 00 08 fb 07 00 00 09 0d 08 00 00 0a f9 07 00 00 0b aa 07 00 00 0c f5 07 00 00 0d e0 07 00 00 0e bf 07 00 00 0f f3 07 00 00
1015000,00 84 04 10 00 00 00 00 00 01 00 00 00 00 02 00 00 00 00 03 00 00 00 00 04 00 00 00 00 05 00 00 00 00 06 00 00 00 00 07 00 00 00 00 08 00 00 00 00 09 00 00 00 00 0a 00 00 00 00 0b 00 00 00 00 0c 00 00 00 00 0d 00 00 00 00 0e 00 00 00 00 0f 00 00 00 00,00 84 04 10 00 f7 07 00 00 01 0c 08 00 00 02 c9 07 00 00 03 e0 07 00 00 04 f5 07 00 00 05 07 08 00 00 06 e7 07 00 00 07 db 07 00 00 08 fb 07 00 00 09 0d 08 00 00 0a f9 07 00 00 0b aa 07 00 00 0c f5 07 00 00 0d e0 07 00 00 0e bf 07 00 00 0f f3 07 00 00
1031000,00 84 04 10 00 00 00 00 00 01 00 00 00 00 02 00 00 00 00 03 00 00 00 00 04 00 00 00 00 05 00 00 00 00 06 00 00 00 00 07 00 00 00 00 08 00 00 00 00 09 00 00 00 00 0a 00 00 00 00 0b 00 00 00 00 0c 00 00 00 00 0d 00 00 00 00 0e 00 00 00 00 0f 00 00 00 00,00 84 04 10 00 f7 07 00 00 01 0c 08 00 00 02 c9 07 00 00 03 e0 07 00 00 04 f5 07 00 00 05 07 08 00 00 06 e7 07 00 00 07 db 07 00 00 08 fb 07 00 00 09 0d 08 00 00 0a f9 07 00 00 0b aa 07 00 00 0c f5 07 00 00 0d e0 07 00 00 0e bf 07 00 00 0f f3 07 00 00
1047000,00 84 04 10 00 00 00 00 00 01 00 00 00 00 02 00 00 00 00 03 00 00 00 00 04 00 00 00 00 05 00 00 00 00 06 00 00 00 00 07 00 00 00 00 08 00 00 00 00 09 00 00 00 00 0a 00 00 00 00 0b 00 00 00 00 0c 00 00 00 00 0d 00 00 00 00 0e 00 00 00 00 0f 00 00 00 00,00 84 04 10 00 f7 07 00 00 01 0c 08 00 00 02 c9 07 00 00 03 e0 07 00 00 04 f5 07 00 00 05 07 08 00 00 06 e7 07 00 00 07 db 07 00 00 08 fb 07 00 00 09 0d 08 00 00 0a f9 07 00 00 0b aa 07 00 00 0c f4 07 00 00 0d e0 07 00 00 0e bf 07 00 00 0f f3 07 00 00
1047000,00 84 04 10 00 00 00 00 00 01 00 00 00 00 02 00 00 00 00 03 00 00 00 00 04 00 00 00 00 05 00 00 00 00 06 00 00 00 00 07 00 00 00 00 08 00 00 00 00 09 00 00 00 00 0a 00 00 00 00 0b 00 00 00 00 0c 00 00 00 00 0d 00 00 00 00 0e 00 00 00 00 0f 00 00 00 00,00 84 04 10 00 f7 07 00 00 01 0c 08 00 00 02 c9 07 00 00 03 e0 07 00 00 04 f5 07 00 00 05 07 08 00 00 06 e7 07 00 00 07 db 07 00 00 08 fb 07 00 00 09 0d 08 00 00 0a f9 07 00 00 0b aa 07 00 00 0c f5 07 00 00 0d e0 07 00 00 0e bf 07 00 00 0f f3 07 00 00
1062000,00 84 04 10 00 00 00 00 00 01 00 00 00 00 02 00 00 00 00 03 00 00 00 00 04 00 00 00 00 05 00 00 00 00 06 00 00 00 00 07 00 00 00 00 08 00 00 00 00 09 00 00 00 00 0a 00 00 00 00 0b 00 00 00 00 0c 00 00 00 00 0d 00 00 00 00 0e 00 00 00 00 0f 00 00 00 00,00 84 04 10 00 f7 07 00 00 01 0c 08 00 00 02 c9 07 00 00 03 e0 07 00 00 04 f5 07 00 00 05 07 08 00 00 06 e7 07 00 00 07 db 07 00 00 08 fb 07 00 00 09 0d 08 00 00 0a f9 07 00 00 0b aa 07 00 00 0c f5 07 00 00 0d e0 07 00 00 0e bf 07 00 00 0f f3 07 00 00
1062000,00 84 04 10 00 00 00 00 00 01 00 00 00 00 02 00 00 00 00 03 00 00 00 00 04 00 00 00 00 05 00 00 00 00 06 00 00 00 00 07 00 00 00 00 08 00 00 00 00 09 00 00 00 00 0a 00 00 00 00 0b 00 00 00 00 0c 00 00 00 00 0d 00 00 00 00 0e 00 00 00 00 0f 00 00 00 00,00 84 04 10 00 f7 07 00 00 01 0c 08 00 00 02 c9 07 00 00 03 e0 07 00 00 04 f5 07 00 00 05 07 08 00 00 06 e7 07 00 00 07 db 07 00 00 08 fb 07 00 00 09 0d 08 00 00 0a f9 07 00 00 0b aa 07 00 00 0c f4 07 00 00 0d e0 07 00 00 0e bf 07 00 00 0f f3 07 00 00
1078000,00 84 04 10 00 00 00 00 00 01 00 00 00 00 02 00 00 00 00 03 00 00 00 00 04 00 00 00 00 05 00 00 00 00 06 00 00 00 00 07 00 00 00 00 08 00 00 00 00 09 00 00 00 00 0a 00 00 00 00 0b 00 00 00 00 0c 00 00 00 00 0d 00 00 00 00 0e 00 00 00 00 0f 00 00 00 00,00 84 04 10 00 f7 07 00 00 01 0c 08 00 00 02 c9 07 00 00 03 e0 07 00 00 04 f5 07 00 00 05 07 08 00 00 06 e7 07 00 00 07 db 07 00 00 08 fb 07 00 00 09 0d 08 00 00 0a f9 07 00 00 0b aa 07 00 00 0c f5 07 00 00 0d e0 07 00 00 0e bf 07 00 00 0f f3 07 00 00
1094000,00 84 04 10 00 00 00 00 00 01 00 00 00 00 02 00 00 00 00 03 00 00 00 00 04 00 00 00 00 05 00 00 00 00 06 00 00 00 00 07 00 00 00 00 08 00 00 00 00 09 00 00 00 00 0a 00 00 00 00 0b 00 00 00 00 0c 00 00 00 00 0d 00 00 00 00 0e 00 00 00 00 0f 00 00 00 00,00 84 04 10 00 f7 07 00 00 01 0c 08 00 00 02 c9 07 00 00 03 e0 07 00 00 04 f5 07 00 00 05 07 08 00 00 06 e6 07 00 00 07 db 07 00 00 08 fb 07 00 00 09 0d 08 00 00 0a f9 07 00 00 0b aa 07 00 00 0c f5 07 00 00 0d e0 07 00 00 0e bf 07 00 00 0f f3 07 00 00
1094000,00 84 04 10 00 00 00 00 00 01 00 00 00 00 02 00 00 00 00 03 00 00 00 00 04 00 00 00 00 05 00 00 00 00 06 00 00 00 00 07 00 00 00 00 08 00 00 00 00 09 00 00 00 00 0a 00 00 00 00 0b 00 00 00 00 0c 00 00 00 00 0d 00 00 00 00 0e 00 00 00 00 0f 00 00 00 00,00 84 04 10 00 f7 07 00 00 01 0c 08 00 00 02 c9 07 00 00 03 e0 07 00 00 04 f5 07 00 00 05 07 08 00 00 06 e7 07 00 00 07 db 07 00 00 08 fb 07 00 00 09 0d 08 00 00 0a f9 07 00 00 0b aa 07 00 00 0c f5 07 00 00 0d e0 07 00 00 0e bf 07 00 00 0f f3 07 00 00
1109000,00 84 04 10 00 00 00 00 00 01 00 00 00 00 02 00 00 00 00 03 00 00 00 00 04 00 00 00 00 05 00 00 00 00 06 00 00 00 00 07 00 00 00 00 08 00 00 00 00 09 00 00 00 00 0a 00 00 00 00 0b 00 00 00 00 0c 00 00 00 00 0d 00 00 00 00 0e 00 00 00 00 0f 00 00 00 00,00 84 04 10 00 f7 07 00 00 01 0c 08 00 00 02 c9 07 00 00 03 e0 07 00 00 04 f5 07 00 00 05 07 08 00 00 06 e7 07 00 00 07 db 07 00 00 08 fb 07 00 00 09 0d 08 00 00 0a f9 07 00 00 0b aa 07 00 00 0c f5 07 00 00 0d e0 07 00 00 0e bf 07 00 00 0f f3 07 00 00
1125000,00 84 04 10 00 00 00 00 00 01 00 00 00 00 02 00 00 00 00 03 00 00 00 00 04 00 00 00 00 05 00 00 00 00 06 00 00 00 00 07 00 00 00 00 08 00 00 00 00 09 00 00 00 00 0a 00 00 00 00 0b 00 00 00 00 0c 00 00 00 00 0d 00 00 00 00 0e 00 00 00 00 0f 00 00 00 00,00 84 04 10 00 f7 07 00 00 01 0c 08 00 00 02 c9 07 00 00 03 e0 07 00 00 04 f5 07 00 00 05 07 08 00 00 06 e7 07 00 00 07 db 07 00 00 08 fb 07 00 00 09 0d 08 00 00 0a f9 07 00 00 0b aa 07 00 00 0c f5 07 00 00 0d e0 07 00 00 0e bf 07 00 00 0f f3 07 00 00
1125000,00 84 04 10 00 00 00 00 00 01 00 00 00 00 02 00 00 00 00 03 00 00 00 00 04 00 00 00 00 05 00 00 00 00 06 00 00 00 00 07 00 00 00 00 08 00 00 00 00 09 00 00 00 00 0a 00 00 00 00 0b 00 00 00 00 0c 00 00 00 00 0d 00 00 00 00 0e 00 00 00 00 0f 00 00 00 00,00 84 04 10 00 f7 07 00 00 01 0c 08 00 00 02 c9 07 00 00 03 e0 07 00 00 04 f5 07 00 00 05 07 08 00 00 06 e7 07 00 00 07 db 07 00 00 08 fb 07 00 00 09 0d 08 00 00 0a f9 07 00 00 0b aa 07 00 00 0c f5 07 00 00 0d e0 07 00 00 0e bf 07 00 00 0f f3 07 00 00
1140000,00 84 04 10 00 00 00 00 00 01 00 00 00 00 02 00 00 00 00 03 00 00 00 00 04 00 00 00 00 05 00 00 00 00 06 00 00 00 00 07 00 00 00 00 08 00 00 00 00 09 00 00 00 00 0a 00 00 00 00 0b 00 00 00 00 0c 00 00 00 00 0d 00 00 00 00 0e 00 00 00 00 0f 00 00 00 00,00 84 04 10 00 f7 07 00 00 01 0c 08 00 00 02 c9 07 00 00 03 e0 07 00 00 04 f5 07 00 00 05 07 08 00 00 06 e7 07 00 00 07 db 07 00 00 08 fb 07 00 00 09 0d 08 00 00 0a f9 07 00 00 0b aa 07 00 00 0c f5 07 00 00 0d e0 07 00 00 0e bf 07 00 00 0f f3 07 00 00
1140000,00 84 04 10 00 00 00 00 00 01 00 00 00 00 02 00 00 00 00 03 00 00 00 00 04 00 00 00 00 05 00 00 00 00 06 00 00 00 00 07 00 00 00 00 08 00 00 00 00 09 00 00 00 00 0a 00 00 00 00 0b 00 00 00 00 0c 00 00 00 00 0d 00 00 00 00 0e 00 00 00 00 0f 00 00 00 00,00 84 04 10 00 f7 07 00 00 01 0c 08 00 00 02 c9 07 00 00 03 e0 07 00 00 04 f5 07 00 00 05 07 08 00 00 06 e7 07 00 00 07 db 07 00 00 08 fb 07 00 00 09 0d 08 00 00 0a f9 07 00 00 0b aa 07 00 00 0c f5 07 00 00 0d e0 07 00 00 0e bf 07 00 00 0f f3 07 00 00
1156000,00 84 04 10 00 00 00 00 00 01 00 00 00 00 02 00 00 00 00 03 00 00 00 00 04 00 00 00 00 05 00 00 00 00 06 00 00 00 00 07 00 00 00 00 08 00 00 00 00 09 00 00 00 00 0a 00 00 00 00 0b 00 00 00 00 0c 00 00 00 00 0d 00 00 00 00 0e 00 00 00 00 0f 00 00 00 00,00 84 04 10 00 f7 07 00 00 01 0c 08 00 00 02 c9 07 00 00 03 e0 07 00 00 04 f5 07 00 00 05 07 08 00 00 06 e7 07 00 00 07 db 07 00 00 08 fb 07 00 00 09 0d 08 00 00 0a f9 07 00 00 0b aa 07 00 00 0c f5 07 00 00 0d e0 07 00 00 0e bf 07 00 00 0f f3 07 00 00
1172000,00 84 04 10 00 00 00 00 00 01 00 00 00 00 02 00 00 00 00 03 00 00 00 00 04 00 00 00 00 05 00 00 00 00 06 00 00 00 00 07 00 00 00 00 08 00 00 00 00 09 00 00 00 00 0a 00 00 00 00 0b 00 00 00 00 0c 00 00 00 00 0d 00 00 00 00 0e 00 00 00 00 0f 00 00 00 00,00 84 04 10 00 f7 07 00 00 01 0c 08 00 00 02 c9 07 00 00 03 e0 07 00 00 04 f5 07 00 00 05 07 08 00 00 06 e7 07 00 00 07 db 07 00 00 08 fb 07 00 00 09 0d 08 00 00 0a f9 07 00 00 0b aa 07 00 00 0c f5 07 00 00 0d e0 07 00 00 0e bf 07 00 00 0f f3 07 00 00
1172000,00 84 04 10 00 00 00 00 00 01 00 00 00 00 02 00 00 00 00 03 00 00 00 00 04 00 00 00 00 05 00 00 00 00 06 00 00 00 00 07 00 00 00 00 08 00 00 00 00 09 00 00 00 00 0a 00 00 00 00 0b 00 00 00 00 0c 00 00 00 00 0d 00 00 00 00 0e 00 00 00 00 0f 00 00 00 00,00 84 04 10 00 f7 07 00 00 01 0c 08 00 00 02 c9 07 00 00 03 e0 07 00 00 04 f5 07 00 00 05 07 08 00 00 06 e7 07 00 00 07 db 07 00 00 08 fb 07 00 00 09 0d 08 00 00 0a f9 07 00 00 0b aa 07 00 00 0c f5 07 00 00 0d e0 07 00 00 0e bf 07 00 00 0f f3 07 00 00
1187000,00 84 04 10 00 00 00 00 00 01 00 00 00 00 02 00 00 00 00 03 00 00 00 00 04 00 00 00 00 05 00 00 00 00 06 00 00 00 00 07 00 00 00 00 08 00 00 00 00 09 00 00 00 00 0a 00 00 00 00 0b 00 00 00 00 0c 00 00 00 00 0d 00 00 00 00 0e 00 00 00 00 0f 00 00 00 00,00 84 04 10 00 f7 07 00 00 01 0c 08 00 00 02 c9 07 00 00 03 e0 07 00 00 04 f5 07 00 00 05 07 08 00 00 06 e7 07 00 00 07 db 07 00 00 08 fb 07 00 00 09 0d 08 00 00 0a f9 07 00 00 0b aa 07 00 00 0c f5 07 00 00 0d e0 07 00 00 0e bf 07 00 00 0f f3 07 00 00
1203000,00 84 04 10 00 00 00 00 00 01 00 00 00 00 02 00 00 00 00 03 00 00 00 00 04 00 00 00 00 05 00 00 00 00 06 00 00 00 00 07 00 00 00 00 08 00 00 00 00 09 00 00 00 00 0a 00 00 00 00 0b 00 00 00 00 0c 00 00 00 00 0d 00 00 00 00 0e 00 00 00 00 0f 00 00 00 00,00 84 04 10 00 f7 07 00 00 01 0c 08 00 00 02 c9 07 00 00 03 e0 07 00 00 04 f5 07 00 00 05 07 08 00 00 06 e7 07 00 00 07 db 07 00 00 08 fb 07 00 00 09 0d 08 00 00 0a f9 07 00 00 0b aa 07 00 00 0c f5 07 00 00 0d e0 07 00 00 0e bf 07 00 00 0f f3 07 00 00
1203000,00 84 04 10 00 00 00 00 00 01 00 00 00 00 02 00 00 00 00 03 00 00 00 00 04 00 00 00 00 05 00 00 00 00 06 00 00 00 00 07 00 00 00 00 08 00 00 00 00 09 00 00 00 00 0a 00 00 00 00 0b 00 00 00 00 0c 00 00 00 00 0d 00 00 00 00 0e 00 00 00 00 0f 00 00 00 00,00 84 04 10 00 f7 07 00 00 01 0c 08 00 00 02 c9 07 00 00 03 e0 07 00 00 04 f5 07 00 00 05 07 08 00 00 06 e7 07 00 00 07 db 07 00 00 08 fb 07 00 00 09 0d 08 00 00 0a f9 07 00 00 0b aa 07 00 00 0c f5 07 00 00 0d e0 07 00 00 0e bf 07 00 00 0f f3 07 00 00
1219000,00 84 04 10 00 00 00 00 00 01 00 00 00 00 02 00 00 00 00 03 00 00 00 00 04 00 00 00 00 05 00 00 00 00 06 00 00 00 00 07 00 00 00 00 08 00 00 00 00 09 00 00 00 00 0a 00 00 00 00 0b 00 00 00 00 0c 00 00 00 00 0d 00 00 00 00 0e 00 00 00 00 0f 00 00 00 00,00 84 04 10 00 f7 07 00 00 01 0c 08 00 00 02 c9 07 00 00 03 e0 07 00 00 04 f5 07 00 00 05 07 08 00 00 06 e7 07 00 00 07 db 07 00 00 08 fb 07 00 00 09 0d 08 00 00 0a f9 07 00 00 0b aa 07 00 00 0c f5 07 00 00 0d e0 07 00 00 0e bf 07 00 00 0f f3 07 00 00
1234000,00 84 04 10 00 00 00 00 00 01 00 00 00 00 02 00 00 00 00 03 00 00 00 00 04 00 00 00 00 05 00 00 00 00 06 00 00 00 00 07 00 00 00 00 08 00 00 00 00 09 00 00 00 00 0a 00 00 00 00 0b 00 00 00 00 0c 00 00 00 00 0d 00 00 00 00 0e 00 00 00 00 0f 00 00 00 00,00 84 04 10 00 f7 07 00 00 01 0c 08 00 00 02 c9 07 00 00 03 e0 07 00 00 04 f5 07 00 00 05 07 08 00 00 06 e7 07 00 00 07 db 07 00 00 08 fb 07 00 00 09 0d 08 00 00 0a f9 07 00 00 0b aa 07 00 00 0c f5 07 00 00 0d e0 07 00 00 0e bf 07 00 00 0f f3 07 00 00
1234000,00 84 04 10 00 00 00 00 00 01 00 00 00 00 02 00 00 00 00 03 00 00 00 00 04 00 00 00 00 05 00 00 00 00 06 00 00 00 00 07 00 00 00 00 08 00 00 00 00 09 00 00 00 00 0a 00 00 00 00 0b 00 00 00 00 0c 00 00 00 00 0d 00 00 00 00 0e 00 00 00 00 0f 00 00 00 00,00 84 04 10 00 f7 07 00 00 01 0c 08 00 00 02 c9 07 00 00 03 e0 07 00 00 04 f5 07 00 00 05 07 08 00 00 06 e7 07 00 00 07 db 07 00 00 08 fb 07 00 00 09 0d 08 00 00 0a f9 07 00 00 0b aa 07 00 00 0c f5 07 00 00 0d e0 07 00 00 0e bf 07 00 00 0f f3 07 00 00
1250000,00 84 04 10 00 00 00 00 00 01 00 00 00 00 02 00 00 00 00 03 00 00 00 00 04 00 00 00 00 05 00 00 00 00 06 00 00 00 00 07 00 00 00 00 08 00 00 00 00 09 00 00 00 00 0a 00 00 00 00 0b 00 00 00 00 0c 00 00 00 00 0d 00 00 00 00 0e 00 00 00 00 0f 00 00 00 00,00 84 04 10 00 f7 07 00 00 01 0c 08 00 00 02 c9 07 00 00 03 e0 07 00 00 04 f5 07 00 00 05 07 08 00 00 06 e7 07 00 00 07 db 07 00 00 08 fb 07 00 00 09 0d 08 00 00 0a f9 07 00 00 0b aa 07 00 00 0c f5 07 00 00 0d e0 07 00 00 0e bf 07 00 00 0f f3 07 00 00
1265000,00 84 04 10 00 00 00 00 00 01 00 00 00 00 02 00 00 00 00 03 00 00 00 00 04 00 00 00 00 05 00 00 00 00 06 00 00 00 00 07 00 00 00 00 08 00 00 00 00 09 00 00 00 00 0a 00 00 00 00 0b 00 00 00 00 0c 00 00 00 00 0d 00 00 00 00 0e 00 00 00 00 0f 00 00 00 00,00 84 04 10 00 f7 07 00 00 01 0c 08 00 00 02 c9 07 00 00 03 e0 07 00 00 04 f5 07 00 00 05 07 08 00 00 06 e7 07 00 00 07 db 07 00 00 08 fb 07 00 00 09 0d 08 00 00 0a f9 07 00 00 0b aa 07 00 00 0c f5 07 00 00 0d e0 07 00 00 0e bf 07 00 00 0f f3 07 00 00
1265000,00 84 04 10 00 00 00 00 00 01 00 00 00 00 02 00 00 00 00 03 00 00 00 00 04 00 00 00 00 05 00 00 00 00 06 00 00 00 00 07 00 00 00 00 08 00 00 00 00 09 00 00 00 00 0a 00 00 00 00 0b 00 00 00 00 0c 00 00 00 00 0d 00 00 00 00 0e 00 00 00 00 0f 00 00 00 00,00 84 04 10 00 f7 07 00 00 01 0c 08 00 00 02 c9 07 00 00 03 e0 07 00 00 04 f5 07 00 00 05 07 08 00 00 06 e7 07 00 00 07 db 07 00 00 08 fb 07 00 00 09 0d 08 00 00 0a f9 07 00 00 0b aa 07 00 00 0c f5 07 00 00 0d e0 07 00 00 0e bf 07 00 00 0f f3 07 00 00
1281000,00 84 04 10 00 00 00 00 00 01 00 00 00 00 02 00 00 00 00 03 00 00 00 00 04 00 00 00 00 05 00 00 00 00 06 00 00 00 00 07 00 00 00 00 08 00 00 00 00 09 00 00 00 00 0a 00 00 00 00 0b 00 00 00 00 0c 00 00 00 00 0d 00 00 00 00 0e 00 00 00 00 0f 00 00 00 00,00 84 04 10 00 f7 07 00 00 01 0c 08 00 00 02 c9 07 00 00 03 e0 07 00 00 04 f5 07 00 00 05 07 08 00 00 06 e7 07 00 00 07 db 07 00 00 08 fb 07 00 00 09 0d 08 00 00 0a f9 07 00 00 0b aa 07 00 00 0c f5 07 00 00 0d e0 07 00 00 0e bf 07 00 00 0f f3 07 00 00
1297000,00 84 04 10 00 00 00 00 00 01 00 00 00 00 02 00 00 00 00 03 00 00 00 00 04 00 00 00 00 05 00 00 00 00 06 00 00 00 00 07 00 00 00 00 08 00 00 00 00 09 00 00 00 00 0a 00 00 00 00 0b 00 00 00 00 0c 00 00 00 00 0d 00 00 00 00 0e 00 00 00 00 0f 00 00 00 00,00 84 04 10 00 f7 07 00 00 01 0c 08 00 00 02 c9 07 00 00 03 e0 07 00 00 04 f5 07 00 00 05 07 08 00 00 06 e7 07 00 00 07 db 07 00 00 08 fb 07 00 00 09 0d 08 00 00 0a f9 07 00 00 0b aa 07 00 00 0c f5 07 00 00 0d e0 07 00 00 0e bf 07 00 00 0f f3 07 00 00
1297000,00 84 04 10 00 00 00 00 00 01 00 00 00 00 02 00 00 00 00 03 00 00 00 00 04 00 00 00 00 05 00 00 00 00 06 00 00 00 00 07 00 00 00 00 08 00 00 00 00 09 00 00 00 00 0a 00 00 00 00 0b 00 00 00 00 0c 00 00 00 00 0d 00 00 00 00 0e 00 00 00 00 0f 00 00 00 00,00 84 04 10 00 f7 07 00 00 01 0c 08 00 00 02 c9 07 00 00 03 e0 07 00 00 04 f5 07 00 00 05 07 08 00 00 06 e7 07 00 00 07 db 07 00 00 08 fb 07 00 00 09 0d 08 00 00 0a f9 07 00 00 0b aa 07 00 00 0c f5 07 00 00 0d e0 07 00 00 0e bf 07 00 00 0f f3 07 00 00
1312000,00 84 04 10 00 00 00 00 00 01 00 00 00 00 02 00 00 00 00 03 00 00 00 00 04 00 00 00 00 05 00 00 00 00 06 00 00 00 00 07 00 00 00 00 08 00 00 00 00 09 00 00 00 00 0a 00 00 00 00 0b 00 00 00 00 0c 00 00 00 00 0d 00 00 00 00 0e 00 00 00 00 0f 00 00 00 00,00 84 04 10 00 f7 07 00 00 01 0c 08 00 00 02 c9 07 00 00 03 e0 07 00 00 04 f5 07 00 00 05 07 08 00 00 06 e7 07 00 00 07 db 07 00 00 08 fb 07 00 00 09 0d 08 00 00 0a f9 07 00 00 0b aa 07 00 00 0c f5 07 00 00 0d e0 07 00 00 0e bf 07 00 00 0f f3 07 00 00
1328000,00 84 04 10 00 00 00 00 00 01 00 00 00 00 02 00 00 00 00 03 00 00 00 00 04 00 00 00 00 05 00 00 00 00 06 00 00 00 00 07 00 00 00 00 08 00 00 00 00 09 00 00 00 00 0a 00 00 00 00 0b 00 00 00 00 0c 00 00 00 00 0d 00 00 00 00 0e 00 00 00 00 0f 00 00 00 00,00 84 04 10 00 f7 07 00 00 01 0c 08 00 00 02 c9 07 00 00 03 e0 07 00 00 04 f5 07 00 00 05 07 08 00 00 06 e6 07 00 00 07 db 07 00 00 08 fb 07 00 00 09 0d 08 00 00 0a f9 07 00 00 0b aa 07 00 00 0c f5 07 00 00 0d e0 07 00 00 0e bf 07 00 00 0f f3 07 00 00
1328000,00 84 04 10 00 00 00 00 00 01 00 00 00 00 02 00 00 00 00 03 00 00 00 00 04 00 00 00 00 05 00 00 00 00 06 00 00 00 00 07 00 00 00 00 08 00 00 00 00 09 00 00 00 00 0a 00 00 00 00 0b 00 00 00 00 0c 00 00 00 00 0d 00 00 00 00 0e 00 00 00 00 0f 00 00 00 00,00 84 04 10 00 f7 07 00 00 01 0c 08 00 00 02 c9 07 00 00 03 e0 07 00 00 04 f5 07 00 00 05 07 08 00 00 06 e7 07 00 00 07 db 07 00 00 08 fb 07 00 00 09 0d 08 00 00 0a f9 07 00 00 0b aa 07 00 00 0c f5 07 00 00 0d e0 07 00 00 0e bf 07 00 00 0f f3 07 00 00
1344000,00 84 04 10 00 00 00 00 00 01 00 00 00 00 02 00 00 00 00 03 00 00 00 00 04 00 00 00 00 05 00 00 00 00 06 00 00 00 00 07 00 00 00 00 08 00 00 00 00 09 00 00 00 00 0a 00 00 00 00 0b 00 00 00 00 0c 00 00 00 00 0d 00 00 00 00 0e 00 00 00 00 0f 00 00 00 00,00 84 04 10 00 f7 07 00 00 01 0c 08 00 00 02 c9 07 00 00 03 e0 07 00 00 04 f5 07 00 00 05 07 08 00 00 06 e7 07 00 00 07 db 07 00 00 08 fb 07 00 00 09 0d 08 00 00 0a f9 07 00 00 0b aa 07 00 00 0c f5 07 00 00 0d e0 07 00 00 0e bf 07 00 00 0f f3 07 00 00
1359000,00 84 04 10 00 00 00 00 00 01 00 00 00 00 02 00 00 00 00 03 00 00 00 00 04 00 00 00 00 05 00 00 00 00 06 00 00 00 00 07 00 00 00 00 08 00 00 00 00 09 00 00 00 00 0a 00 00 00 00 0b 00 00 00 00 0c 00 00 00 00 0d 00 00 00 00 0e 00 00 00 00 0f 00 00 00 00,00 84 04 10 00 f7 07 00 00 01 0c 08 00 00 02 c9 07 00 00 03 e0 07 00 00 04 f5 07 00 00 05 07 08 00 00 06 e7 07 00 00 07 db 07 00 00 08 fb 07 00 00 09 0d 08 00 00 0a f9 07 00 00 0b aa 07 00 00 0c f5 07 00 00 0d e0 07 00 00 0e bf 07 00 00 0f f3 07 00 00
1359000,00 84 04 10 00 00 00 00 00 01 00 00 00 00 02 00 00 00 00 03 00 00 00 00 04 00 00 00 00 05 00 00 00 00 06 00 00 00 00 07 00 00 00 00 08 00 00 00 00 09 00 00 00 00 0a 00 00 00 00 0b 00 00 00 00 0c 00 00 00 00 0d 00 00 00 00 0e 00 00 00 00 0f 00 00 00 00,00 84 04 10 00 f7 07 00 00 01 0c 08 00 00 02 c9 07 00 00 03 e0 07 00 00 04 f5 07 00 00 05 07 08 00 00 06 e7 07 00 00 07 db 07 00 00 08 fb 07 00 00 09 0d 08 00 00 0a f9 07 00 00 0b aa 07 00 00 0c f5 07 00 00 0d e0 07 00 00 0e bf 07 00 00 0f f3 07 00 00
1375000,00 84 04 10 00 00 00 00 00 01 00 00 00 00 02 00 00 00 00 03 00 00 00 00 04 00 00 00 00 05 00 00 00 00 06 00 00 00 00 07 00 00 00 00 08 00 00 00 00 09 00 00 00 00 0a 00 00 00 00 0b 00 00 00 00 0c 00 00 00 00 0d 00 00 00 00 0e 00 00 00 00 0f 00 00 00 00,00 84 04 10 00 f7 07 00 00 01 0c 08 00 00 02 c9 07 00 00 03 e0 07 00 00 04 f5 07 00 00 05 07 08 00 00 06 e6 07 00 00 07 db 07 00 00 08 fb 07 00 00 09 0d 08 00 00 0a f9 07 00 00 0b aa 07 00 00 0c f5 07 00 00 0d e0 07 00 00 0e bf 07 00 00 0f f3 07 00 00
1375000,00 84 04 10 00 00 00 00 00 01 00 00 00 00 02 00 00 00 00 03 00 00 00 00 04 00 00 00 00 05 00 00 00 00 06 00 00 00 00 07 00 00 00 00 08 00 00 00 00 09 00 00 00 00 0a 00 00 00 00 0b 00 00 00 00 0c 00 00 00 00 0d 00 00 00 00 0e 00 00 00 00 0f 00 00 00 00,00 84 04 10 00 f7 07 00 00 01 0c 08 00 00 02 c9 07 00 00 03 e0 07 00 00 04 f5 07 00 00 05 07 08 00 00 06 e7 07 00 00 07 db 07 00 00 08 fb 07 00 00 09 0d 08 00 00 0a f9 07 00 00 0b aa 07 00 00 0c f5 07 00 00 0d e0 07 00 00 0e bf 07 00 00 0f f3 07 00 00
1390000,00 84 04 10 00 00 00 00 00 01 00 00 00 00 02 00 00 00 00 03 00 00 00 00 04 00 00 00 00 05 00 00 00 00 06 00 00 00 00 07 00 00 00 00 08 00 00 00 00 09 00 00 00 00 0a 00 00 00 00 0b 00 00 00 00 0c 00 00 00 00 0d 00 00 00 00 0e 00 00 00 00 0f 00 00 00 00,00 84 04 10 00 f7 07 00 00 01 0c 08 00 00 02 c9 07 00 00 03 e0 07 00 00 04 f5 07 00 00 05 07 08 00 00 06 e6 07 00 00 07 db 07 00 00 08 fb 07 00 00 09 0d 08 00 00 0a f9 07 00 00 0b aa 07 00 00 0c f5 07 00 00 0d e0 07 00 00 0e bf 07 00 00 0f f3 07 00 00
1406000,00 84 04 10 00 00 00 00 00 01 00 00 00 00 02 00 00 00 00 03 00 00 00 00 04 00 00 00 00 05 00 00 00 00 06 00 00 00 00 07 00 00 00 00 08 00 00 00 00 09 00 00 00 00 0a 00 00 00 00 0b 00 00 00 00 0c 00 00 00 00 0d 00 00 00 00 0e 00 00 00 00 0f 00 00 00 00,00 84 04 10 00 f7 07 00 00 01 0c 08 00 00 02 c9 07 00 00 03 e0 07 00 00 04 f5 07 00 00 05 07 08 00 00 06 e7 07 00 00 07 db 07 00 00 08 fb 07 00 00 09 0d 08 00 00 0a f9 07 00 00 0b aa 07 00 00 0c f5 07 00 00 0d e0 07 00 00 0e bf 07 00 00 0f f3 07 00 00
1406000,00 84 04 10 00 00 00 00 00 01 00 00 00 00 02 00 00 00 00 03 00 00 00 00 04 00 00 00 00 05 00 00 00 00 06 00 00 00 00 07 00 00 00 00 08 00 00 00 00 09 00 00 00 00 0a 00 00 00 00 0b 00 00 00 00 0c 00 00 00 00 0d 00 00 00 00 0e 00 00 00 00 0f 00 00 00 00,00 84 04 10 00 f7 07 00 00 01 0c 08 00 00 02 c9 07 00 00 03 e0 07 00 00 04 f5 07 00 00 05 07 08 00 00 06 e7 07 00 00 07 db 07 00 00 08 fb 07 00 00 09 0d 08 00 00 0a f9 07 00 00 0b aa 07 00 00 0c f5 07 00 00 0d e0 07 00 00 0e bf 07 00 00 0f f3 07 00 00
1422000,00 84 04 10 00 00 00 00 00 01 00 00 00 00 02 00 00 00 00 03 00 00 00 00 04 00 00 00 00 05 00 00 00 00 06 00 00 00 00 07 00 00 00 00 08 00 00 00 00 09 00 00 00 00 0a 00 00 00 00 0b 00 00 00 00 0c 00 00 00 00 0d 00 00 00 00 0e 00 00 00 00 0f 00 00 00 00,00 84 04 10 00 f7 07 00 00 01 0c 08 00 00 02 c9 07 00 00 03 e0 07 00 00 04 f5 07 00 00 05 07 08 00 00 06 e7 07 00 00 07 db 07 00 00 08 fb 07 00 00 09 0d 08 00 00 0a f9 07 00 00 0b aa 07 00 00 0c f5 07 00 00 0d e0 07 00 00 0e bf 07 00 00 0f f3 07 00 00
1437000,00 84 04 10 00 00 00 00 00 01 00 00 00 00 02 00 00 00 00 03 00 00 00 00 04 00 00 00 00 05 00 00 00 00 06 00 00 00 00 07 00 00 00 00 08 00 00 00 00 09 00 00 00 00 0a 00 00 00 00 0b 00 00 00 00 0c 00 00 00 00 0d 00 00 00 00 0e 00 00 00 00 0f 00 00 00 00,00 84 04 10 00 f7 07 00 00 01 0c 08 00 00 02 c9 07 00 00 03 e0 07 00 00 04 f5 07 00 00 05 07 08 00 00 06 e7 07 00 00 07 db 07 00 00 08 fb 07 00 00 09 0d 08 00 00 0a f9 07 00 00 0b aa 07 00 00 0c f5 07 00 00 0d e0 07 00 00 0e bf 07 00 00 0f f3 07 00 00
1453000,00 84 04 10 00 00 00 00 00 01 00 00 00 00 02 00 00 00 00 03 00 00 00 00 04 00 00 00 00 05 00 00 00 00 06 00 00 00 00 07 00 00 00 00 08 00 00 00 00 09 00 00 00 00 0a 00 00 00 00 0b 00 00 00 00 0c 00 00 00 00 0d 00 00 00 00 0e 00 00 00 00 0f 00 00 00 00,00 84 04 10 00 f7 07 00 00 01 0c 08 00 00 02 c9 07 00 00 03 e0 07 00 00 04 f5 07 00 00 05 07 08 00 00 06 e7 07 00 00 07 db 07 00 00 08 fb 07 00 00 09 0d 08 00 00 0a f9 07 00 00 0b aa 07 00 00 0c f5 07 00 00 0d e0 07 00 00 0e bf 07 00 00 0f f3 07 00 00
1453000,00 84 04 10 00 00 00 00 00 01 00 00 00 00 02 00 00 00 00 03 00 00 00 00 04 00 00 00 00 05 00 00 00 00 06 00 00 00 00 07 00 00 00 00 08 00 00 00 00 09 00 00 00 00 0a 00 00 00 00 0b 00 00 00 00 0c 00 00 00 00 0d 00 00 00 00 0e 00 00 00 00 0f 00 00 00 00,00 84 04 10 00 f7 07 00 00 01 0c 08 00 00 02 c9 07 00 00 03 e0 07 00 00 04 f5 07 00 00 05 07 08 00 00 06 e7 07 00 00 07 db 07 00 00 08 fb 07 00 00 09 0d 08 00 00 0a f9 07 00 00 0b aa 07 00 00 0c f5 07 00 00 0d e0 07 00 00 0e bf 07 00 00 0f f3 07 00 00
1469000,00 84 04 10 00 00 00 00 00 01 00 00 00 00 02 00 00 00 00 03 00 00 00 00 04 00 00 00 00 05 00 00 00 00 06 00 00 00 00 07 00 00 00 00 08 00 00 00 00 09 00 00 00 00 0a 00 00 00 00 0b 00 00 00 00 0c 00 00 00 00 0d 00 00 00 00 0e 00 00 00 00 0f 00 00 00 00,00 84 04 10 00 f7 07 00 00 01 0c 08 00 00 02 c9 07 00 00 03 e0 07 00 00 04 f5 07 00 00 05 07 08 00 00 06 e7 07 00 00 07 db 07 00 00 08 fb 07 00 00 09 0d 08 00 00 0a f9 07 00 00 0b aa 07 00 00 0c f5 07 00 00 0d e0 07 00 00 0e bf 07 00 00 0f f3 07 00 00
1484000,00 84 04 10 00 00 00 00 00 01 00 00 00 00 02 00 00 00 00 03 00 00 00 00 04 00 00 00 00 05 00 00 00 00 06 00 00 00 00 07 00 00 00 00 08 00 00 00 00 09 00 00 00 00 0a 00 00 00 00 0b 00 00 00 00 0c 00 00 00 00 0d 00 00 00 00 0e 00 00 00 00 0f 00 00 00 00,00 84 04 10 00 f7 07 00 00 01 0c 08 00 00 02 c9 07 00 00 03 e0 07 00 00 04 f5 07 00 00 05 07 08 00 00 06 e7 07 00 00 07 db 07 00 00 08 fb 07 00 00 09 0d 08 00 00 0a f9 07 00 00 0b aa 07 00 00 0c f5 07 00 00 0d e0 07 00 00 0e bf 07 00 00 0f f3 07 00 00
1484000,00 84 04 10 00 00 00 00 00 01 00 00 00 00 02 00 00 00 00 03 00 00 00 00 04 00 00 00 00 05 00 00 00 00 06 00 00 00 00 07 00 00 00 00 08 00 00 00 00 09 00 00 00 00 0a 00 00 00 00 0b 00 00 00 00 0c 00 00 00 00 0d 00 00 00 00 0e 00 00 00 00 0f 00 00 00 00,00 84 04 10 00 f7 07 00 00 01 0c 08 00 00 02 c9 07 00 00 03 e0 07 00 00 04 f5 07 00 00 05 07 08 00 00 06 e6 07 00 00 07 db 07 00 00 08 fb 07 00 00 09 0d 08 00 00 0a f9 07 00 00 0b aa 07 00 00 0c f5 07 00 00 0d e0 07 00 00 0e bf 07 00 00 0f f3 07 00 00
1500000,00 84 04 10 00 00 00 00 00 01 00 00 00 00 02 00 00 00 00 03 00 00 00 00 04 00 00 00 00 05 00 00 00 00 06 00 00 00 00 07 00 00 00 00 08 00 00 00 00 09 00 00 00 00 0a 00 00 00 00 0b 00 00 00 00 0c 00 00 00 00 0d 00 00 00 00 0e 00 00 00 00 0f 00 00 00 00,00 84 04 10 00 f7 07 00 00 01 0c 08 00 00 02 c9 07 00 00 03 e0 07 00 00 04 f5 07 00 00 05 07 08 00 00 06 e6 07 00 00 07 db 07 00 00 08 fb 07 00 00 09 0d 08 00 00 0a f9 07 00 00 0b aa 07 00 00 0c f5 07 00 00 0d e0 07 00 00 0e bf 07 00 00 0f f3 07 00 00
1515000,00 84 04 10 00 00 00 00 00 01 00 00 00 00 02 00 00 00 00 03 00 00 00 00 04 00 00 00 00 05 00 00 00 00 06 00 00 00 00 07 00 00 00 00 08 00 00 00 00 09 00 00 00 00 0a 00 00 00 00 0b 00 00 00 00 0c 00 00 00 00 0d 00 00 00 00 0e 00 00 00 00 0f 00 00 00 00,00 84 04 10 00 f7 07 00 00 01 0c 08 00 00 02 c9 07 00 00 03 e0 07 00 00 04 f5 07 00 00 05 07 08 00 00 06 e7 07 00 00 07 db 07 00 00 08 fb 07 00 00 09 0d 08 00 00 0a f9 07 00 00 0b aa 07 00 00 0c f5 07 00 00 0d e0 07 00 00 0e bf 07 00 00 0f f3 07 00 00
1515000,00 84 04 10 00 00 00 00 00 01 00 00 00 00 02 00 00 00 00 03 00 00 00 00 04 00 00 00 00 05 00 00 00 00 06 00 00 00 00 07 00 00 00 00 08 00 00 00 00 09 00 00 00 00 0a 00 00 00 00 0b 00 00 00 00 0c 00 00 00 00 0d 00 00 00 00 0e 00 00 00 00 0f 00 00 00 00,00 84 04 10 00 f7 07 00 00 01 0c 08 00 00 02 c9 07 00 00 03 e0 07 00 00 04 f5 07 00 00 05 07 08 00 00 06 e7 07 00 00 07 db 07 00 00 08 fb 07 00 00 09 0d 08 00 00 0a f9 07 00 00 0b aa 07 00 00 0c f5 07 00 00 0d e0 07 00 00 0e bf 07 00 00 0f f3 07 00 00
1531000,00 84 04 10 00 00 00 00 00 01 00 00 00 00 02 00 00 00 00 03 00 00 00 00 04 00 00 00 00 05 00 00 00 00 06 00 00 00 00 07 00 00 00 00 08 00 00 00 00 09 00 00 00 00 0a 00 00 00 00 0b 00 00 00 00 0c 00 00 00 00 0d 00 00 00 00 0e 00 00 00 00 0f 00 00 00 00,00 84 04 10 00 f7 07 00 00 01 0c 08 00 00 02 c9 07 00 00 03 e0 07 00 00 04 f5 07 00 00 05 07 08 00 00 06 e7 07 00 00 07 db 07 00 00 08 fb 07 00 00 09 0d 08 00 00 0a f9 07 00 00 0b aa 07 00 00 0c f5 07 00 00 0d e0 07 00 00 0e bf 07 00 00 0f f3 07 00 00
1547000,00 84 04 10 00 00 00 00 00 01 00 00 00 00 02 00 00 00 00 03 00 00 00 00 04 00 00 00 00 05 00 00 00 00 06 00 00 00 00 07 00 00 00 00 08 00 00 00 00 09 00 00 00 00 0a 00 00 00 00 0b 00 00 00 00 0c 00 00 00 00 0d 00 00 00 00 0e 00 00 00 00 0f 00 00 00 00,00 84 04 10 00 f7 07 00 00 01 0c 08 00 00 02 c9 07 00 00 03 e0 07 00 00 04 f5 07 00 00 05 07 08 00 00 06 e7 07 00 00 07 db 07 00 00 08 fb 07 00 00 09 0d 08 00 00 0a f9 07 00 00 0b aa 07 00 00 0c f5 07 00 00 0d e0 07 00 00 0e bf 07 00 00 0f f3 07 00 00
1547000,00 84 04 10 00 00 00 00 00 01 00 00 00 00 02 00 00 00 00 03 00 00 00 00 04 00 00 00 00 05 00 00 00 00 06 00 00 00 00 07 00 00 00 00 08 00 00 00 00 09 00 00 00 00 0a 00 00 00 00 0b 00 00 00 00 0c 00 00 00 00 0d 00 00 00 00 0e 00 00 00 00 0f 00 00 00 00,00 84 04 10 00 f7 07 00 00 01 0c 08 00 00 02 c9 07 00 00 03 e0 07 00 00 04 f5 07 00 00 05 07 08 00 00 06 e7 07 00 00 07 db 07 00 00 08 fb 07 00 00 09 0d 08 00 00 0a f9 07 00 00 0b aa 07 00 00 0c f5 07 00 00 0d e0 07 00 00 0e bf 07 00 00 0f f3 07 00 00
1562000,00 84 04 10 00 00 00 00 00 01 00 00 00 00 02 00 00 00 00 03 00 00 00 00 04 00 00 00 00 05 00 00 00 00 06 00 00 00 00 07 00 00 00 00 08 00 00 00 00 09 00 00 00 00 0a 00 00 00 00 0b 00 00 00 00 0c 00 00 00 00 0d 00 00 00 00 0e 00 00 00 00 0f 00 00 00 00,00 84 04 10 00 f7 07 00 00 01 0c 08 00 00 02 c9 07 00 00 03 e0 07 00 00 04 f5 07 00 00 05 07 08 00 00 06 e7 07 00 00 07 db 07 00 00 08 fb 07 00 00 09 0d 08 00 00 0a f9 07 00 00 0b aa 07 00 00 0c f5 07 00 00 0d e0 07 00 00 0e bf 07 00 00 0f f3 07 00 00
1578000,00 84 04 10 00 00 00 00 00 01 00 00 00 00 02 00 00 00 00 03 00 00 00 00 04 00 00 00 00 05 00 00 00 00 06 00 00 00 00 07 00 00 00 00 08 00 00 00 00 09 00 00 00 00 0a 00 00 00 00 0b 00 00 00 00 0c 00 00 00 00 0d 00 00 00 00 0e 00 00 00 00 0f 00 00 00 00,00 84 04 10 00 f7 07 00 00 01 0c 08 00 00 02 c9 07 00 00 03 e0 07 00 00 04 f5 07 00 00 05 07 08 00 00 06 e7 07 00 00 07 db 07 00 00 08 fb 07 00 00 09 0d 08 00 00 0a f9 07 00 00 0b aa 07 00 00 0c f5 07 00 00 0d e0 07 00 00 0e bf 07 00 00 0f f3 07 00 00
1578000,00 84 04 10 00 00 00 00 00 01 00 00 00 00 02 00 00 00 00 03 00 00 00 00 04 00 00 00 00 05 00 00 00 00 06 00 00 00 00 07 00 00 00 00 08 00 00 00 00 09 00 00 00 00 0a 00 00 00 00 0b 00 00 00 00 0c 00 00 00 00 0d 00 00 00 00 0e 00 00 00 00 0f 00 00 00 00,00 84 04 10 00 f7 07 00 00 01 0c 08 00 00 02 c9 07 00 00 03 e0 07 00 00 04 f5 07 00 00 05 07 08 00 00 06 e7 07 00 00 07 db 07 00 00 08 fb 07 00 00 09 0d 08 00 00 0a f9 07 00 00 0b aa 07 00 00 0c f5 07 00 00 0d e0 07 00 00 0e bf 07 00 00 0f f3 07 00 00
1594000,00 84 04 10 00 00 00 00 00 01 00 00 00 00 02 00 00 00 00 03 00 00 00 00 04 00 00 00 00 05 00 00 00 00 06 00 00 00 00 07 00 00 00 00 08 00 00 00 00 09 00 00 00 00 0a 00 00 00 00 0b 00 00 00 00 0c 00 00 00 00 0d 00 00 00 00 0e 00 00 00 00 0f 00 00 00 00,00 84 04 10 00 f7 07 00 00 01 0c 08 00 00 02 c9 07 00 00 03 e0 07 00 00 04 f5 07 00 00 05 07 08 00 00 06 e7 07 00 00 07 db 07 00 00 08 fb 07 00 00 09 0d 08 00 00 0a f9 07 00 00 0b aa 07 00 00 0c f5 07 00 00 0d e0 07 00 00 0e bf 07 00 00 0f f3 07 00 00
1594000,00 84 04 10 00 00 00 00 00 01 00 00 00 00 02 00 00 00 00 03 00 00 00 00 04 00 00 00 00 05 00 00 00 00 06 00 00 00 00 07 00 00 00 00 08 00 00 00 00 09 00 00 00 00 0a 00 00 00 00 0b 00 00 00 00 0c 00 00 00 00 0d 00 00 00 00 0e 00 00 00 00 0f 00 00 00 00,00 84 04 10 00 f7 07 00 00 01 0c 08 00 00 02 c9 07 00 00 03 e0 07 00 00 04 f5 07 00 00 05 07 08 00 00 06 e7 07 00 00 07 db 07 00 00 08 fb 07 00 00 09 0d 08 00 00 0a f9 07 00 00 0b aa 07 00 00 0c f4 07 00 00 0d e0 07 00 00 0e bf 07 00 00 0f f3 07 00 00
1609000,00 84 04 10 00 00 00 00 00 01 00 00 00 00 02 00 00 00 00 03 00 00 00 00 04 00 00 00 00 05 00 00 00 00 06 00 00 00 00 07 00 00 00 00 08 00 00 00 00 09 00 00 00 00 0a 00 00 00 00 0b 00 00 00 00 0c 00 00 00 00 0d 00 00 00 00 0e 00 00 00 00 0f 00 00 00 00,00 84 04 10 00 f7 07 00 00 01 0c 08 00 00 02 c9 07 00 00 03 e0 07 00 00 04 f5 07 00 00 05 07 08 00 00 06 e7 07 00 00 07 db 07 00 00 08 fb 07 00 00 09 0d 08 00 00 0a f9 07 00 00 0b aa 07 00 00 0c f5 07 00 00 0d e0 07 00 00 0e bf 07 00 00 0f f3 07 00 00
1625000,00 84 04 10 00 00 00 00 00 01 00 00 00 00 02 00 00 00 00 03 00 00 00 00 04 00 00 00 00 05 00 00 00 00 06 00 00 00 00 07 00 00 00 00 08 00 00 00 00 09 00 00 00 00 0a 00 00 00 00 0b 00 00 00 00 0c 00 00 00 00 0d 00 00 00 00 0e 00 00 00 00 0f 00 00 00 00,00 84 04 10 00 f7 07 00 00 01 0c 08 00 00 02 c9 07 00 00 03 e0 07 00 00 04 f5 07 00 00 05 07 08 00 00 06 e7 07 00 00 07 db 07 00 00 08 fb 07 00 00 09 0d 08 00 00 0a f9 07 00 00 0b aa 07 00 00 0c f5 07 00 00 0d e0 07 00 00 0e bf 07 00 00 0f f3 07 00 00
1625000,00 84 04 10 00 00 00 00 00 01 00 00 00 00 02 00 00 00 00 03 00 00 00 00 04 00 00 00 00 05 00 00 00 00 06 00 00 00 00 07 00 00 00 00 08 00 00 00 00 09 00 00 00 00 0a 00 00 00 00 0b 00 00 00 00 0c 00 00 00 00 0d 00 00 00 00 0e 00 00 00 00 0f 00 00 00 00,00 84 04 10 00 f7 07 00 00 01 0c 08 00 00 02 c9 07 00 00 03 e0 07 00 00 04 f5 07 00 00 05 07 08 00 00 06 e7 07 00 00 07 db 07 00 00 08 fb 07 00 00 09 0d 08 00 00 0a f9 07 00 00 0b aa 07 00 00 0c f5 07 00 00 0d e0 07 00 00 0e bf 07 00 00 0f f3 07 00 00
1640000,00 84 04 10 00 00 00 00 00 01 00 00 00 00 02 00 00 00 00 03 00 00 00 00 04 00 00 00 00 05 00 00 00 00 06 00 00 00 00 07 00 00 00 00 08 00 00 00 00 09 00 00 00 00 0a 00 00 00 00 0b 00 00 00 00 0c 00 00 00 00 0d 00 00 00 00 0e 00 00 00 00 0f 00 00 00 00,00 84 04 10 00 f7 07 00 00 01 0c 08 00 00 02 c9 07 00 00 03 e0 07 00 00 04 f5 07 00 00 05 07 08 00 00 06 e7 07 00 00 07 db 07 00 00 08 fb 07 00 00 09 0d 08 00 00 0a f9 07 00 00 0b aa 07 00 00 0c f4 07 00 00 0d e0 07 00 00 0e bf 07 00 00 0f f3 07 00 00
1656000,00 84 04 10 00 00 00 00 00 01 00 00 00 00 02 00 00 00 00 03 00 00 00 00 04 00 00 00 00 05 00 00 00 00 06 00 00 00 00 07 00 00 00 00 08 00 00 00 00 09 00 00 00 00 0a 00 00 00 00 0b 00 00 00 00 0c 00 00 00 00 0d 00 00 00 00 0e 00 00 00 00 0f 00 00 00 00,00 84 04 10 00 f7 07 00 00 01 0c 08 00 00 02 c9 07 00 00 03 e0 07 00 00 04 f5 07 00 00 05 07 08 00 00 06 e7 07 00 00 07 db 07 00 00 08 fb 07 00 00 09 0d 08 00 00 0a f9 07 00 00 0b aa 07 00 00 0c f5 07 00 00 0d e0 07 00 00 0e bf 07 00 00 0f f3 07 00 00
1656000,00 84 04 10 00 00 00 00 00 01 00 00 00 00 02 00 00 00 00 03 00 00 00 00 04 00 00 00 00 05 00 00 00 00 06 00 00 00 00 07 00 00 00 00 08 00 00 00 00 09 00 00 00 00 0a 00 00 00 00 0b 00 00 00 00 0c 00 00 00 00 0d 00 00 00 00 0e 00 00 00 00 0f 00 00 00 00,00 84 04 10 00 f7 07 00 00 01 0c 08 00 00 02 c9 07 00 00 03 e0 07 00 00 04 f5 07 00 00 05 07 08 00 00 06 e7 07 00 00 07 db 07 00 00 08 fb 07 00 00 09 0d 08 00 00 0a f9 07 00 00 0b aa 07 00 00 0c f5 07 00 00 0d e0 07 00 00 0e bf 07 00 00 0f f3 07 00 00
1672000,00 84 04 10 00 00 00 00 00 01 00 00 00 00 02 00 00 00 00 03 00 00 00 00 04 00 00 00 00 05 00 00 00 00 06 00 00 00 00 07 00 00 00 00 08 00 00 00 00 09 00 00 00 00 0a 00 00 00 00 0b 00 00 00 00 0c 00 00 00 00 0d 00 00 00 00 0e 00 00 00 00 0f 00 00 00 00,00 84 04 10 00 f7 07 00 00 01 0c 08 00 00 02 c9 07 00 00 03 e0 07 00 00 04 f5 07 00 00 05 07 08 00 00 06 e7 07 00 00 07 db 07 00 00 08 fb 07 00 00 09 0d 08 00 00 0a f9 07 00 00 0b aa 07 00 00 0c f5 07 00 00 0d e0 07 00 00 0e bf 07 00 00 0f f3 07 00 00
1672000,00 84 04 10 00 00 00 00 00 01 00 00 00 00 02 00 00 00 00 03 00 00 00 00 04 00 00 00 00 05 00 00 00 00 06 00 00 00 00 07 00 00 00 00 08 00 00 00 00 09 00 00 00 00 0a 00 00 00 00 0b 00 00 00 00 0c 00 00 00 00 0d 00 00 00 00 0e 00 00 00 00 0f 00 00 00 00,00 84 04 10 00 f7 07 00 00 01 0c 08 00 00 02 c9 07 00 00 03 e0 07 00 00 04 f5 07 00 00 05 07 08 00 00 06 e7 07 00 00 07 db 07 00 00 08 fb 07 00 00 09 0d 08 00 00 0a f9 07 00 00 0b aa 07 00 00 0c f5 07 00 00 0d e0 07 00 00 0e bf 07 00 00 0f f3 07 00 00
1687000,00 84 04 10 00 00 00 00 00 01 00 00 00 00 02 00 00 00 00 03 00 00 00 00 04 00 00 00 00 05 00 00 00 00 06 00 00 00 00 07 00 00 00 00 08 00 00 00 00 09 00 00 00 00 0a 00 00 00 00 0b 00 00 00 00 0c 00 00 00 00 0d 00 00 00 00 0e 00 00 00 00 0f 00 00 00 00,00 84 04 10 00 f7 07 00 00 01 0c 08 00 00 02 c9 07 00 00 03 e0 07 00 00 04 f5 07 00 00 05 07 08 00 00 06 e7 07 00 00 07 db 07 00 00 08 fb 07 00 00 09 0d 08 00 00 0a f9 07 00 00 0b aa 07 00 00 0c f5 07 00 00 0d e0 07 00 00 0e bf 07 00 00 0f f3 07 00 00
1703000,00 84 04 10 00 00 00 00 00 01 00 00 00 00 02 00 00 00 00 03 00 00 00 00 04 00 00 00 00 05 00 00 00 00 06 00 00 00 00 07 00 00 00 00 08 00 00 00 00 09 00 00 00 00 0a 00 00 00 00 0b 00 00 00 00 0c 00 00 00 00 0d 00 00 00 00 0e 00 00 00 00 0f 00 00 00 00,00 84 04 10 00 f7 07 00 00 01 0c 08 00 00 02 c9 07 00 00 03 e0 07 00 00 04 f5 07 00 00 05 07 08 00 00 06 e7 07 00 00 07 db 07 00 00 08 fb 07 00 00 09 0d 08 00 00 0a f9 07 00 00 0b aa 07 00 00 0c f5 07 00 00 0d e0 07 00 00 0e bf 07 00 00 0f f3 07 00 00
1703000,00 84 04 10 00 00 00 00 00 01 00 00 00 00 02 00 00 00 00 03 00 00 00 00 04 00 00 00 00 05 00 00 00 00 06 00 00 00 00 07 00 00 00 00 08 00 00 00 00 09 00 00 00 00 0a 00 00 00 00 0b 00 00 00 00 0c 00 00 00 00 0d 00 00 00 00 0e 00 00 00 00 0f 00 00 00 00,00 84 04 10 00 f7 07 00 00 01 0c 08 00 00 02 c9 07 00 00 03 e0 07 00 00 04 f5 07 00 00 05 07 08 00 00 06 e7 07 00 00 07 db 07 00 00 08 fb 07 00 00 09 0d 08 00 00 0a f9 07 00 00 0b aa 07 00 00 0c f5 07 00 00 0d e0 07 00 00 0e bf 07 00 00 0f f3 07 00 00
1719000,00 84 04 10 00 00 00 00 00 01 00 00 00 00 02 00 00 00 00 03 00 00 00 00 04 00 00 00 00 05 00 00 00 00 06 00 00 00 00 07 00 00 00 00 08 00 00 00 00 09 00 00 00 00 0a 00 00 00 00 0b 00 00 00 00 0c 00 00 00 00 0d 00 00 00 00 0e 00 00 00 00 0f 00 00 00 00,00 84 04 10 00 f7 07 00 00 01 0c 08 00 00 02 c9 07 00 00 03 e0 07 00 00 04 f5 07 00 00 05 07 08 00 00 06 e7 07 00 00 07 db 07 00 00 08 fb 07 00 00 09 0d 08 00 00 0a f9 07 00 00 0b aa 07 00 00 0c f5 07 00 00 0d e0 07 00 00 0e bf 07 00 00 0f f3 07 00 00
1734000,00 84 04 10 00 00 00 00 00 01 00 00 00 00 02 00 00 00 00 03 00 00 00 00 04 00 00 00 00 05 00 00 00 00 06 00 00 00 00 07 00 00 00 00 08 00 00 00 00 09 00 00 00 00 0a 00 00 00 00 0b 00 00 00 00 0c 00 00 00 00 0d 00 00 00 00 0e 00 00 00 00 0f 00 00 00 00,00 84 04 10 00 f7 07 00 00 01 0c 08 00 00 02 c9 07 00 00 03 e0 07 00 00 04 f5 07 00 00 05 07 08 00 00 06 e7 07 00 00 07 db 07 00 00 08 fb 07 00 00 09 0d 08 00 00 0a f9 07 00 00 0b aa 07 00 00 0c f5 07 00 00 0d e0 07 00 00 0e bf 07 00 00 0f f3 07 00 00
1734000,00 84 04 10 00 00 00 00 00 01 00 00 00 00 02 00 00 00 00 03 00 00 00 00 04 00 00 00 00 05 00 00 00 00 06 00 00 00 00 07 00 00 00 00 08 00 00 00 00 09 00 00 00 00 0a 00 00 00 00 0b 00 00 00 00 0c 00 00 00 00 0d 00 00 00 00 0e 00 00 00 00 0f 00 00 00 00,00 84 04 10 00 f7 07 00 00 01 0c 08 00 00 02 c9 07 00 00 03 e0 07 00 00 04 f5 07 00 00 05 07 08 00 00 06 e7 07 00 00 07 db 07 00 00 08 fb 07 00 00 09 0d 08 00 00 0a f9 07 00 00 0b aa 07 00 00 0c f5 07 00 00 0d e0 07 00 00 0e bf 07 00 00 0f f3 07 00 00
1750000,00 84 04 10 00 00 00 00 00 01 00 00 00 00 02 00 00 00 00 03 00 00 00 00 04 00 00 00 00 05 00 00 00 00 06 00 00 00 00 07 00 00 00 00 08 00 00 00 00 09 00 00 00 00 0a 00 00 00 00 0b 00 00 00 00 0c 00 00 00 00 0d 00 00 00 00 0e 00 00 00 00 0f 00 00 00 00,00 84 04 10 00 f7 07 00 00 01 0c 08 00 00 02 c9 07 00 00 03 e0 07 00 00 04 f5 07 00 00 05 07 08 00 00 06 e7 07 00 00 07 db 07 00 00 08 fb 07 00 00 09 0d 08 00 00 0a f9 07 00 00 0b aa 07 00 00 0c f5 07 00 00 0d e0 07 00 00 0e bf 07 00 00 0f f3 07 00 00
1765000,00 84 04 10 00 00 00 00 00 01 00 00 00 00 02 00 00 00 00 03 00 00 00 00 04 00 00 00 00 05 00 00 00 00 06 00 00 00 00 07 00 00 00 00 08 00 00 00 00 09 00 00 00 00 0a 00 00 00 00 0b 00 00 00 00 0c 00 00 00 00 0d 00 00 00 00 0e 00 00 00 00 0f 00 00 00 00,00 84 04 10 00 f7 07 00 00 01 0c 08 00 00 02 c9 07 00 00 03 e0 07 00 00 04 f5 07 00 00 05 07 08 00 00 06 e7 07 00 00 07 db 07 00 00 08 fb 07 00 00 09 0d 08 00 00 0a f9 07 00 00 0b aa 07 00 00 0c f5 07 00 00 0d e0 07 00 00 0e bf 07 00 00 0f f3 07 00 00
1765000,00 84 04 10 00 00 00 00 00 01 00 00 00 00 02 00 00 00 00 03 00 00 00 00 04 00 00 00 00 05 00 00 00 00 06 00 00 00 00 07 00 00 00 00 08 00 00 00 00 09 00 00 00 00 0a 00 00 00 00 0b 00 00 00 00 0c 00 00 00 00 0d 00 00 00 00 0e 00 00 00 00 0f 00 00 00 00,00 84 04 10 00 f7 07 00 00 01 0c 08 00 00 02 c9 07 00 00 03 e0 07 00 00 04 f5 07 00 00 05 07 08 00 00 06 e7 07 00 00 07 db 07 00 00 08 fb 07 00 00 09 0d 08 00 00 0a f9 07 00 00 0b aa 07 00 00 0c f5 07 00 00 0d e0 07 00 00 0e bf 07 00 00 0f f3 07 00 00
1781000,00 84 04 10 00 00 00 00 00 01 00 00 00 00 02 00 00 00 00 03 00 00 00 00 04 00 00 00 00 05 00 00 00 00 06 00 00 00 00 07 00 00 00 00 08 00 00 00 00 09 00 00 00 00 0a 00 00 00 00 0b 00 00 00 00 0c 00 00 00 00 0d 00 00 00 00 0e 00 00 00 00 0f 00 00 00 00,00 84 04 10 00 f7 07 00 00 01 0c 08 00 00 02 c9 07 00 00 03 e0 07 00 00 04 f5 07 00 00 05 07 08 00 00 06 e7 07 00 00 07 db 07 00 00 08 fb 07 00 00 09 0d 08 00 00 0a f9 07 00 00 0b aa 07 00 00 0c f5 07 00 00 0d e0 07 00 00 0e bf 07 00 00 0f f3 07 00 00
1797000,00 84 04 10 00 00 00 00 00 01 00 00 00 00 02 00 00 00 00 03 00 00 00 00 04 00 00 00 00 05 00 00 00 00 06 00 00 00 00 07 00 00 00 00 08 00 00 00 00 09 00 00 00 00 0a 00 00 00 00 0b 00 00 00 00 0c 00 00 00 00 0d 00 00 00 00 0e 00 00 00 00 0f 00 00 00 00,00 84 04 10 00 f7 07 00 00 01 0c 08 00 00 02 c9 07 00 00 03 e0 07 00 00 04 f5 07 00 00 05 07 08 00 00 06 e7 07 00 00 07 db 07 00 00 08 fb 07 00 00 09 0d 08 00 00 0a f9 07 00 00 0b aa 07 00 00 0c f5 07 00 00 0d e0 07 00 00 0e bf 07 00 00 0f f3 07 00 00
1797000,00 84 04 10 00 00 00 00 00 01 00 00 00 00 02 00 00 00 00 03 00 00 00 00 04 00 00 00 00 05 00 00 00 00 06 00 00 00 00 07 00 00 00 00 08 00 00 00 00 09 00 00 00 00 0a 00 00 00 00 0b 00 00 00 00 0c 00 00 00 00 0d 00 00 00 00 0e 00 00 00 00 0f 00 00 00 00,00 84 04 10 00 f7 07 00 00 01 0c 08 00 00 02 c9 07 00 00 03 e0 07 00 00 04 f5 07 00 00 05 07 08 00 00 06 e7 07 00 00 07 db 07 00 00 08 fb 07 00 00 09 0d 08 00 00 0a f9 07 00 00 0b aa 07 00 00 0c f5 07 00 00 0d e0 07 00 00 0e bf 07 00 00 0f f3 07 00 00
1812000,00 84 04 10 00 00 00 00 00 01 00 00 00 00 02 00 00 00 00 03 00 00 00 00 04 00 00 00 00 05 00 00 00 00 06 00 00 00 00 07 00 00 00 00 08 00 00 00 00 09 00 00 00 00 0a 00 00 00 00 0b 00 00 00 00 0c 00 00 00 00 0d 00 00 00 00 0e 00 00 00 00 0f 00 00 00 00,00 84 04 10 00 f7 07 00 00 01 0c 08 00 00 02 c9 07 00 00 03 e0 07 00 00 04 f5 07 00 00 05 07 08 00 00 06 e7 07 00 00 07 db 07 00 00 08 fb 07 00 00 09 0d 08 00 00 0a f9 07 00 00 0b aa 07 00 00 0c f5 07 00 00 0d e0 07 00 00 0e bf 07 00 00 0f f3 07 00 00
1828000,00 84 04 10 00 00 00 00 00 01 00 00 00 00 02 00 00 00 00 03 00 00 00 00 04 00 00 00 00 05 00 00 00 00 06 00 00 00 00 07 00 00 00 00 08 00 00 00 00 09 00 00 00 00 0a 00 00 00 00 0b 00 00 00 00 0c 00 00 00 00 0d 00 00 00 00 0e 00 00 00 00 0f 00 00 00 00,00 84 04 10 00 f7 07 00 00 01 0c 08 00 00 02 c9 07 00 00 03 e0 07 00 00 04 f5 07 00 00 05 07 08 00 00 06 e7 07 00 00 07 db 07 00 00 08 fb 07 00 00 09 0d 08 00 00 0a f9 07 00 00 0b aa 07 00 00 0c f5 07 00 00 0d e0 07 00 00 0e bf 07 00 00 0f f3 07 00 00
1828000,00 84 04 10 00 00 00 00 00 01 00 00 00 00 02 00 00 00 00 03 00 00 00 00 04 00 00 00 00 05 00 00 00 00 06 00 00 00 00 07 00 00 00 00 08 00 00 00 00 09 00 00 00 00 0a 00 00 00 00 0b 00 00 00 00 0c 00 00 00 00 0d 00 00 00 00 0e 00 00 00 00 0f 00 00 00 00,00 84 04 10 00 f7 07 00 00 01 0c 08 00 00 02 c9 07 00 00 03 e0 07 00 00 04 f5 07 00 00 05 07 08 00 00 06 e7 07 00 00 07 db 07 00 00 08 fb 07 00 00 09 0d 08 00 00 0a f9 07 00 00 0b aa 07 00 00 0c f5 07 00 00 0d e0 07 00 00 0e bf 07 00 00 0f f3 07 00 00
1844000,00 84 04 10 00 00 00 00 00 01 00 00 00 00 02 00 00 00 00 03 00 00 00 00 04 00 00 00 00 05 00 00 00 00 06 00 00 00 00 07 00 00 00 00 08 00 00 00 00 09 00 00 00 00 0a 00 00 00 00 0b 00 00 00 00 0c 00 00 00 00 0d 00 00 00 00 0e 00 00 00 00 0f 00 00 00 00,00 84 04 10 00 f7 07 00 00 01 0c 08 00 00 02 c9 07 00 00 03 e0 07 00 00 04 f5 07 00 00 05 07 08 00 00 06 e7 07 00 00 07 db 07 00 00 08 fb 07 00 00 09 0d 08 00 00 0a f9 07 00 00 0b aa 07 00 00 0c f5 07 00 00 0d e0 07 00 00 0e bf 07 00 00 0f f3 07 00 00
1859000,00 84 04 10 00 00 00 00 00 01 00 00 00 00 02 00 00 00 00 03 00 00 00 00 04 00 00 00 00 05 00 00 00 00 06 00 00 00 00 07 00 00 00 00 08 00 00 00 00 09 00 00 00 00 0a 00 00 00 00 0b 00 00 00 00 0c 00 00 00 00 0d 00 00 00 00 0e 00 00 00 00 0f 00 00 00 00,00 84 04 10 00 f7 07 00 00 01 0c 08 00 00 02 c9 07 00 00 03 e0 07 00 00 04 f5 07 00 00 05 07 08 00 00 06 e7 07 00 00 07 db 07 00 00 08 fb 07 00 00 09 0d 08 00 00 0a f9 07 00 00 0b aa 07 00 00 0c f4 07 00 00 0d e0 07 00 00 0e bf 07 00 00 0f f3 07 00 00
1859000,00 84 04 10 00 00 00 00 00 01 00 00 00 00 02 00 00 00 00 03 00 00 00 00 04 00 00 00 00 05 00 00 00 00 06 00 00 00 00 07 00 00 00 00 08 00 00 00 00 09 00 00 00 00 0a 00 00 00 00 0b 00 00 00 00 0c 00 00 00 00 0d 00 00 00 00 0e 00 00 00 00 0f 00 00 00 00,00 84 04 10 00 f7 07 00 00 01 0c 08 00 00 02 c9 07 00 00 03 e0 07 00 00 04 f5 07 00 00 05 07 08 00 00 06 e6 07 00 00 07 db 07 00 00 08 fb 07 00 00 09 0d 08 00 00 0a f9 07 00 00 0b aa 07 00 00 0c f5 07 00 00 0d e0 07 00 00 0e bf 07 00 00 0f f3 07 00 00
1875000,00 84 04 10 00 00 00 00 00 01 00 00 00 00 02 00 00 00 00 03 00 00 00 00 04 00 00 00 00 05 00 00 00 00 06 00 00 00 00 07 00 00 00 00 08 00 00 00 00 09 00 00 00 00 0a 00 00 00 00 0b 00 00 00 00 0c 00 00 00 00 0d 00 00 00 00 0e 00 00 00 00 0f 00 00 00 00,00 84 04 10 00 f7 07 00 00 01 0c 08 00 00 02 c9 07 00 00 03 e0 07 00 00 04 f5 07 00 00 05 07 08 00 00 06 e7 07 00 00 07 db 07 00 00 08 fb 07 00 00 09 0d 08 00 00 0a f9 07 00 00 0b aa 07 00 00 0c f5 07 00 00 0d e0 07 00 00 0e bf 07 00 00 0f f3 07 00 00
1890000,00 84 04 10 00 00 00 00 00 01 00 00 00 00 02 00 00 00 00 03 00 00 00 00 04 00 00 00 00 05 00 00 00 00 06 00 00 00 00 07 00 00 00 00 08 00 00 00 00 09 00 00 00 00 0a 00 00 00 00 0b 00 00 00 00 0c 00 00 00 00 0d 00 00 00 00 0e 00 00 00 00 0f 00 00 00 00,00 84 04 10 00 f7 07 00 00 01 0c 08 00 00 02 c9 07 00 00 03 e0 07 00 00 04 f5 07 00 00 05 07 08 00 00 06 e7 07 00 00 07 db 07 00 00 08 fb 07 00 00 09 0d 08 00 00 0a f9 07 00 00 0b aa 07 00 00 0c f5 07 00 00 0d e0 07 00 00 0e bf 07 00 00 0f f3 07 00 00
1906000,00 84 04 10 00 00 00 00 00 01 00 00 00 00 02 00 00 00 00 03 00 00 00 00 04 00 00 00 00 05 00 00 00 00 06 00 00 00 00 07 00 00 00 00 08 00 00 00 00 09 00 00 00 00 0a 00 00 00 00 0b 00 00 00 00 0c 00 00 00 00 0d 00 00 00 00 0e 00 00 00 00 0f 00 00 00 00,00 84 04 10 00 f7 07 00 00 01 0c 08 00 00 02 c9 07 00 00 03 e0 07 00 00 04 f5 07 00 00 05 07 08 00 00 06 e7 07 00 00 07 db 07 00 00 08 fb 07 00 00 09 0d 08 00 00 0a f9 07 00 00 0b aa 07 00 00 0c f5 07 00 00 0d e0 07 00 00 0e bf 07 00 00 0f f3 07 00 00
1922000,00 84 04 10 00 00 00 00 00 01 00 00 00 00 02 00 00 00 00 03 00 00 00 00 04 00 00 00 00 05 00 00 00 00 06 00 00 00 00 07 00 00 00 00 08 00 00 00 00 09 00 00 00 00 0a 00 00 00 00 0b 00 00 00 00 0c 00 00 00 00 0d 00 00 00 00 0e 00 00 00 00 0f 00 00 00 00,00 84 04 10 00 f7 07 00 00 01 0c 08 00 00 02 c9 07 00 00 03 e0 07 00 00 04 f5 07 00 00 05 07 08 00 00 06 e7 07 00 00 07 db 07 00 00 08 fb 07 00 00 09 0d 08 00 00 0a f9 07 00 00 0b aa 07 00 00 0c f5 07 00 00 0d e0 07 00 00 0e bf 07 00 00 0f f3 07 00 00
1922000,00 84 04 10 00 00 00 00 00 01 00 00 00 00 02 00 00 00 00 03 00 00 00 00 04 00 00 00 00 05 00 00 00 00 06 00 00 00 00 07 00 00 00 00 08 00 00 00 00 09 00 00 00 00 0a 00 00 00 00 0b 00 00 00 00 0c 00 00 00 00 0d 00 00 00 00 0e 00 00 00 00 0f 00 00 00 00,00 84 04 10 00 f7 07 00 00 01 0c 08 00 00 02 c9 07 00 00 03 e0 07 00 00 04 f5 07 00 00 05 07 08 00 00 06 e7 07 00 00 07 db 07 00 00 08 fb 07 00 00 09 0d 08 00 00 0a f9 07 00 00 0b aa 07 00 00 0c f5 07 00 00 0d e0 07 00 00 0e bf 07 00 00 0f f3 07 00 00
1937000,00 84 04 10 00 00 00 00 00 01 00 00 00 00 02 00 00 00 00 03 00 00 00 00 04 00 00 00 00 05 00 00 00 00 06 00 00 00 00 07 00 00 00 00 08 00 00 00 00 09 00 00 00 00 0a 00 00 00 00 0b 00 00 00 00 0c 00 00 00 00 0d 00 00 00 00 0e 00 00 00 00 0f 00 00 00 00,00 84 04 10 00 f7 07 00 00 01 0c 08 00 00 02 c9 07 00 00 03 e0 07 00 00 04 f5 07 00 00 05 07 08 00 00 06 e7 07 00 00 07 db 07 00 00 08 fb 07 00 00 09 0d 08 00 00 0a f9 07 00 00 0b aa 07 00 00 0c f5 07 00 00 0d e0 07 00 00 0e bf 07 00 00 0f f3 07 00 00
1937000,00 84 04 10 00 00 00 00 00 01 00 00 00 00 02 00 00 00 00 03 00 00 00 00 04 00 00 00 00 05 00 00 00 00 06 00 00 00 00 07 00 00 00 00 08 00 00 00 00 09 00 00 00 00 0a 00 00 00 00 0b 00 00 00 00 0c 00 00 00 00 0d 00 00 00 00 0e 00 00 00 00 0f 00 00 00 00,00 84 04 10 00 f7 07 00 00 01 0c 08 00 00 02 c9 07 00 00 03 e0 07 00 00 04 f5 07 00 00 05 07 08 00 00 06 e7 07 00 00 07 db 07 00 00 08 fb 07 00 00 09 0d 08 00 00 0a f9 07 00 00 0b aa 07 00 00 0c f5 07 00 00 0d e0 07 00 00 0e bf 07 00 00 0f f3 07 00 00
1953000,00 84 04 10 00 00 00 00 00 01 00 00 00 00 02 00 00 00 00 03 00 00 00 00 04 00 00 00 00 05 00 00 00 00 06 00 00 00 00 07 00 00 00 00 08 00 00 00 00 09 00 00 00 00 0a 00 00 00 00 0b 00 00 00 00 0c 00 00 00 00 0d 00 00 00 00 0e 00 00 00 00 0f 00 00 00 00,00 84 04 10 00 f7 07 00 00 01 0c 08 00 00 02 c9 07 00 00 03 e0 07 00 00 04 f5 07 00 00 05 07 08 00 00 06 e7 07 00 00 07 db 07 00 00 08 fb 07 00 00 09 0d 08 00 00 0a f9 07 00 00 0b aa 07 00 00 0c f5 07 00 00 0d e0 07 00 00 0e bf 07 00 00 0f f3 07 00 00
1969000,00 84 04 10 00 00 00 00 00 01 00 00 00 00 02 00 00 00 00 03 00 00 00 00 04 00 00 00 00 05 00 00 00 00 06 00 00 00 00 07 00 00 00 00 08 00 00 00 00 09 00 00 00 00 0a 00 00 00 00 0b 00 00 00 00 0c 00 00 00 00 0d 00 00 00 00 0e 00 00 00 00 0f 00 00 00 00,00 84 04 10 00 f7 07 00 00 01 0c 08 00 00 02 c9 07 00 00 03 e0 07 00 00 04 f5 07 00 00 05 07 08 00 00 06 e7 07 00 00 07 db 07 00 00 08 fb 07 00 00 09 0d 08 00 00 0a f9 07 00 00 0b aa 07 00 00 0c f5 07 00 00 0d e0 07 00 00 0e bf 07 00 00 0f f3 07 00 00
1969000,00 84 04 10 00 00 00 00 00 01 00 00 00 00 02 00 00 00 00 03 00 00 00 00 04 00 00 00 00 05 00 00 00 00 06 00 00 00 00 07 00 00 00 00 08 00 00 00 00 09 00 00 00 00 0a 00 00 00 00 0b 00 00 00 00 0c 00 00 00 00 0d 00 00 00 00 0e 00 00 00 00 0f 00 00 00 00,00 84 04 10 00 f7 07 00 00 01 0c 08 00 00 02 c9 07 00 00 03 e0 07 00 00 04 f5 07 00 00 05 07 08 00 00 06 e7 07 00 00 07 db 07 00 00 08 fb 07 00 00 09 0d 08 00 00 0a f9 07 00 00 0b aa 07 00 00 0c f5 07 00 00 0d e0 07 00 00 0e bf 07 00 00 0f f3 07 00 00
1984000,00 84 04 10 00 00 00 00 00 01 00 00 00 00 02 00 00 00 00 03 00 00 00 00 04 00 00 00 00 05 00 00 00 00 06 00 00 00 00 07 00 00 00 00 08 00 00 00 00 09 00 00 00 00 0a 00 00 00 00 0b 00 00 00 00 0c 00 00 00 00 0d 00 00 00 00 0e 00 00 00 00 0f 00 00 00 00,00 84 04 10 00 f7 07 00 00 01 0c 08 00 00 02 c9 07 00 00 03 e0 07 00 00 04 f5 07 00 00 05 07 08 00 00 06 e7 07 00 00 07 db 07 00 00 08 fb 07 00 00 09 0d 08 00 00 0a f9 07 00 00 0b aa 07 00 00 0c f5 07 00 00 0d e0 07 00 00 0e bf 07 00 00 0f f3 07 00 00
2000000,00 84 04 10 00 00 00 00 00 01 00 00 00 00 02 00 00 00 00 03 00 00 00 00 04 00 00 00 00 05 00 00 00 00 06 00 00 00 00 07 00 00 00 00 08 00 00 00 00 09 00 00 00 00 0a 00 00 00 00 0b 00 00 00 00 0c 00 00 00 00 0d 00 00 00 00 0e 00 00 00 00 0f 00 00 00 00,00 84 04 10 00 f7 07 00 00 01 0c 08 00 00 02 c9 07 00 00 03 e0 07 00 00 04 f5 07 00 00 05 07 08 00 00 06 e7 07 00 00 07 db 07 00 00 08 fb 07 00 00 09 0d 08 00 00 0a f9 07 00 00 0b aa 07 00 00 0c f5 07 00 00 0d e0 07 00 00 0e bf 07 00 00 0f f3 07 00 00
2000000,00 84 04 10 00 00 00 00 00 01 00 00 00 00 02 00 00 00 00 03 00 00 00 00 04 00 00 00 00 05 00 00 00 00 06 00 00 00 00 07 00 00 00 00 08 00 00 00 00 09 00 00 00 00 0a 00 00 00 00 0b 00 00 00 00 0c 00 00 00 00 0d 00 00 00 00 0e 00 00 00 00 0f 00 00 00 00,00 84 04 10 00 f7 07 00 00 01 0c 08 00 00 02 c9 07 00 00 03 e0 07 00 00 04 f5 07 00 00 05 07 08 00 00 06 e7 07 00 00 07 db 07 00 00 08 fb 07 00 00 09 0d 08 00 00 0a f9 07 00 00 0b aa 07 00 00 0c f5 07 00 00 0d e0 07 00 00 0e bf 07 00 00 0f f3 07 00 00
2015000,00 84 04 10 00 00 00 00 00 01 00 00 00 00 02 00 00 00 00 03 00 00 00 00 04 00 00 00 00 05 00 00 00 00 06 00 00 00 00 07 00 00 00 00 08 00 00 00 00 09 00 00 00 00 0a 00 00 00 00 0b 00 00 00 00 0c 00 00 00 00 0d 00 00 00 00 0e 00 00 00 00 0f 00 00 00 00,00 84 04 10 00 f7 07 00 00 01 0c 08 00 00 02 c9 07 00 00 03 e0 07 00 00 04 f5 07 00 00 05 07 08 00 00 06 e7 07 00 00 07 db 07 00 00 08 fb 07 00 00 09 0d 08 00 00 0a f9 07 00 00 0b aa 07 00 00 0c f5 07 00 00 0d e0 07 00 00 0e bf 07 00 00 0f f3 07 00 00
2031000,00 84 04 10 00 00 00 00 00 01 00 00 00 00 02 00 00 00 00 03 00 00 00 00 04 00 00 00 00 05 00 00 00 00 06 00 00 00 00 07 00 00 00 00 08 00 00 00 00 09 00 00 00 00 0a 00 00 00 00 0b 00 00 00 00 0c 00 00 00 00 0d 00 00 00 00 0e 00 00 00 00 0f 00 00 00 00,00 84 04 10 00 f7 07 00 00 01 0c 08 00 00 02 c9 07 00 00 03 e0 07 00 00 04 f5 07 00 00 05 07 08 00 00 06 e7 07 00 00 07 db 07 00 00 08 fb 07 00 00 09 0d 08 00 00 0a f9 07 00 00 0b aa 07 00 00 0c f5 07 00 00 0d e0 07 00 00 0e bf 07 00 00 0f f3 07 00 00
2031000,00 84 04 10 00 00 00 00 00 01 00 00 00 00 02 00 00 00 00 03 00 00 00 00 04 00 00 00 00 05 00 00 00 00 06 00 00 00 00 07 00 00 00 00 08 00 00 00 00 09 00 00 00 00 0a 00 00 00 00 0b 00 00 00 00 0c 00 00 00 00 0d 00 00 00 00 0e 00 00 00 00 0f 00 00 00 00,00 84 04 10 00 f7 07 00 00 01 0c 08 00 00 02 c9 07 00 00 03 e0 07 00 00 04 f5 07 00 00 05 07 08 00 00 06 e7 07 00 00 07 db 07 00 00 08 fb 07 00 00 09 0d 08 00 00 0a f9 07 00 00 0b aa 07 00 00 0c f5 07 00 00 0d e0 07 00 00 0e bf 07 00 00 0f f3 07 00 00
2047000,00 84 04 10 00 00 00 00 00 01 00 00 00 00 02 00 00 00 00 03 00 00 00 00 04 00 00 00 00 05 00 00 00 00 06 00 00 00 00 07 00 00 00 00 08 00 00 00 00 09 00 00 00 00 0a 00 00 00 00 0b 00 00 00 00 0c 00 00 00 00 0d 00 00 00 00 0e 00 00 00 00 0f 00 00 00 00,00 84 04 10 00 f7 07 00 00 01 0c 08 00 00 02 c9 07 00 00 03 e0 07 00 00 04 f5 07 00 00 05 07 08 00 00 06 e7 07 00 00 07 db 07 00 00 08 fb 07 00 00 09 0d 08 00 00 0a f9 07 00 00 0b aa 07 00 00 0c f5 07 00 00 0d e0 07 00 00 0e bf 07 00 00 0f f3 07 00 00
2047000,00 84 04 10 00 00 00 00 00 01 00 00 00 00 02 00 00 00 00 03 00 00 00 00 04 00 00 00 00 05 00 00 00 00 06 00 00 00 00 07 00 00 00 00 08 00 00 00 00 09 00 00 00 00 0a 00 00 00 00 0b 00 00 00 00 0c 00 00 00 00 0d 00 00 00 00 0e 00 00 00 00 0f 00 00 00 00,00 84 04 10 00 f7 07 00 00 01 0c 08 00 00 02 c9 07 00 00 03 e0 07 00 00 04 f5 07 00 00 05 07 08 00 00 06 e7 07 00 00 07 db 07 00 00 08 fb 07 00 00 09 0d 08 00 00 0a f9 07 00 00 0b aa 07 00 00 0c f5 07 00 00 0d e0 07 00 00 0e bf 07 00 00 0f f3 07 00 00
2062000,00 84 04 10 00 00 00 00 00 01 00 00 00 00 02 00 00 00 00 03 00 00 00 00 04 00 00 00 00 05 00 00 00 00 06 00 00 00 00 07 00 00 00 00 08 00 00 00 00 09 00 00 00 00 0a 00 00 00 00 0b 00 00 00 00 0c 00 00 00 00 0d 00 00 00 00 0e 00 00 00 00 0f 00 00 00 00,00 84 04 10 00 f7 07 00 00 01 0c 08 00 00 02 c9 07 00 00 03 e0 07 00 00 04 f5 07 00 00 05 07 08 00 00 06 e7 07 00 00 07 db 07 00 00 08 fb 07 00 00 09 0d 08 00 00 0a f9 07 00 00 0b aa 07 00 00 0c f5 07 00 00 0d e0 07 00 00 0e bf 07 00 00 0f f3 07 00 00
2078000,00 84 04 10 00 00 00 00 00 01 00 00 00 00 02 00 00 00 00 03 00 00 00 00 04 00 00 00 00 05 00 00 00 00 06 00 00 00 00 07 00 00 00 00 08 00 00 00 00 09 00 00 00 00 0a 00 00 00 00 0b 00 00 00 00 0c 00 00 00 00 0d 00 00 00 00 0e 00 00 00 00 0f 00 00 00 00,00 84 04 10 00 f7 07 00 00 01 0c 08 00 00 02 c9 07 00 00 03 e0 07 00 00 04 f5 07 00 00 05 07 08 00 00 06 e6 07 00 00 07 db 07 00 00 08 fb 07 00 00 09 0d 08 00 00 0a f9 07 00 00 0b aa 07 00 00 0c f5 07 00 00 0d e0 07 00 00 0e bf 07 00 00 0f f3 07 00 00
2078000,00 84 04 10 00 00 00 00 00 01 00 00 00 00 02 00 00 00 00 03 00 00 00 00 04 00 00 00 00 05 00 00 00 00 06 00 00 00 00 07 00 00 00 00 08 00 00 00 00 09 00 00 00 00 0a 00 00 00 00 0b 00 00 00 00 0c 00 00 00 00 0d 00 00 00 00 0e 00 00 00 00 0f 00 00 00 00,00 84 04 10 00 f7 07 00 00 01 0c 08 00 00 02 c9 07 00 00 03 e0 07 00 00 04 f5 07 00 00 05 07 08 00 00 06 e7 07 00 00 07 db 07 00 00 08 fb 07 00 00 09 0d 08 00 00 0a f9 07 00 00 0b aa 07 00 00 0c f5 07 00 00 0d e0 07 00 00 0e bf 07 00 00 0f f3 07 00 00
2094000,00 84 04 10 00 00 00 00 00 01 00 00 00 00 02 00 00 00 00 03 00 00 00 00 04 00 00 00 00 05 00 00 00 00 06 00 00 00 00 07 00 00 00 00 08 00 00 00 00 09 00 00 00 00 0a 00 00 00 00 0b 00 00 00 00 0c 00 00 00 00 0d 00 00 00 00 0e 00 00 00 00 0f 00 00 00 00,00 84 04 10 00 f7 07 00 00 01 0c 08 00 00 02 c9 07 00 00 03 e0 07 00 00 04 f5 07 00 00 05 07 08 00 00 06 e7 07 00 00 07 db 07 00 00 08 fb 07 00 00 09 0d 08 00 00 0a f9 07 00 00 0b aa 07 00 00 0c f5 07 00 00 0d e0 07 00 00 0e bf 07 00 00 0f f3 07 00 00
2109000,00 84 04 10 00 00 00 00 00 01 00 00 00 00 02 00 00 00 00 03 00 00 00 00 04 00 00 00 00 05 00 00 00 00 06 00 00 00 00 07 00 00 00 00 08 00 00 00 00 09 00 00 00 00 0a 00 00 00 00 0b 00 00 00 00 0c 00 00 00 00 0d 00 00 00 00 0e 00 00 00 00 0f 00 00 00 00,00 84 04 10 00 f7 07 00 00 01 0c 08 00 00 02 c9 07 00 00 03 e0 07 00 00 04 f5 07 00 00 05 07 08 00 00 06 e7 07 00 00 07 db 07 00 00 08 fb 07 00 00 09 0d 08 00 00 0a f9 07 00 00 0b aa 07 00 00 0c f5 07 00 00 0d e0 07 00 00 0e bf 07 00 00 0f f3 07 00 00
2109000,00 84 04 10 00 00 00 00 00 01 00 00 00 00 02 00 00 00 00 03 00 00 00 00 04 00 00 00 00 05 00 00 00 00 06 00 00 00 00 07 00 00 00 00 08 00 00 00 00 09 00 00 00 00 0a 00 00 00 00 0b 00 00 00 00 0c 00 00 00 00 0d 00 00 00 00 0e 00 00 00 00 0f 00 00 00 00,00 84 04 10 00 f7 07 00 00 01 0c 08 00 00 02 c9 07 00 00 03 e0 07 00 00 04 f5 07 00 00 05 07 08 00 00 06 e7 07 00 00 07 db 07 00 00 08 fb 07 00 00 09 0d 08 00 00 0a f9 07 00 00 0b aa 07 00 00 0c f5 07 00 00 0d e0 07 00 00 0e bf 07 00 00 0f f3 07 00 00
2125000,00 84 04 10 00 00 00 00 00 01 00 00 00 00 02 00 00 00 00 03 00 00 00 00 04 00 00 00 00 05 00 00 00 00 06 00 00 00 00 07 00 00 00 00 08 00 00 00 00 09 00 00 00 00 0a 00 00 00 00 0b 00 00 00 00 0c 00 00 00 00 0d 00 00 00 00 0e 00 00 00 00 0f 00 00 00 00,00 84 04 10 00 f7 07 00 00 01 0c 08 00 00 02 c9 07 00 00 03 e0 07 00 00 04 f5 07 00 00 05 07 08 00 00 06 e7 07 00 00 07 db 07 00 00 08 fb 07 00 00 09 0d 08 00 00 0a f9 07 00 00 0b aa 07 00 00 0c f5 07 00 00 0d e0 07 00 00 0e bf 07 00 00 0f f3 07 00 00
2140000,00 84 04 10 00 00 00 00 00 01 00 00 00 00 02 00 00 00 00 03 00 00 00 00 04 00 00 00 00 05 00 00 00 00 06 00 00 00 00 07 00 00 00 00 08 00 00 00 00 09 00 00 00 00 0a 00 00 00 00 0b 00 00 00 00 0c 00 00 00 00 0d 00 00 00 00 0e 00 00 00 00 0f 00 00 00 00,00 84 04 10 00 f7 07 00 00 01 0c 08 00 00 02 c9 07 00 00 03 e0 07 00 00 04 f5 07 00 00 05 07 08 00 00 06 e7 07 00 00 07 db 07 00 00 08 fb 07 00 00 09 0d 08 00 00 0a f9 07 00 00 0b aa 07 00 00 0c f5 07 00 00 0d e0 07 00 00 0e bf 07 00 00 0f f3 07 00 00
2140000,00 84 04 10 00 00 00 00 00 01 00 00 00 00 02 00 00 00 00 03 00 00 00 00 04 00 00 00 00 05 00 00 00 00 06 00 00 00 00 07 00 00 00 00 08 00 00 00 00 09 00 00 00 00 0a 00 00 00 00 0b 00 00 00 00 0c 00 00 00 00 0d 00 00 00 00 0e 00 00 00 00 0f 00 00 00 00,00 84 04 10 00 f7 07 00 00 01 0c 08 00 00 02 c9 07 00 00 03 e0 07 00 00 04 f5 07 00 00 05 07 08 00 00 06 e7 07 00 00 07 db 07 00 00 08 fb 07 00 00 09 0d 08 00 00 0a f9 07 00 00 0b aa 07 00 00 0c f5 07 00 00 0d e0 07 00 00 0e bf 07 00 00 0f f3 07 00 00
2156000,00 84 04 10 00 00 00 00 00 01 00 00 00 00 02 00 00 00 00 03 00 00 00 00 04 00 00 00 00 05 00 00 00 00 06 00 00 00 00 07 00 00 00 00 08 00 00 00 00 09 00 00 00 00 0a 00 00 00 00 0b 00 00 00 00 0c 00 00 00 00 0d 00 00 00 00 0e 00 00 00 00 0f 00 00 00 00,00 84 04 10 00 f7 07 00 00 01 0c 08 00 00 02 c9 07 00 00 03 e0 07 00 00 04 f5 07 00 00 05 07 08 00 00 06 e7 07 00 00 07 db 07 00 00 08 fb 07 00 00 09 0d 08 00 00 0a f9 07 00 00 0b aa 07 00 00 0c f5 07 00 00 0d e0 07 00 00 0e bf 07 00 00 0f f3 07 00 00
2156000,00 84 04 10 00 00 00 00 00 01 00 00 00 00 02 00 00 00 00 03 00 00 00 00 04 00 00 00 00 05 00 00 00 00 06 00 00 00 00 07 00 00 00 00 08 00 00 00 00 09 00 00 00 00 0a 00 00 00 00 0b 00 00 00 00 0c 00 00 00 00 0d 00 00 00 00 0e 00 00 00 00 0f 00 00 00 00,00 84 04 10 00 f7 07 00 00 01 0c 08 00 00 02 c9 07 00 00 03 e0 07 00 00 04 f5 07 00 00 05 07 08 00 00 06 e7 07 00 00 07 db 07 00 00 08 fb 07 00 00 09 0d 08 00 00 0a f9 07 00 00 0b aa 07 00 00 0c f5 07 00 00 0d e0 07 00 00 0e bf 07 00 00 0f f3 07 00 00
2172000,00 84 04 10 00 00 00 00 00 01 00 00 00 00 02 00 00 00 00 03 00 00 00 00 04 00 00 00 00 05 00 00 00 00 06 00 00 00 00 07 00 00 00 00 08 00 00 00 00 09 00 00 00 00 0a 00 00 00 00 0b 00 00 00 00 0c 00 00 00 00 0d 00 00 00 00 0e 00 00 00 00 0f 00 00 00 00,00 84 04 10 00 f7 07 00 00 01 0c 08 00 00 02 c9 07 00 00 03 e0 07 00 00 04 f5 07 00 00 05 07 08 00 00 06 e7 07 00 00 07 db 07 00 00 08 fb 07 00 00 09 0d 08 00 00 0a f9 07 00 00 0b aa 07 00 00 0c f5 07 00 00 0d e0 07 00 00 0e bf 07 00 00 0f f3 07 00 00
2187000,00 84 04 10 00 00 00 00 00 01 00 00 00 00 02 00 00 00 00 03 00 00 00 00 04 00 00 00 00 05 00 00 00 00 06 00 00 00 00 07 00 00 00 00 08 00 00 00 00 09 00 00 00 00 0a 00 00 00 00 0b 00 00 00 00 0c 00 00 00 00 0d 00 00 00 00 0e 00 00 00 00 0f 00 00 00 00,00 84 04 10 00 f7 07 00 00 01 0c 08 00 00 02 c9 07 00 00 03 e0 07 00 00 04 f5 07 00 00 05 07 08 00 00 06 e7 07 00 00 07 db 07 00 00 08 fb 07 00 00 09 0d 08 00 00 0a f9 07 00 00 0b aa 07 00 00 0c f5 07 00 00 0d e0 07 00 00 0e bf 07 00 00 0f f3 07 00 00
2187000,00 84 04 10 00 00 00 00 00 01 00 00 00 00 02 00 00 00 00 03 00 00 00 00 04 00 00 00 00 05 00 00 00 00 06 00 00 00 00 07 00 00 00 00 08 00 00 00 00 09 00 00 00 00 0a 00 00 00 00 0b 00 00 00 00 0c 00 00 00 00 0d 00 00 00 00 0e 00 00 00 00 0f 00 00 00 00,00 84 04 10 00 f7 07 00 00 01 0c 08 00 00 02 c9 07 00 00 03 e0 07 00 00 04 f5 07 00 00 05 07 08 00 00 06 e7 07 00 00 07 db 07 00 00 08 fb 07 00 00 09 0d 08 00 00 0a f9 07 00 00 0b aa 07 00 00 0c f5 07 00 00 0d e0 07 00 00 0e bf 07 00 00 0f f3 07 00 00
2203000,00 84 04 10 00 00 00 00 00 01 00 00 00 00 02 00 00 00 00 03 00 00 00 00 04 00 00 00 00 05 00 00 00 00 06 00 00 00 00 07 00 00 00 00 08 00 00 00 00 09 00 00 00 00 0a 00 00 00 00 0b 00 00 00 00 0c 00 00 00 00 0d 00 00 00 00 0e 00 00 00 00 0f 00 00 00 00,00 84 04 10 00 f7 07 00 00 01 0c 08 00 00 02 c9 07 00 00 03 e0 07 00 00 04 f5 07 00 00 05 07 08 00 00 06 e7 07 00 00 07 db 07 00 00 08 fb 07 00 00 09 0d 08 00 00 0a f9 07 00 00 0b aa 07 00 00 0c f5 07 00 00 0d e0 07 00 00 0e bf 07 00 00 0f f3 07 00 00
2219000,00 84 04 10 00 00 00 00 00 01 00 00 00 00 02 00 00 00 00 03 00 00 00 00 04 00 00 00 00 05 00 00 00 00 06 00 00 00 00 07 00 00 00 00 08 00 00 00 00 09 00 00 00 00 0a 00 00 00 00 0b 00 00 00 00 0c 00 00 00 00 0d 00 00 00 00 0e 00 00 00 00 0f 00 00 00 00,00 84 04 10 00 f7 07 00 00 01 0c 08 00 00 02 c9 07 00 00 03 e0 07 00 00 04 f5 07 00 00 05 07 08 00 00 06 e7 07 00 00 07 db 07 00 00 08 fb 07 00 00 09 0d 08 00 00 0a f9 07 00 00 0b aa 07 00 00 0c f5 07 00 00 0d e0 07 00 00 0e bf 07 00 00 0f f3 07 00 00
2219000,00 84 04 10 00 00 00 00 00 01 00 00 00 00 02 00 00 00 00 03 00 00 00 00 04 00 00 00 00 05 00 00 00 00 06 00 00 00 00 07 00 00 00 00 08 00 00 00 00 09 00 00 00 00 0a 00 00 00 00 0b 00 00 00 00 0c 00 00 00 00 0d 00 00 00 00 0e 00 00 00 00 0f 00 00 00 00,00 84 04 10 00 f7 07 00 00 01 0c 08 00 00 02 c9 07 00 00 03 e0 07 00 00 04 f5 07 00 00 05 07 08 00 00 06 e7 07 00 00 07 db 07 00 00 08 fb 07 00 00 09 0d 08 00 00 0a f9 07 00 00 0b aa 07 00 00 0c f5 07 00 00 0d e0 07 00 00 0e bf 07 00 00 0f f3 07 00 00
2234000,00 84 04 10 00 00 00 00 00 01 00 00 00 00 02 00 00 00 00 03 00 00 00 00 04 00 00 00 00 05 00 00 00 00 06 00 00 00 00 07 00 00 00 00 08 00 00 00 00 09 00 00 00 00 0a 00 00 00 00 0b 00 00 00 00 0c 00 00 00 00 0d 00 00 00 00 0e 00 00 00 00 0f 00 00 00 00,00 84 04 10 00 f7 07 00 00 01 0c 08 00 00 02 c9 07 00 00 03 e0 07 00 00 04 f5 07 00 00 05 07 08 00 00 06 e7 07 00 00 07 db 07 00 00 08 fb 07 00 00 09 0d 08 00 00 0a f9 07 00 00 0b aa 07 00 00 0c f5 07 00 00 0d e0 07 00 00 0e bf 07 00 00 0f f3 07 00 00
2250000,00 84 04 10 00 00 00 00 00 01 00 00 00 00 02 00 00 00 00 03 00 00 00 00 04 00 00 00 00 05 00 00 00 00 06 00 00 00 00 07 00 00 00 00 08 00 00 00 00 09 00 00 00 00 0a 00 00 00 00 0b 00 00 00 00 0c 00 00 00 00 0d 00 00 00 00 0e 00 00 00 00 0f 00 00 00 00,00 84 04 10 00 f7 07 00 00 01 0c 08 00 00 02 c9 07 00 00 03 e0 07 00 00 04 f5 07 00 00 05 07 08 00 00 06 e7 07 00 00 07 db 07 00 00 08 fb 07 00 00 09 0d 08 00 00 0a f9 07 00 00 0b aa 07 00 00 0c f5 07 00 00 0d e0 07 00 00 0e bf 07 00 00 0f f3 07 00 00
2250000,00 84 04 10 00 00 00 00 00 01 00 00 00 00 02 00 00 00 00 03 00 00 00 00 04 00 00 00 00 05 00 00 00 00 06 00 00 00 00 07 00 00 00 00 08 00 00 00 00 09 00 00 00 00 0a 00 00 00 00 0b 00 00 00 00 0c 00 00 00 00 0d 00 00 00 00 0e 00 00 00 00 0f 00 00 00 00,00 84 04 10 00 f7 07 00 00 01 0c 08 00 00 02 c9 07 00 00 03 e0 07 00 00 04 f5 07 00 00 05 07 08 00 00 06 e7 07 00 00 07 db 07 00 00 08 fb 07 00 00 09 0d 08 00 00 0a f9 07 00 00 0b aa 07 00 00 0c f5 07 00 00 0d e0 07 00 00 0e bf 07 00 00 0f f3 07 00 00
2265000,00 84 04 10 00 00 00 00 00 01 00 00 00 00 02 00 00 00 00 03 00 00 00 00 04 00 00 00 00 05 00 00 00 00 06 00 00 00 00 07 00 00 00 00 08 00 00 00 00 09 00 00 00 00 0a 00 00 00 00 0b 00 00 00 00 0c 00 00 00 00 0d 00 00 00 00 0e 00 00 00 00 0f 00 00 00 00,00 84 04 10 00 f7 07 00 00 01 0c 08 00 00 02 c9 07 00 00 03 e0 07 00 00 04 f5 07 00 00 05 07 08 00 00 06 e7 07 00 00 07 db 07 00 00 08 fb 07 00 00 09 0d 08 00 00 0a f9 07 00 00 0b aa 07 00 00 0c f5 07 00 00 0d e0 07 00 00 0e bf 07 00 00 0f f3 07 00 00
2281000,00 84 04 10 00 00 00 00 00 01 00 00 00 00 02 00 00 00 00 03 00 00 00 00 04 00 00 00 00 05 00 00 00 00 06 00 00 00 00 07 00 00 00 00 08 00 00 00 00 09 00 00 00 00 0a 00 00 00 00 0b 00 00 00 00 0c 00 00 00 00 0d 00 00 00 00 0e 00 00 00 00 0f 00 00 00 00,00 84 04 10 00 f7 07 00 00 01 0c 08 00 00 02 c9 07 00 00 03 e0 07 00 00 04 f5 07 00 00 05 07 08 00 00 06 e7 07 00 00 07 db 07 00 00 08 fb 07 00 00 09 0d 08 00 00 0a f9 07 00 00 0b aa 07 00 00 0c f5 07 00 00 0d e0 07 00 00 0e bf 07 00 00 0f f3 07 00 00
2281000,00 84 04 10 00 00 00 00 00 01 00 00 00 00 02 00 00 00 00 03 00 00 00 00 04 00 00 00 00 05 00 00 00 00 06 00 00 00 00 07 00 00 00 00 08 00 00 00 00 09 00 00 00 00 0a 00 00 00 00 0b 00 00 00 00 0c 00 00 00 00 0d 00 00 00 00 0e 00 00 00 00 0f 00 00 00 00,00 84 04 10 00 f7 07 00 00 01 0c 08 00 00 02 c9 07 00 00 03 e0 07 00 00 04 f5 07 00 00 05 07 08 00 00 06 e7 07 00 00 07 db 07 00 00 08 fb 07 00 00 09 0d 08 00 00 0a f9 07 00 00 0b aa 07 00 00 0c f5 07 00 00 0d e0 07 00 00 0e bf 07 00 00 0f f3 07 00 00
2297000,00 84 04 10 00 00 00 00 00 01 00 00 00 00 02 00 00 00 00 03 00 00 00 00 04 00 00 00 00 05 00 00 00 00 06 00 00 00 00 07 00 00 00 00 08 00 00 00 00 09 00 00 00 00 0a 00 00 00 00 0b 00 00 00 00 0c 00 00 00 00 0d 00 00 00 00 0e 00 00 00 00 0f 00 00 00 00,00 84 04 10 00 f7 07 00 00 01 0c 08 00 00 02 c9 07 00 00 03 e0 07 00 00 04 f5 07 00 00 05 07 08 00 00 06 e7 07 00 00 07 db 07 00 00 08 fb 07 00 00 09 0d 08 00 00 0a f9 07 00 00 0b aa 07 00 00 0c f5 07 00 00 0d e0 07 00 00 0e bf 07 00 00 0f f3 07 00 00
2312000,00 84 04 10 00 00 00 00 00 01 00 00 00 00 02 00 00 00 00 03 00 00 00 00 04 00 00 00 00 05 00 00 00 00 06 00 00 00 00 07 00 00 00 00 08 00 00 00 00 09 00 00 00 00 0a 00 00 00 00 0b 00 00 00 00 0c 00 00 00 00 0d 00 00 00 00 0e 00 00 00 00 0f 00 00 00 00,00 84 04 10 00 f7 07 00 00 01 0c 08 00 00 02 c9 07 00 00 03 e0 07 00 00 04 f5 07 00 00 05 07 08 00 00 06 e7 07 00 00 07 db 07 00 00 08 fb 07 00 00 09 0d 08 00 00 0a f9 07 00 00 0b aa 07 00 00 0c f5 07 00 00 0d e0 07 00 00 0e bf 07 00 00 0f f3 07 00 00
2312000,00 84 04 10 00 00 00 00 00 01 00 00 00 00 02 00 00 00 00 03 00 00 00 00 04 00 00 00 00 05 00 00 00 00 06 00 00 00 00 07 00 00 00 00 08 00 00 00 00 09 00 00 00 00 0a 00 00 00 00 0b 00 00 00 00 0c 00 00 00 00 0d 00 00 00 00 0e 00 00 00 00 0f 00 00 00 00,00 84 04 10 00 f7 07 00 00 01 0c 08 00 00 02 c9 07 00 00 03 e0 07 00 00 04 f5 07 00 00 05 07 08 00 00 06 e7 07 00 00 07 db 07 00 00 08 fb 07 00 00 09 0d 08 00 00 0a f9 07 00 00 0b aa 07 00 00 0c f5 07 00 00 0d e0 07 00 00 0e bf 07 00 00 0f f3 07 00 00
2328000,00 84 04 10 00 00 00 00 00 01 00 00 00 00 02 00 00 00 00 03 00 00 00 00 04 00 00 00 00 05 00 00 00 00 06 00 00 00 00 07 00 00 00 00 08 00 00 00 00 09 00 00 00 00 0a 00 00 00 00 0b 00 00 00 00 0c 00 00 00 00 0d 00 00 00 00 0e 00 00 00 00 0f 00 00 00 00,00 84 04 10 00 f7 07 00 00 01 0c 08 00 00 02 c9 07 00 00 03 e0 07 00 00 04 f5 07 00 00 05 07 08 00 00 06 e7 07 00 00 07 db 07 00 00 08 fb 07 00 00 09 0d 08 00 00 0a f9 07 00 00 0b aa 07 00 00 0c f5 07 00 00 0d e0 07 00 00 0e bf 07 00 00 0f f3 07 00 00
2344000,00 84 04 10 00 00 00 00 00 01 00 00 00 00 02 00 00 00 00 03 00 00 00 00 04 00 00 00 00 05 00 00 00 00 06 00 00 00 00 07 00 00 00 00 08 00 00 00 00 09 00 00 00 00 0a 00 00 00 00 0b 00 00 00 00 0c 00 00 00 00 0d 00 00 00 00 0e 00 00 00 00 0f 00 00 00 00,00 84 04 10 00 f7 07 00 00 01 0c 08 00 00 02 c9 07 00 00 03 e0 07 00 00 04 f5 07 00 00 05 07 08 00 00 06 e7 07 00 00 07 db 07 00 00 08 fb 07 00 00 09 0d 08 00 00 0a f9 07 00 00 0b aa 07 00 00 0c f5 07 00 00 0d e0 07 00 00 0e bf 07 00 00 0f f3 07 00 00
2344000,00 84 04 10 00 00 00 00 00 01 00 00 00 00 02 00 00 00 00 03 00 00 00 00 04 00 00 00 00 05 00 00 00 00 06 00 00 00 00 07 00 00 00 00 08 00 00 00 00 09 00 00 00 00 0a 00 00 00 00 0b 00 00 00 00 0c 00 00 00 00 0d 00 00 00 00 0e 00 00 00 00 0f 00 00 00 00,00 84 04 10 00 f7 07 00 00 01 0c 08 00 00 02 c9 07 00 00 03 e0 07 00 00 04 f5 07 00 00 05 07 08 00 00 06 e7 07 00 00 07 db 07 00 00 08 fb 07 00 00 09 0d 08 00 00 0a f9 07 00 00 0b aa 07 00 00 0c f5 07 00 00 0d e0 07 00 00 0e bf 07 00 00 0f f3 07 00 00
2359000,00 84 04 10 00 00 00 00 00 01 00 00 00 00 02 00 00 00 00 03 00 00 00 00 04 00 00 00 00 05 00 00 00 00 06 00 00 00 00 07 00 00 00 00 08 00 00 00 00 09 00 00 00 00 0a 00 00 00 00 0b 00 00 00 00 0c 00 00 00 00 0d 00 00 00 00 0e 00 00 00 00 0f 00 00 00 00,00 84 04 10 00 f7 07 00 00 01 0c 08 00 00 02 c9 07 00 00 03 e0 07 00 00 04 f5 07 00 00 05 07 08 00 00 06 e7 07 00 00 07 db 07 00 00 08 fb 07 00 00 09 0d 08 00 00 0a f9 07 00 00 0b aa 07 00 00 0c f5 07 00 00 0d e0 07 00 00 0e bf 07 00 00 0f f3 07 00 00
2375000,00 84 04 10 00 00 00 00 00 01 00 00 00 00 02 00 00 00 00 03 00 00 00 00 04 00 00 00 00 05 00 00 00 00 06 00 00 00 00 07 00 00 00 00 08 00 00 00 00 09 00 00 00 00 0a 00 00 00 00 0b 00 00 00 00 0c 00 00 00 00 0d 00 00 00 00 0e 00 00 00 00 0f 00 00 00 00,00 84 04 10 00 f7 07 00 00 01 0c 08 00 00 02 c9 07 00 00 03 e0 07 00 00 04 f5 07 00 00 05 07 08 00 00 06 e7 07 00 00 07 db 07 00 00 08 fb 07 00 00 09 0d 08 00 00 0a f9 07 00 00 0b aa 07 00 00 0c f5 07 00 00 0d e0 07 00 00 0e bf 07 00 00 0f f3 07 00 00
2375000,00 84 04 10 00 00 00 00 00 01 00 00 00 00 02 00 00 00 00 03 00 00 00 00 04 00 00 00 00 05 00 00 00 00 06 00 00 00 00 07 00 00 00 00 08 00 00 00 00 09 00 00 00 00 0a 00 00 00 00 0b 00 00 00 00 0c 00 00 00 00 0d 00 00 00 00 0e 00 00 00 00 0f 00 00 00 00,00 84 04 10 00 f7 07 00 00 01 0c 08 00 00 02 c9 07 00 00 03 e0 07 00 00 04 f5 07 00 00 05 07 08 00 00 06 e7 07 00 00 07 db 07 00 00 08 fb 07 00 00 09 0d 08 00 00 0a f9 07 00 00 0b aa 07 00 00 0c f5 07 00 00 0d e0 07 00 00 0e bf 07 00 00 0f f3 07 00 00
2390000,00 84 04 10 00 00 00 00 00 01 00 00 00 00 02 00 00 00 00 03 00 00 00 00 04 00 00 00 00 05 00 00 00 00 06 00 00 00 00 07 00 00 00 00 08 00 00 00 00 09 00 00 00 00 0a 00 00 00 00 0b 00 00 00 00 0c 00 00 00 00 0d 00 00 00 00 0e 00 00 00 00 0f 00 00 00 00,00 84 04 10 00 f7 07 00 00 01 0c 08 00 00 02 c9 07 00 00 03 e0 07 00 00 04 f5 07 00 00 05 07 08 00 00 06 e7 07 00 00 07 db 07 00 00 08 fb 07 00 00 09 0d 08 00 00 0a f9 07 00 00 0b aa 07 00 00 0c f5 07 00 00 0d e0 07 00 00 0e bf 07 00 00 0f f3 07 00 00
2390000,00 84 04 10 00 00 00 00 00 01 00 00 00 00 02 00 00 00 00 03 00 00 00 00 04 00 00 00 00 05 00 00 00 00 06 00 00 00 00 07 00 00 00 00 08 00 00 00 00 09 00 00 00 00 0a 00 00 00 00 0b 00 00 00 00 0c 00 00 00 00 0d 00 00 00 00 0e 00 00 00 00 0f 00 00 00 00,00 84 04 10 00 f7 07 00 00 01 0c 08 00 00 02 c9 07 00 00 03 e0 07 00 00 04 f5 07 00 00 05 07 08 00 00 06 e7 07 00 00 07 db 07 00 00 08 fb 07 00 00 09 0d 08 00 00 0a f9 07 00 00 0b aa 07 00 00 0c f5 07 00 00 0d e0 07 00 00 0e bf 07 00 00 0f f3 07 00 00
2406000,00 84 04 10 00 00 00 00 00 01 00 00 00 00 02 00 00 00 00 03 00 00 00 00 04 00 00 00 00 05 00 00 00 00 06 00 00 00 00 07 00 00 00 00 08 00 00 00 00 09 00 00 00 00 0a 00 00 00 00 0b 00 00 00 00 0c 00 00 00 00 0d 00 00 00 00 0e 00 00 00 00 0f 00 00 00 00,00 84 04 10 00 f7 07 00 00 01 0c 08 00 00 02 c9 07 00 00 03 e0 07 00 00 04 f5 07 00 00 05 07 08 00 00 06 e7 07 00 00 07 db 07 00 00 08 fb 07 00 00 09 0d 08 00 00 0a f9 07 00 00 0b aa 07 00 00 0c f5 07 00 00 0d e0 07 00 00 0e bf 07 00 00 0f f3 07 00 00
2422000,00 84 04 10 00 00 00 00 00 01 00 00 00 00 02 00 00 00 00 03 00 00 00 00 04 00 00 00 00 05 00 00 00 00 06 00 00 00 00 07 00 00 00 00 08 00 00 00 00 09 00 00 00 00 0a 00 00 00 00 0b 00 00 00 00 0c 00 00 00 00 0d 00 00 00 00 0e 00 00 00 00 0f 00 00 00 00,00 84 04 10 00 f7 07 00 00 01 0c 08 00 00 02 c9 07 00 00 03 e0 07 00 00 04 f5 07 00 00 05 07 08 00 00 06 e7 07 00 00 07 db 07 00 00 08 fb 07 00 00 09 0d 08 00 00 0a f9 07 00 00 0b aa 07 00 00 0c f5 07 00 00 0d e0 07 00 00 0e bf 07 00 00 0f f3 07 00 00
2437000,00 84 04 10 00 00 00 00 00 01 00 00 00 00 02 00 00 00 00 03 00 00 00 00 04 00 00 00 00 05 00 00 00 00 06 00 00 00 00 07 00 00 00 00 08 00 00 00 00 09 00 00 00 00 0a 00 00 00 00 0b 00 00 00 00 0c 00 00 00 00 0d 00 00 00 00 0e 00 00 00 00 0f 00 00 00 00,00 84 04 10 00 f7 07 00 00 01 0c 08 00 00 02 c9 07 00 00 03 e0 07 00 00 04 f5 07 00 00 05 07 08 00 00 06 e7 07 00 00 07 db 07 00 00 08 fb 07 00 00 09 0d 08 00 00 0a f9 07 00 00 0b aa 07 00 00 0c f5 07 00 00 0d e0 07 00 00 0e bf 07 00 00 0f f3 07 00 00
2437000,00 84 04 10 00 00 00 00 00 01 00 00 00 00 02 00 00 00 00 03 00 00 00 00 04 00 00 00 00 05 00 00 00 00 06 00 00 00 00 07 00 00 00 00 08 00 00 00 00 09 00 00 00 00 0a 00 00 00 00 0b 00 00 00 00 0c 00 00 00 00 0d 00 00 00 00 0e 00 00 00 00 0f 00 00 00 00,00 84 04 10 00 f7 07 00 00 01 0c 08 00 00 02 c9 07 00 00 03 e0 07 00 00 04 f5 07 00 00 05 07 08 00 00 06 e7 07 00 00 07 db 07 00 00 08 fb 07 00 00 09 0d 08 00 00 0a f9 07 00 00 0b aa 07 00 00 0c f5 07 00 00 0d e0 07 00 00 0e bf 07 00 00 0f f3 07 00 00
2453000,00 84 04 10 00 00 00 00 00 01 00 00 00 00 02 00 00 00 00 03 00 00 00 00 04 00 00 00 00 05 00 00 00 00 06 00 00 00 00 07 00 00 00 00 08 00 00 00 00 09 00 00 00 00 0a 00 00 00 00 0b 00 00 00 00 0c 00 00 00 00 0d 00 00 00 00 0e 00 00 00 00 0f 00 00 00 00,00 84 04 10 00 f7 07 00 00 01 0c 08 00 00 02 c9 07 00 00 03 e0 07 00 00 04 f5 07 00 00 05 07 08 00 00 06 e7 07 00 00 07 db 07 00 00 08 fb 07 00 00 09 0d 08 00 00 0a f9 07 00 00 0b aa 07 00 00 0c f5 07 00 00 0d e0 07 00 00 0e bf 07 00 00 0f f3 07 00 00
2453000,00 84 04 10 00 00 00 00 00 01 00 00 00 00 02 00 00 00 00 03 00 00 00 00 04 00 00 00 00 05 00 00 00 00 06 00 00 00 00 07 00 00 00 00 08 00 00 00 00 09 00 00 00 00 0a 00 00 00 00 0b 00 00 00 00 0c 00 00 00 00 0d 00 00 00 00 0e 00 00 00 00 0f 00 00 00 00,00 84 04 10 00 f7 07 00 00 01 0c 08 00 00 02 c9 07 00 00 03 e0 07 00 00 04 f5 07 00 00 05 07 08 00 00 06 e7 07 00 00 07 db 07 00 00 08 fb 07 00 00 09 0d 08 00 00 0a f9 07 00 00 0b aa 07 00 00 0c f5 07 00 00 0d e0 07 00 00 0e bf 07 00 00 0f f3 07 00 00
2469000,00 84 04 10 00 00 00 00 00 01 00 00 00 00 02 00 00 00 00 03 00 00 00 00 04 00 00 00 00 05 00 00 00 00 06 00 00 00 00 07 00 00 00 00 08 00 00 00 00 09 00 00 00 00 0a 00 00 00 00 0b 00 00 00 00 0c 00 00 00 00 0d 00 00 00 00 0e 00 00 00 00 0f 00 00 00 00,00 84 04 10 00 f7 07 00 00 01 0c 08 00 00 02 c9 07 00 00 03 e0 07 00 00 04 f5 07 00 00 05 07 08 00 00 06 e6 07 00 00 07 db 07 00 00 08 fb 07 00 00 09 0d 08 00 00 0a f9 07 00 00 0b aa 07 00 00 0c f5 07 00 00 0d e0 07 00 00 0e bf 07 00 00 0f f3 07 00 00
2484000,00 84 04 10 00 00 00 00 00 01 00 00 00 00 02 00 00 00 00 03 00 00 00 00 04 00 00 00 00 05 00 00 00 00 06 00 00 00 00 07 00 00 00 00 08 00 00 00 00 09 00 00 00 00 0a 00 00 00 00 0b 00 00 00 00 0c 00 00 00 00 0d 00 00 00 00 0e 00 00 00 00 0f 00 00 00 00,00 84 04 10 00 f7 07 00 00 01 0c 08 00 00 02 c9 07 00 00 03 e0 07 00 00 04 f5 07 00 00 05 07 08 00 00 06 e7 07 00 00 07 db 07 00 00 08 fb 07 00 00 09 0d 08 00 00 0a f9 07 00 00 0b aa 07 00 00 0c f5 07 00 00 0d e0 07 00 00 0e bf 07 00 00 0f f3 07 00 00
2484000,00 84 04 10 00 00 00 00 00 01 00 00 00 00 02 00 00 00 00 03 00 00 00 00 04 00 00 00 00 05 00 00 00 00 06 00 00 00 00 07 00 00 00 00 08 00 00 00 00 09 00 00 00 00 0a 00 00 00 00 0b 00 00 00 00 0c 00 00 00 00 0d 00 00 00 00 0e 00 00 00 00 0f 00 00 00 00,00 84 04 10 00 f7 07 00 00 01 0c 08 00 00 02 c9 07 00 00 03 e0 07 00 00 04 f5 07 00 00 05 07 08 00 00 06 e7 07 00 00 07 db 07 00 00 08 fb 07 00 00 09 0d 08 00 00 0a f9 07 00 00 0b aa 07 00 00 0c f5 07 00 00 0d e0 07 00 00 0e bf 07 00 00 0f f3 07 00 00
2500000,00 84 04 10 00 00 00 00 00 01 00 00 00 00 02 00 00 00 00 03 00 00 00 00 04 00 00 00 00 05 00 00 00 00 06 00 00 00 00 07 00 00 00 00 08 00 00 00 00 09 00 00 00 00 0a 00 00 00 00 0b 00 00 00 00 0c 00 00 00 00 0d 00 00 00 00 0e 00 00 00 00 0f 00 00 00 00,00 84 04 10 00 f7 07 00 00 01 0c 08 00 00 02 c9 07 00 00 03 e0 07 00 00 04 f5 07 00 00 05 07 08 00 00 06 e7 07 00 00 07 db 07 00 00 08 fb 07 00 00 09 0d 08 00 00 0a f9 07 00 00 0b aa 07 00 00 0c f5 07 00 00 0d e0 07 00 00 0e bf 07 00 00 0f f3 07 00 00
2515000,00 84 04 10 00 00 00 00 00 01 00 00 00 00 02 00 00 00 00 03 00 00 00 00 04 00 00 00 00 05 00 00 00 00 06 00 00 00 00 07 00 00 00 00 08 00 00 00 00 09 00 00 00 00 0a 00 00 00 00 0b 00 00 00 00 0c 00 00 00 00 0d 00 00 00 00 0e 00 00 00 00 0f 00 00 00 00,00 84 04 10 00 f7 07 00 00 01 0c 08 00 00 02 c9 07 00 00 03 e0 07 00 00 04 f5 07 00 00 05 07 08 00 00 06 e7 07 00 00 07 db 07 00 00 08 fb 07 00 00 09 0d 08 00 00 0a f9 07 00 00 0b aa 07 00 00 0c f5 07 00 00 0d e0 07 00 00 0e bf 07 00 00 0f f3 07 00 00
2515000,00 84 04 10 00 00 00 00 00 01 00 00 00 00 02 00 00 00 00 03 00 00 00 00 04 00 00 00 00 05 00 00 00 00 06 00 00 00 00 07 00 00 00 00 08 00 00 00 00 09 00 00 00 00 0a 00 00 00 00 0b 00 00 00 00 0c 00 00 00 00 0d 00 00 00 00 0e 00 00 00 00 0f 00 00 00 00,00 84 04 10 00 f7 07 00 00 01 0c 08 00 00 02 c9 07 00 00 03 e0 07 00 00 04 f5 07 00 00 05 07 08 00 00 06 e7 07 00 00 07 db 07 00 00 08 fb 07 00 00 09 0d 08 00 00 0a f9 07 00 00 0b aa 07 00 00 0c f5 07 00 00 0d e0 07 00 00 0e bf 07 00 00 0f f3 07 00 00
2531000,00 84 04 10 00 00 00 00 00 01 00 00 00 00 02 00 00 00 00 03 00 00 00 00 04 00 00 00 00 05 00 00 00 00 06 00 00 00 00 07 00 00 00 00 08 00 00 00 00 09 00 00 00 00 0a 00 00 00 00 0b 00 00 00 00 0c 00 00 00 00 0d 00 00 00 00 0e 00 00 00 00 0f 00 00 00 00,00 84 04 10 00 f7 07 00 00 01 0c 08 00 00 02 c9 07 00 00 03 e0 07 00 00 04 f5 07 00 00 05 07 08 00 00 06 e7 07 00 00 07 db 07 00 00 08 fb 07 00 00 09 0d 08 00 00 0a f9 07 00 00 0b aa 07 00 00 0c f5 07 00 00 0d e0 07 00 00 0e bf 07 00 00 0f f3 07 00 00
2547000,00 84 04 10 00 00 00 00 00 01 00 00 00 00 02 00 00 00 00 03 00 00 00 00 04 00 00 00 00 05 00 00 00 00 06 00 00 00 00 07 00 00 00 00 08 00 00 00 00 09 00 00 00 00 0a 00 00 00 00 0b 00 00 00 00 0c 00 00 00 00 0d 00 00 00 00 0e 00 00 00 00 0f 00 00 00 00,00 84 04 10 00 f7 07 00 00 01 0c 08 00 00 02 c9 07 00 00 03 e0 07 00 00 04 f5 07 00 00 05 07 08 00 00 06 e7 07 00 00 07 db 07 00 00 08 fb 07 00 00 09 0d 08 00 00 0a f9 07 00 00 0b aa 07 00 00 0c f5 07 00 00 0d e0 07 00 00 0e bf 07 00 00 0f f3 07 00 00
2547000,00 84 04 10 00 00 00 00 00 01 00 00 00 00 02 00 00 00 00 03 00 00 00 00 04 00 00 00 00 05 00 00 00 00 06 00 00 00 00 07 00 00 00 00 08 00 00 00 00 09 00 00 00 00 0a 00 00 00 00 0b 00 00 00 00 0c 00 00 00 00 0d 00 00 00 00 0e 00 00 00 00 0f 00 00 00 00,00 84 04 10 00 f7 07 00 00 01 0c 08 00 00 02 c9 07 00 00 03 e0 07 00 00 04 f5 07 00 00 05 07 08 00 00 06 e7 07 00 00 07 db 07 00 00 08 fb 07 00 00 09 0d 08 00 00 0a f9 07 00 00 0b aa 07 00 00 0c f5 07 00 00 0d e0 07 00 00 0e bf 07 00 00 0f f3 07 00 00
2562000,00 84 04 10 00 00 00 00 00 01 00 00 00 00 02 00 00 00 00 03 00 00 00 00 04 00 00 00 00 05 00 00 00 00 06 00 00 00 00 07 00 00 00 00 08 00 00 00 00 09 00 00 00 00 0a 00 00 00 00 0b 00 00 00 00 0c 00 00 00 00 0d 00 00 00 00 0e 00 00 00 00 0f 00 00 00 00,00 84 04 10 00 f7 07 00 00 01 0c 08 00 00 02 c9 07 00 00 03 e0 07 00 00 04 f5 07 00 00 05 07 08 00 00 06 e7 07 00 00 07 db 07 00 00 08 fb 07 00 00 09 0d 08 00 00 0a f9 07 00 00 0b aa 07 00 00 0c f5 07 00 00 0d e0 07 00 00 0e bf 07 00 00 0f f3 07 00 00
2578000,00 84 04 10 00 00 00 00 00 01 00 00 00 00 02 00 00 00 00 03 00 00 00 00 04 00 00 00 00 05 00 00 00 00 06 00 00 00 00 07 00 00 00 00 08 00 00 00 00 09 00 00 00 00 0a 00 00 00 00 0b 00 00 00 00 0c 00 00 00 00 0d 00 00 00 00 0e 00 00 00 00 0f 00 00 00 00,00 84 04 10 00 f7 07 00 00 01 0c 08 00 00 02 c9 07 00 00 03 e0 07 00 00 04 f5 07 00 00 05 07 08 00 00 06 e7 07 00 00 07 db 07 00 00 08 fb 07 00 00 09 0d 08 00 00 0a f9 07 00 00 0b aa 07 00 00 0c f5 07 00 00 0d e0 07 00 00 0e bf 07 00 00 0f f3 07 00 00
2578000,00 84 04 10 00 00 00 00 00 01 00 00 00 00 02 00 00 00 00 03 00 00 00 00 04 00 00 00 00 05 00 00 00 00 06 00 00 00 00 07 00 00 00 00 08 00 00 00 00 09 00 00 00 00 0a 00 00 00 00 0b 00 00 00 00 0c 00 00 00 00 0d 00 00 00 00 0e 00 00 00 00 0f 00 00 00 00,00 84 04 10 00 f7 07 00 00 01 0c 08 00 00 02 c9 07 00 00 03 e0 07 00 00 04 f5 07 00 00 05 07 08 00 00 06 e7 07 00 00 07 db 07 00 00 08 fb 07 00 00 09 0d 08 00 00 0a f9 07 00 00 0b aa 07 00 00 0c f5 07 00 00 0d e0 07 00 00 0e bf 07 00 00 0f f3 07 00 00
2594000,00 84 04 10 00 00 00 00 00 01 00 00 00 00 02 00 00 00 00 03 00 00 00 00 04 00 00 00 00 05 00 00 00 00 06 00 00 00 00 07 00 00 00 00 08 00 00 00 00 09 00 00 00 00 0a 00 00 00 00 0b 00 00 00 00 0c 00 00 00 00 0d 00 00 00 00 0e 00 00 00 00 0f 00 00 00 00,00 84 04 10 00 f7 07 00 00 01 0c 08 00 00 02 c9 07 00 00 03 e0 07 00 00 04 f5 07 00 00 05 07 08 00 00 06 e7 07 00 00 07 db 07 00 00 08 fb 07 00 00 09 0d 08 00 00 0a f9 07 00 00 0b aa 07 00 00 0c f4 07 00 00 0d e0 07 00 00 0e bf 07 00 00 0f f3 07 00 00
2594000,00 84 04 10 00 00 00 00 00 01 00 00 00 00 02 00 00 00 00 03 00 00 00 00 04 00 00 00 00 05 00 00 00 00 06 00 00 00 00 07 00 00 00 00 08 00 00 00 00 09 00 00 00 00 0a 00 00 00 00 0b 00 00 00 00 0c 00 00 00 00 0d 00 00 00 00 0e 00 00 00 00 0f 00 00 00 00,00 84 04 10 00 f7 07 00 00 01 0c 08 00 00 02 c9 07 00 00 03 e0 07 00 00 04 f5 07 00 00 05 07 08 00 00 06 e6 07 00 00 07 db 07 00 00 08 fb 07 00 00 09 0d 08 00 00 0a f9 07 00 00 0b aa 07 00 00 0c f5 07 00 00 0d e0 07 00 00 0e bf 07 00 00 0f f3 07 00 00
2609000,00 84 04 10 00 00 00 00 00 01 00 00 00 00 02 00 00 00 00 03 00 00 00 00 04 00 00 00 00 05 00 00 00 00 06 00 00 00 00 07 00 00 00 00 08 00 00 00 00 09 00 00 00 00 0a 00 00 00 00 0b 00 00 00 00 0c 00 00 00 00 0d 00 00 00 00 0e 00 00 00 00 0f 00 00 00 00,00 84 04 10 00 f7 07 00 00 01 0c 08 00 00 02 c9 07 00 00 03 e0 07 00 00 04 f5 07 00 00 05 07 08 00 00 06 e7 07 00 00 07 db 07 00 00 08 fb 07 00 00 09 0d 08 00 00 0a f9 07 00 00 0b aa 07 00 00 0c f5 07 00 00 0d e0 07 00 00 0e bf 07 00 00 0f f3 07 00 00
2625000,00 84 04 10 00 00 00 00 00 01 00 00 00 00 02 00 00 00 00 03 00 00 00 00 04 00 00 00 00 05 00 00 00 00 06 00 00 00 00 07 00 00 00 00 08 00 00 00 00 09 00 00 00 00 0a 00 00 00 00 0b 00 00 00 00 0c 00 00 00 00 0d 00 00 00 00 0e 00 00 00 00 0f 00 00 00 00,00 84 04 10 00 f7 07 00 00 01 0c 08 00 00 02 c9 07 00 00 03 e0 07 00 00 04 f5 07 00 00 05 07 08 00 00 06 e7 07 00 00 07 db 07 00 00 08 fb 07 00 00 09 0d 08 00 00 0a f9 07 00 00 0b aa 07 00 00 0c f5 07 00 00 0d e0 07 00 00 0e bf 07 00 00 0f f3 07 00 00
2625000,00 84 04 10 00 00 00 00 00 01 00 00 00 00 02 00 00 00 00 03 00 00 00 00 04 00 00 00 00 05 00 00 00 00 06 00 00 00 00 07 00 00 00 00 08 00 00 00 00 09 00 00 00 00 0a 00 00 00 00 0b 00 00 00 00 0c 00 00 00 00 0d 00 00 00 00 0e 00 00 00 00 0f 00 00 00 00,00 84 04 10 00 f7 07 00 00 01 0c 08 00 00 02 c9 07 00 00 03 e0 07 00 00 04 f5 07 00 00 05 07 08 00 00 06 e7 07 00 00 07 db 07 00 00 08 fb 07 00 00 09 0d 08 00 00 0a f9 07 00 00 0b aa 07 00 00 0c f5 07 00 00 0d e0 07 00 00 0e bf 07 00 00 0f f3 07 00 00
2640000,00 84 04 10 00 00 00 00 00 01 00 00 00 00 02 00 00 00 00 03 00 00 00 00 04 00 00 00 00 05 00 00 00 00 06 00 00 00 00 07 00 00 00 00 08 00 00 00 00 09 00 00 00 00 0a 00 00 00 00 0b 00 00 00 00 0c 00 00 00 00 0d 00 00 00 00 0e 00 00 00 00 0f 00 00 00 00,00 84 04 10 00 f7 07 00 00 01 0c 08 00 00 02 c9 07 00 00 03 e0 07 00 00 04 f5 07 00 00 05 07 08 00 00 06 e7 07 00 00 07 db 07 00 00 08 fb 07 00 00 09 0d 08 00 00 0a f9 07 00 00 0b aa 07 00 00 0c f5 07 00 00 0d e0 07 00 00 0e bf 07 00 00 0f f3 07 00 00
2656000,00 84 04 10 00 00 00 00 00 01 00 00 00 00 02 00 00 00 00 03 00 00 00 00 04 00 00 00 00 05 00 00 00 00 06 00 00 00 00 07 00 00 00 00 08 00 00 00 00 09 00 00 00 00 0a 00 00 00 00 0b 00 00 00 00 0c 00 00 00 00 0d 00 00 00 00 0e 00 00 00 00 0f 00 00 00 00,00 84 04 10 00 f7 07 00 00 01 0c 08 00 00 02 c9 07 00 00 03 e0 07 00 00 04 f5 07 00 00 05 07 08 00 00 06 e7 07 00 00 07 db 07 00 00 08 fb 07 00 00 09 0d 08 00 00 0a f9 07 00 00 0b aa 07 00 00 0c f5 07 00 00 0d e0 07 00 00 0e bf 07 00 00 0f f3 07 00 00
2656000,00 84 04 10 00 00 00 00 00 01 00 00 00 00 02 00 00 00 00 03 00 00 00 00 04 00 00 00 00 05 00 00 00 00 06 00 00 00 00 07 00 00 00 00 08 00 00 00 00 09 00 00 00 00 0a 00 00 00 00 0b 00 00 00 00 0c 00 00 00 00 0d 00 00 00 00 0e 00 00 00 00 0f 00 00 00 00,00 84 04 10 00 f7 07 00 00 01 0c 08 00 00 02 c9 07 00 00 03 e0 07 00 00 04 f5 07 00 00 05 07 08 00 00 06 e7 07 00 00 07 db 07 00 00 08 fb 07 00 00 09 0d 08 00 00 0a f9 07 00 00 0b aa 07 00 00 0c f5 07 00 00 0d e0 07 00 00 0e bf 07 00 00 0f f3 07 00 00
2672000,00 84 04 10 00 00 00 00 00 01 00 00 00 00 02 00 00 00 00 03 00 00 00 00 04 00 00 00 00 05 00 00 00 00 06 00 00 00 00 07 00 00 00 00 08 00 00 00 00 09 00 00 00 00 0a 00 00 00 00 0b 00 00 00 00 0c 00 00 00 00 0d 00 00 00 00 0e 00 00 00 00 0f 00 00 00 00,00 84 04 10 00 f7 07 00 00 01 0c 08 00 00 02 c9 07 00 00 03 e0 07 00 00 04 f5 07 00 00 05 07 08 00 00 06 e7 07 00 00 07 db 07 00 00 08 fb 07 00 00 09 0d 08 00 00 0a f9 07 00 00 0b aa 07 00 00 0c f5 07 00 00 0d e0 07 00 00 0e bf 07 00 00 0f f3 07 00 00
2672000,00 84 04 10 00 00 00 00 00 01 00 00 00 00 02 00 00 00 00 03 00 00 00 00 04 00 00 00 00 05 00 00 00 00 06 00 00 00 00 07 00 00 00 00 08 00 00 00 00 09 00 00 00 00 0a 00 00 00 00 0b 00 00 00 00 0c 00 00 00 00 0d 00 00 00 00 0e 00 00 00 00 0f 00 00 00 00,00 84 04 10 00 f7 07 00 00 01 0c 08 00 00 02 c9 07 00 00 03 e0 07 00 00 04 f5 07 00 00 05 07 08 00 00 06 e7 07 00 00 07 db 07 00 00 08 fb 07 00 00 09 0d 08 00 00 0a f9 07 00 00 0b aa 07 00 00 0c f5 07 00 00 0d e0 07 00 00 0e bf 07 00 00 0f f3 07 00 00
2687000,00 84 04 10 00 00 00 00 00 01 00 00 00 00 02 00 00 00 00 03 00 00 00 00 04 00 00 00 00 05 00 00 00 00 06 00 00 00 00 07 00 00 00 00 08 00 00 00 00 09 00 00 00 00 0a 00 00 00 00 0b 00 00 00 00 0c 00 00 00 00 0d 00 00 00 00 0e 00 00 00 00 0f 00 00 00 00,00 84 04 10 00 f7 07 00 00 01 0c 08 00 00 02 c9 07 00 00 03 e0 07 00 00 04 f5 07 00 00 05 07 08 00 00 06 e7 07 00 00 07 db 07 00 00 08 fb 07 00 00 09 0d 08 00 00 0a f9 07 00 00 0b aa 07 00 00 0c f5 07 00 00 0d e0 07 00 00 0e bf 07 00 00 0f f3 07 00 00
2703000,00 84 04 10 00 00 00 00 00 01 00 00 00 00 02 00 00 00 00 03 00 00 00 00 04 00 00 00 00 05 00 00 00 00 06 00 00 00 00 07 00 00 00 00 08 00 00 00 00 09 00 00 00 00 0a 00 00 00 00 0b 00 00 00 00 0c 00 00 00 00 0d 00 00 00 00 0e 00 00 00 00 0f 00 00 00 00,00 84 04 10 00 f7 07 00 00 01 0c 08 00 00 02 c9 07 00 00 03 e0 07 00 00 04 f5 07 00 00 05 07 08 00 00 06 e7 07 00 00 07 db 07 00 00 08 fb 07 00 00 09 0d 08 00 00 0a f9 07 00 00 0b aa 07 00 00 0c f5 07 00 00 0d e0 07 00 00 0e bf 07 00 00 0f f3 07 00 00
2719000,00 84 04 10 00 00 00 00 00 01 00 00 00 00 02 00 00 00 00 03 00 00 00 00 04 00 00 00 00 05 00 00 00 00 06 00 00 00 00 07 00 00 00 00 08 00 00 00 00 09 00 00 00 00 0a 00 00 00 00 0b 00 00 00 00 0c 00 00 00 00 0d 00 00 00 00 0e 00 00 00 00 0f 00 00 00 00,00 84 04 10 00 f7 07 00 00 01 0c 08 00 00 02 c9 07 00 00 03 e0 07 00 00 04 f5 07 00 00 05 07 08 00 00 06 e7 07 00 00 07 db 07 00 00 08 fb 07 00 00 09 0d 08 00 00 0a f9 07 00 00 0b aa 07 00 00 0c f5 07 00 00 0d e0 07 00 00 0e bf 07 00 00 0f f3 07 00 00
2719000,00 84 04 10 00 00 00 00 00 01 00 00 00 00 02 00 00 00 00 03 00 00 00 00 04 00 00 00 00 05 00 00 00 00 06 00 00 00 00 07 00 00 00 00 08 00 00 00 00 09 00 00 00 00 0a 00 00 00 00 0b 00 00 00 00 0c 00 00 00 00 0d 00 00 00 00 0e 00 00 00 00 0f 00 00 00 00,00 84 04 10 00 f7 07 00 00 01 0c 08 00 00 02 c9 07 00 00 03 e0 07 00 00 04 f5 07 00 00 05 07 08 00 00 06 e7 07 00 00 07 db 07 00 00 08 fb 07 00 00 09 0d 08 00 00 0a f9 07 00 00 0b aa 07 00 00 0c f5 07 00 00 0d e0 07 00 00 0e bf 07 00 00 0f f3 07 00 00
2734000,00 84 04 10 00 00 00 00 00 01 00 00 00 00 02 00 00 00 00 03 00 00 00 00 04 00 00 00 00 05 00 00 00 00 06 00 00 00 00 07 00 00 00 00 08 00 00 00 00 09 00 00 00 00 0a 00 00 00 00 0b 00 00 00 00 0c 00 00 00 00 0d 00 00 00 00 0e 00 00 00 00 0f 00 00 00 00,00 84 04 10 00 f7 07 00 00 01 0c 08 00 00 02 c9 07 00 00 03 e0 07 00 00 04 f5 07 00 00 05 07 08 00 00 06 e7 07 00 00 07 db 07 00 00 08 fb 07 00 00 09 0d 08 00 00 0a f9 07 00 00 0b aa 07 00 00 0c f5 07 00 00 0d e0 07 00 00 0e bf 07 00 00 0f f3 07 00 00
2750000,00 84 04 10 00 00 00 00 00 01 00 00 00 00 02 00 00 00 00 03 00 00 00 00 04 00 00 00 00 05 00 00 00 00 06 00 00 00 00 07 00 00 00 00 08 00 00 00 00 09 00 00 00 00 0a 00 00 00 00 0b 00 00 00 00 0c 00 00 00 00 0d 00 00 00 00 0e 00 00 00 00 0f 00 00 00 00,00 84 04 10 00 f7 07 00 00 01 0c 08 00 00 02 c9 07 00 00 03 e0 07 00 00 04 f5 07 00 00 05 07 08 00 00 06 e6 07 00 00 07 db 07 00 00 08 fb 07 00 00 09 0d 08 00 00 0a f9 07 00 00 0b aa 07 00 00 0c f5 07 00 00 0d e0 07 00 00 0e bf 07 00 00 0f f3 07 00 00
2750000,00 84 04 10 00 00 00 00 00 01 00 00 00 00 02 00 00 00 00 03 00 00 00 00 04 00 00 00 00 05 00 00 00 00 06 00 00 00 00 07 00 00 00 00 08 00 00 00 00 09 00 00 00 00 0a 00 00 00 00 0b 00 00 00 00 0c 00 00 00 00 0d 00 00 00 00 0e 00 00 00 00 0f 00 00 00 00,00 84 04 10 00 f7 07 00 00 01 0c 08 00 00 02 c9 07 00 00 03 e0 07 00 00 04 f5 07 00 00 05 07 08 00 00 06 e7 07 00 00 07 db 07 00 00 08 fb 07 00 00 09 0d 08 00 00 0a f9 07 00 00 0b aa 07 00 00 0c f5 07 00 00 0d e0 07 00 00 0e bf 07 00 00 0f f3 07 00 00
2765000,00 84 04 10 00 00 00 00 00 01 00 00 00 00 02 00 00 00 00 03 00 00 00 00 04 00 00 00 00 05 00 00 00 00 06 00 00 00 00 07 00 00 00 00 08 00 00 00 00 09 00 00 00 00 0a 00 00 00 00 0b 00 00 00 00 0c 00 00 00 00 0d 00 00 00 00 0e 00 00 00 00 0f 00 00 00 00,00 84 04 10 00 f7 07 00 00 01 0c 08 00 00 02 c9 07 00 00 03 e0 07 00 00 04 f5 07 00 00 05 07 08 00 00 06 e7 07 00 00 07 db 07 00 00 08 fb 07 00 00 09 0d 08 00 00 0a f9 07 00 00 0b aa 07 00 00 0c f5 07 00 00 0d e0 07 00 00 0e bf 07 00 00 0f f3 07 00 00
2781000,00 84 04 10 00 00 00 00 00 01 00 00 00 00 02 00 00 00 00 03 00 00 00 00 04 00 00 00 00 05 00 00 00 00 06 00 00 00 00 07 00 00 00 00 08 00 00 00 00 09 00 00 00 00 0a 00 00 00 00 0b 00 00 00 00 0c 00 00 00 00 0d 00 00 00 00 0e 00 00 00 00 0f 00 00 00 00,00 84 04 10 00 f7 07 00 00 01 0c 08 00 00 02 c9 07 00 00 03 e0 07 00 00 04 f5 07 00 00 05 07 08 00 00 06 e7 07 00 00 07 db 07 00 00 08 fb 07 00 00 09 0d 08 00 00 0a f9 07 00 00 0b aa 07 00 00 0c f5 07 00 00 0d e0 07 00 00 0e bf 07 00 00 0f f3 07 00 00
2781000,00 84 04 10 00 00 00 00 00 01 00 00 00 00 02 00 00 00 00 03 00 00 00 00 04 00 00 00 00 05 00 00 00 00 06 00 00 00 00 07 00 00 00 00 08 00 00 00 00 09 00 00 00 00 0a 00 00 00 00 0b 00 00 00 00 0c 00 00 00 00 0d 00 00 00 00 0e 00 00 00 00 0f 00 00 00 00,00 84 04 10 00 f7 07 00 00 01 0c 08 00 00 02 c9 07 00 00 03 e0 07 00 00 04 f5 07 00 00 05 07 08 00 00 06 e7 07 00 00 07 db 07 00 00 08 fb 07 00 00 09 0d 08 00 00 0a f9 07 00 00 0b aa 07 00 00 0c f5 07 00 00 0d e0 07 00 00 0e bf 07 00 00 0f f3 07 00 00
2797000,00 84 04 10 00 00 00 00 00 01 00 00 00 00 02 00 00 00 00 03 00 00 00 00 04 00 00 00 00 05 00 00 00 00 06 00 00 00 00 07 00 00 00 00 08 00 00 00 00 09 00 00 00 00 0a 00 00 00 00 0b 00 00 00 00 0c 00 00 00 00 0d 00 00 00 00 0e 00 00 00 00 0f 00 00 00 00,00 84 04 10 00 f7 07 00 00 01 0c 08 00 00 02 c9 07 00 00 03 e0 07 00 00 04 f5 07 00 00 05 07 08 00 00 06 e7 07 00 00 07 db 07 00 00 08 fb 07 00 00 09 0d 08 00 00 0a f9 07 00 00 0b aa 07 00 00 0c f5 07 00 00 0d e0 07 00 00 0e bf 07 00 00 0f f3 07 00 00
2812000,00 84 04 10 00 00 00 00 00 01 00 00 00 00 02 00 00 00 00 03 00 00 00 00 04 00 00 00 00 05 00 00 00 00 06 00 00 00 00 07 00 00 00 00 08 00 00 00 00 09 00 00 00 00 0a 00 00 00 00 0b 00 00 00 00 0c 00 00 00 00 0d 00 00 00 00 0e 00 00 00 00 0f 00 00 00 00,00 84 04 10 00 f7 07 00 00 01 0c 08 00 00 02 c9 07 00 00 03 e0 07 00 00 04 f5 07 00 00 05 07 08 00 00 06 e7 07 00 00 07 db 07 00 00 08 fb 07 00 00 09 0d 08 00 00 0a f9 07 00 00 0b aa 07 00 00 0c f5 07 00 00 0d e0 07 00 00 0e bf 07 00 00 0f f3 07 00 00
2812000,00 84 04 10 00 00 00 00 00 01 00 00 00 00 02 00 00 00 00 03 00 00 00 00 04 00 00 00 00 05 00 00 00 00 06 00 00 00 00 07 00 00 00 00 08 00 00 00 00 09 00 00 00 00 0a 00 00 00 00 0b 00 00 00 00 0c 00 00 00 00 0d 00 00 00 00 0e 00 00 00 00 0f 00 00 00 00,00 84 04 10 00 f7 07 00 00 01 0c 08 00 00 02 c9 07 00 00 03 e0 07 00 00 04 f5 07 00 00 05 07 08 00 00 06 e7 07 00 00 07 db 07 00 00 08 fb 07 00 00 09 0d 08 00 00 0a f9 07 00 00 0b aa 07 00 00 0c f5 07 00 00 0d e0 07 00 00 0e bf 07 00 00 0f f3 07 00 00
2828000,00 84 04 10 00 00 00 00 00 01 00 00 00 00 02 00 00 00 00 03 00 00 00 00 04 00 00 00 00 05 00 00 00 00 06 00 00 00 00 07 00 00 00 00 08 00 00 00 00 09 00 00 00 00 0a 00 00 00 00 0b 00 00 00 00 0c 00 00 00 00 0d 00 00 00 00 0e 00 00 00 00 0f 00 00 00 00,00 84 04 10 00 f7 07 00 00 01 0c 08 00 00 02 c9 07 00 00 03 e0 07 00 00 04 f5 07 00 00 05 07 08 00 00 06 e7 07 00 00 07 db 07 00 00 08 fb 07 00 00 09 0d 08 00 00 0a f9 07 00 00 0b aa 07 00 00 0c f5 07 00 00 0d e0 07 00 00 0e bf 07 00 00 0f f3 07 00 00
2828000,00 84 04 10 00 00 00 00 00 01 00 00 00 00 02 00 00 00 00 03 00 00 00 00 04 00 00 00 00 05 00 00 00 00 06 00 00 00 00 07 00 00 00 00 08 00 00 00 00 09 00 00 00 00 0a 00 00 00 00 0b 00 00 00 00 0c 00 00 00 00 0d 00 00 00 00 0e 00 00 00 00 0f 00 00 00 00,00 84 04 10 00 f7 07 00 00 01 0c 08 00 00 02 c9 07 00 00 03 e0 07 00 00 04 f5 07 00 00 05 07 08 00 00 06 e7 07 00 00 07 db 07 00 00 08 fb 07 00 00 09 0d 08 00 00 0a f9 07 00 00 0b aa 07 00 00 0c f5 07 00 00 0d e0 07 00 00 0e bf 07 00 00 0f f3 07 00 00
2844000,00 84 04 10 00 00 00 00 00 01 00 00 00 00 02 00 00 00 00 03 00 00 00 00 04 00 00 00 00 05 00 00 00 00 06 00 00 00 00 07 00 00 00 00 08 00 00 00 00 09 00 00 00 00 0a 00 00 00 00 0b 00 00 00 00 0c 00 00 00 00 0d 00 00 00 00 0e 00 00 00 00 0f 00 00 00 00,00 84 04 10 00 f7 07 00 00 01 0c 08 00 00 02 c9 07 00 00 03 e0 07 00 00 04 f5 07 00 00 05 07 08 00 00 06 e7 07 00 00 07 db 07 00 00 08 fb 07 00 00 09 0d 08 00 00 0a f9 07 00 00 0b aa 07 00 00 0c f5 07 00 00 0d e0 07 00 00 0e bf 07 00 00 0f f3 07 00 00
2859000,00 84 04 10 00 00 00 00 00 01 00 00 00 00 02 00 00 00 00 03 00 00 00 00 04 00 00 00 00 05 00 00 00 00 06 00 00 00 00 07 00 00 00 00 08 00 00 00 00 09 00 00 00 00 0a 00 00 00 00 0b 00 00 00 00 0c 00 00 00 00 0d 00 00 00 00 0e 00 00 00 00 0f 00 00 00 00,00 84 04 10 00 f7 07 00 00 01 0c 08 00 00 02 c9 07 00 00 03 e0 07 00 00 04 f5 07 00 00 05 07 08 00 00 06 e7 07 00 00 07 db 07 00 00 08 fb 07 00 00 09 0d 08 00 00 0a f9 07 00 00 0b aa 07 00 00 0c f5 07 00 00 0d e0 07 00 00 0e bf 07 00 00 0f f3 07 00 00
2859000,00 84 04 10 00 00 00 00 00 01 00 00 00 00 02 00 00 00 00 03 00 00 00 00 04 00 00 00 00 05 00 00 00 00 06 00 00 00 00 07 00 00 00 00 08 00 00 00 00 09 00 00 00 00 0a 00 00 00 00 0b 00 00 00 00 0c 00 00 00 00 0d 00 00 00 00 0e 00 00 00 00 0f 00 00 00 00,00 84 04 10 00 f7 07 00 00 01 0c 08 00 00 02 c9 07 00 00 03 e0 07 00 00 04 f5 07 00 00 05 07 08 00 00 06 e7 07 00 00 07 db 07 00 00 08 fb 07 00 00 09 0d 08 00 00 0a f9 07 00 00 0b aa 07 00 00 0c f5 07 00 00 0d e0 07 00 00 0e bf 07 00 00 0f f3 07 00 00
2875000,00 84 04 10 00 00 00 00 00 01 00 00 00 00 02 00 00 00 00 03 00 00 00 00 04 00 00 00 00 05 00 00 00 00 06 00 00 00 00 07 00 00 00 00 08 00 00 00 00 09 00 00 00 00 0a 00 00 00 00 0b 00 00 00 00 0c 00 00 00 00 0d 00 00 00 00 0e 00 00 00 00 0f 00 00 00 00,00 84 04 10 00 f7 07 00 00 01 0c 08 00 00 02 c9 07 00 00 03 e0 07 00 00 04 f5 07 00 00 05 07 08 00 00 06 e7 07 00 00 07 db 07 00 00 08 fb 07 00 00 09 0d 08 00 00 0a f9 07 00 00 0b aa 07 00 00 0c f5 07 00 00 0d e0 07 00 00 0e bf 07 00 00 0f f3 07 00 00
2890000,00 84 04 10 00 00 00 00 00 01 00 00 00 00 02 00 00 00 00 03 00 00 00 00 04 00 00 00 00 05 00 00 00 00 06 00 00 00 00 07 00 00 00 00 08 00 00 00 00 09 00 00 00 00 0a 00 00 00 00 0b 00 00 00 00 0c 00 00 00 00 0d 00 00 00 00 0e 00 00 00 00 0f 00 00 00 00,00 84 04 10 00 f7 07 00 00 01 0c 08 00 00 02 c9 07 00 00 03 e0 07 00 00 04 f5 07 00 00 05 07 08 00 00 06 e7 07 00 00 07 db 07 00 00 08 fb 07 00 00 09 0d 08 00 00 0a f9 07 00 00 0b aa 07 00 00 0c f5 07 00 00 0d e0 07 00 00 0e bf 07 00 00 0f f3 07 00 00
2890000,00 84 04 10 00 00 00 00 00 01 00 00 00 00 02 00 00 00 00 03 00 00 00 00 04 00 00 00 00 05 00 00 00 00 06 00 00 00 00 07 00 00 00 00 08 00 00 00 00 09 00 00 00 00 0a 00 00 00 00 0b 00 00 00 00 0c 00 00 00 00 0d 00 00 00 00 0e 00 00 00 00 0f 00 00 00 00,00 84 04 10 00 f7 07 00 00 01 0c 08 00 00 02 c9 07 00 00 03 e0 07 00 00 04 f5 07 00 00 05 07 08 00 00 06 e7 07 00 00 07 db 07 00 00 08 fb 07 00 00 09 0d 08 00 00 0a f9 07 00 00 0b aa 07 00 00 0c f5 07 00 00 0d e0 07 00 00 0e bf 07 00 00 0f f3 07 00 00
2906000,00 84 04 10 00 00 00 00 00 01 00 00 00 00 02 00 00 00 00 03 00 00 00 00 04 00 00 00 00 05 00 00 00 00 06 00 00 00 00 07 00 00 00 00 08 00 00 00 00 09 00 00 00 00 0a 00 00 00 00 0b 00 00 00 00 0c 00 00 00 00 0d 00 00 00 00 0e 00 00 00 00 0f 00 00 00 00,00 84 04 10 00 f7 07 00 00 01 0c 08 00 00 02 c9 07 00 00 03 e0 07 00 00 04 f5 07 00 00 05 07 08 00 00 06 e7 07 00 00 07 db 07 00 00 08 fb 07 00 00 09 0d 08 00 00 0a f9 07 00 00 0b aa 07 00 00 0c f5 07 00 00 0d e0 07 00 00 0e bf 07 00 00 0f f3 07 00 00
2922000,00 84 04 10 00 00 00 00 00 01 00 00 00 00 02 00 00 00 00 03 00 00 00 00 04 00 00 00 00 05 00 00 00 00 06 00 00 00 00 07 00 00 00 00 08 00 00 00 00 09 00 00 00 00 0a 00 00 00 00 0b 00 00 00 00 0c 00 00 00 00 0d 00 00 00 00 0e 00 00 00 00 0f 00 00 00 00,00 84 04 10 00 f7 07 00 00 01 0c 08 00 00 02 c9 07 00 00 03 e0 07 00 00 04 f5 07 00 00 05 07 08 00 00 06 e7 07 00 00 07 db 07 00 00 08 fb 07 00 00 09 0d 08 00 00 0a f9 07 00 00 0b aa 07 00 00 0c f5 07 00 00 0d e0 07 00 00 0e bf 07 00 00 0f f3 07 00 00
2922000,00 84 04 10 00 00 00 00 00 01 00 00 00 00 02 00 00 00 00 03 00 00 00 00 04 00 00 00 00 05 00 00 00 00 06 00 00 00 00 07 00 00 00 00 08 00 00 00 00 09 00 00 00 00 0a 00 00 00 00 0b 00 00 00 00 0c 00 00 00 00 0d 00 00 00 00 0e 00 00 00 00 0f 00 00 00 00,00 84 04 10 00 f7 07 00 00 01 0c 08 00 00 02 c9 07 00 00 03 e0 07 00 00 04 f5 07 00 00 05 07 08 00 00 06 e7 07 00 00 07 db 07 00 00 08 fb 07 00 00 09 0d 08 00 00 0a f9 07 00 00 0b aa 07 00 00 0c f5 07 00 00 0d e0 07 00 00 0e bf 07 00 00 0f f3 07 00 00
2937000,00 84 04 10 00 00 00 00 00 01 00 00 00 00 02 00 00 00 00 03 00 00 00 00 04 00 00 00 00 05 00 00 00 00 06 00 00 00 00 07 00 00 00 00 08 00 00 00 00 09 00 00 00 00 0a 00 00 00 00 0b 00 00 00 00 0c 00 00 00 00 0d 00 00 00 00 0e 00 00 00 00 0f 00 00 00 00,00 84 04 10 00 f7 07 00 00 01 0c 08 00 00 02 c9 07 00 00 03 e0 07 00 00 04 f5 07 00 00 05 07 08 00 00 06 e7 07 00 00 07 db 07 00 00 08 fb 07 00 00 09 0d 08 00 00 0a f9 07 00 00 0b aa 07 00 00 0c f5 07 00 00 0d e0 07 00 00 0e bf 07 00 00 0f f3 07 00 00
2953000,00 84 04 10 00 00 00 00 00 01 00 00 00 00 02 00 00 00 00 03 00 00 00 00 04 00 00 00 00 05 00 00 00 00 06 00 00 00 00 07 00 00 00 00 08 00 00 00 00 09 00 00 00 00 0a 00 00 00 00 0b 00 00 00 00 0c 00 00 00 00 0d 00 00 00 00 0e 00 00 00 00 0f 00 00 00 00,00 84 04 10 00 f7 07 00 00 01 0c 08 00 00 02 c9 07 00 00 03 e0 07 00 00 04 f5 07 00 00 05 07 08 00 00 06 e7 07 00 00 07 db 07 00 00 08 fb 07 00 00 09 0d 08 00 00 0a f9 07 00 00 0b aa 07 00 00 0c f5 07 00 00 0d e0 07 00 00 0e bf 07 00 00 0f f3 07 00 00
2953000,00 84 04 10 00 00 00 00 00 01 00 00 00 00 02 00 00 00 00 03 00 00 00 00 04 00 00 00 00 05 00 00 00 00 06 00 00 00 00 07 00 00 00 00 08 00 00 00 00 09 00 00 00 00 0a 00 00 00 00 0b 00 00 00 00 0c 00 00 00 00 0d 00 00 00 00 0e 00 00 00 00 0f 00 00 00 00,00 84 04 10 00 f7 07 00 00 01 0c 08 00 00 02 c9 07 00 00 03 e0 07 00 00 04 f5 07 00 00 05 07 08 00 00 06 e7 07 00 00 07 db 07 00 00 08 fb 07 00 00 09 0d 08 00 00 0a f9 07 00 00 0b aa 07 00 00 0c f5 07 00 00 0d e0 07 00 00 0e bf 07 00 00 0f f3 07 00 00
2969000,00 84 04 10 00 00 00 00 00 01 00 00 00 00 02 00 00 00 00 03 00 00 00 00 04 00 00 00 00 05 00 00 00 00 06 00 00 00 00 07 00 00 00 00 08 00 00 00 00 09 00 00 00 00 0a 00 00 00 00 0b 00 00 00 00 0c 00 00 00 00 0d 00 00 00 00 0e 00 00 00 00 0f 00 00 00 00,00 84 04 10 00 f7 07 00 00 01 0c 08 00 00 02 c9 07 00 00 03 e0 07 00 00 04 f5 07 00 00 05 07 08 00 00 06 e7 07 00 00 07 db 07 00 00 08 fb 07 00 00 09 0d 08 00 00 0a f9 07 00 00 0b aa 07 00 00 0c f5 07 00 00 0d e0 07 00 00 0e bf 07 00 00 0f f3 07 00 00
2984000,00 84 04 10 00 00 00 00 00 01 00 00 00 00 02 00 00 00 00 03 00 00 00 00 04 00 00 00 00 05 00 00 00 00 06 00 00 00 00 07 00 00 00 00 08 00 00 00 00 09 00 00 00 00 0a 00 00 00 00 0b 00 00 00 00 0c 00 00 00 00 0d 00 00 00 00 0e 00 00 00 00 0f 00 00 00 00,00 84 04 10 00 f7 07 00 00 01 0c 08 00 00 02 c9 07 00 00 03 e0 07 00 00 04 f5 07 00 00 05 07 08 00 00 06 e7 07 00 00 07 db 07 00 00 08 fb 07 00 00 09 0d 08 00 00 0a f9 07 00 00 0b aa 07 00 00 0c f5 07 00 00 0d e0 07 00 00 0e bf 07 00 00 0f f3 07 00 00
2984000,00 84 04 10 00 00 00 00 00 01 00 00 00 00 02 00 00 00 00 03 00 00 00 00 04 00 00 00 00 05 00 00 00 00 06 00 00 00 00 07 00 00 00 00 08 00 00 00 00 09 00 00 00 00 0a 00 00 00 00 0b 00 00 00 00 0c 00 00 00 00 0d 00 00 00 00 0e 00 00 00 00 0f 00 00 00 00,00 84 04 10 00 f7 07 00 00 01 0c 08 00 00 02 c9 07 00 00 03 e0 07 00 00 04 f5 07 00 00 05 07 08 00 00 06 e7 07 00 00 07 db 07 00 00 08 fb 07 00 00 09 0d 08 00 00 0a f9 07 00 00 0b aa 07 00 00 0c f5 07 00 00 0d e0 07 00 00 0e bf 07 00 00 0f f3 07 00 00
3000000,00 84 04 10 00 00 00 00 00 01 00 00 00 00 02 00 00 00 00 03 00 00 00 00 04 00 00 00 00 05 00 00 00 00 06 00 00 00 00 07 00 00 00 00 08 00 00 00 00 09 00 00 00 00 0a 00 00 00 00 0b 00 00 00 00 0c 00 00 00 00 0d 00 00 00 00 0e 00 00 00 00 0f 00 00 00 00,00 84 04 10 00 f7 07 00 00 01 0c 08 00 00 02 c9 07 00 00 03 e0 07 00 00 04 f5 07 00 00 05 07 08 00 00 06 e7 07 00 00 07 db 07 00 00 08 fb 07 00 00 09 0d 08 00 00 0a f9 07 00 00 0b aa 07 00 00 0c f5 07 00 00 0d e0 07 00 00 0e bf 07 00 00 0f f3 07 00 00
3015000,00 84 04 10 00 00 00 00 00 01 00 00 00 00 02 00 00 00 00 03 00 00 00 00 04 00 00 00 00 05 00 00 00 00 06 00 00 00 00 07 00 00 00 00 08 00 00 00 00 09 00 00 00 00 0a 00 00 00 00 0b 00 00 00 00 0c 00 00 00 00 0d 00 00 00 00 0e 00 00 00 00 0f 00 00 00 00,00 84 04 10 00 f7 07 00 00 01 0c 08 00 00 02 c9 07 00 00 03 e0 07 00 00 04 f5 07 00 00 05 07 08 00 00 06 e7 07 00 00 07 db 07 00 00 08 fb 07 00 00 09 0d 08 00 00 0a f9 07 00 00 0b aa 07 00 00 0c f5 07 00 00 0d e0 07 00 00 0e bf 07 00 00 0f f3 07 00 00
3015000,00 84 04 10 00 00 00 00 00 01 00 00 00 00 02 00 00 00 00 03 00 00 00 00 04 00 00 00 00 05 00 00 00 00 06 00 00 00 00 07 00 00 00 00 08 00 00 00 00 09 00 00 00 00 0a 00 00 00 00 0b 00 00 00 00 0c 00 00 00 00 0d 00 00 00 00 0e 00 00 00 00 0f 00 00 00 00,00 84 04 10 00 f7 07 00 00 01 0c 08 00 00 02 c9 07 00 00 03 e0 07 00 00 04 f5 07 00 00 05 07 08 00 00 06 e7 07 00 00 07 db 07 00 00 08 fb 07 00 00 09 0d 08 00 00 0a f9 07 00 00 0b aa 07 00 00 0c f5 07 00 00 0d e0 07 00 00 0e bf 07 00 00 0f f3 07 00 00
3031000,00 84 04 10 00 00 00 00 00 01 00 00 00 00 02 00 00 00 00 03 00 00 00 00 04 00 00 00 00 05 00 00 00 00 06 00 00 00 00 07 00 00 00 00 08 00 00 00 00 09 00 00 00 00 0a 00 00 00 00 0b 00 00 00 00 0c 00 00 00 00 0d 00 00 00 00 0e 00 00 00 00 0f 00 00 00 00,00 84 04 10 00 f7 07 00 00 01 0c 08 00 00 02 c9 07 00 00 03 e0 07 00 00 04 f5 07 00 00 05 07 08 00 00 06 e7 07 00 00 07 db 07 00 00 08 fb 07 00 00 09 0d 08 00 00 0a f9 07 00 00 0b aa 07 00 00 0c f5 07 00 00 0d e0 07 00 00 0e bf 07 00 00 0f f3 07 00 00
3047000,00 84 04 10 00 00 00 00 00 01 00 00 00 00 02 00 00 00 00 03 00 00 00 00 04 00 00 00 00 05 00 00 00 00 06 00 00 00 00 07 00 00 00 00 08 00 00 00 00 09 00 00 00 00 0a 00 00 00 00 0b 00 00 00 00 0c 00 00 00 00 0d 00 00 00 00 0e 00 00 00 00 0f 00 00 00 00,00 84 04 10 00 f7 07 00 00 01 0c 08 00 00 02 c9 07 00 00 03 e0 07 00 00 04 f5 07 00 00 05 06 08 00 00 06 e7 07 00 00 07 db 07 00 00 08 fb 07 00 00 09 0d 08 00 00 0a f9 07 00 00 0b aa 07 00 00 0c f5 07 00 00 0d e0 07 00 00 0e bf 07 00 00 0f f3 07 00 00
3047000,00 84 04 10 00 00 00 00 00 01 00 00 00 00 02 00 00 00 00 03 00 00 00 00 04 00 00 00 00 05 00 00 00 00 06 00 00 00 00 07 00 00 00 00 08 00 00 00 00 09 00 00 00 00 0a 00 00 00 00 0b 00 00 00 00 0c 00 00 00 00 0d 00 00 00 00 0e 00 00 00 00 0f 00 00 00 00,00 84 04 10 00 f7 07 00 00 01 0c 08 00 00 02 c9 07 00 00 03 e0 07 00 00 04 f5 07 00 00 05 07 08 00 00 06 e6 07 00 00 07 db 07 00 00 08 fb 07 00 00 09 0d 08 00 00 0a f9 07 00 00 0b aa 07 00 00 0c f5 07 00 00 0d e0 07 00 00 0e bf 07 00 00 0f f3 07 00 00
3062000,00 84 04 10 00 00 00 00 00 01 00 00 00 00 02 00 00 00 00 03 00 00 00 00 04 00 00 00 00 05 00 00 00 00 06 00 00 00 00 07 00 00 00 00 08 00 00 00 00 09 00 00 00 00 0a 00 00 00 00 0b 00 00 00 00 0c 00 00 00 00 0d 00 00 00 00 0e 00 00 00 00 0f 00 00 00 00,00 84 04 10 00 f7 07 00 00 01 0c 08 00 00 02 c9 07 00 00 03 e0 07 00 00 04 f5 07 00 00 05 07 08 00 00 06 e7 07 00 00 07 db 07 00 00 08 fb 07 00 00 09 0d 08 00 00 0a f9 07 00 00 0b aa 07 00 00 0c f5 07 00 00 0d e0 07 00 00 0e bf 07 00 00 0f f3 07 00 00
3062000,00 84 04 10 00 00 00 00 00 01 00 00 00 00 02 00 00 00 00 03 00 00 00 00 04 00 00 00 00 05 00 00 00 00 06 00 00 00 00 07 00 00 00 00 08 00 00 00 00 09 00 00 00 00 0a 00 00 00 00 0b 00 00 00 00 0c 00 00 00 00 0d 00 00 00 00 0e 00 00 00 00 0f 00 00 00 00,00 84 04 10 00 f7 07 00 00 01 0c 08 00 00 02 c9 07 00 00 03 e0 07 00 00 04 f5 07 00 00 05 07 08 00 00 06 e7 07 00 00 07 db 07 00 00 08 fb 07 00 00 09 0d 08 00 00 0a f9 07 00 00 0b aa 07 00 00 0c f5 07 00 00 0d e0 07 00 00 0e bf 07 00 00 0f f3 07 00 00
3078000,00 84 04 10 00 00 00 00 00 01 00 00 00 00 02 00 00 00 00 03 00 00 00 00 04 00 00 00 00 05 00 00 00 00 06 00 00 00 00 07 00 00 00 00 08 00 00 00 00 09 00 00 00 00 0a 00 00 00 00 0b 00 00 00 00 0c 00 00 00 00 0d 00 00 00 00 0e 00 00 00 00 0f 00 00 00 00,00 84 04 10 00 f7 07 00 00 01 0c 08 00 00 02 c9 07 00 00 03 e0 07 00 00 04 f5 07 00 00 05 07 08 00 00 06 e7 07 00 00 07 db 07 00 00 08 fb 07 00 00 09 0d 08 00 00 0a f9 07 00 00 0b aa 07 00 00 0c f5 07 00 00 0d e0 07 00 00 0e bf 07 00 00 0f f3 07 00 00
3094000,00 84 04 10 00 00 00 00 00 01 00 00 00 00 02 00 00 00 00 03 00 00 00 00 04 00 00 00 00 05 00 00 00 00 06 00 00 00 00 07 00 00 00 00 08 00 00 00 00 09 00 00 00 00 0a 00 00 00 00 0b 00 00 00 00 0c 00 00 00 00 0d 00 00 00 00 0e 00 00 00 00 0f 00 00 00 00,00 84 04 10 00 f7 07 00 00 01 0c 08 00 00 02 c9 07 00 00 03 e0 07 00 00 04 f5 07 00 00 05 07 08 00 00 06 e7 07 00 00 07 db 07 00 00 08 fb 07 00 00 09 0d 08 00 00 0a f9 07 00 00 0b aa 07 00 00 0c f5 07 00 00 0d e0 07 00 00 0e bf 07 00 00 0f f3 07 00 00
3094000,00 84 04 10 00 00 00 00 00 01 00 00 00 00 02 00 00 00 00 03 00 00 00 00 04 00 00 00 00 05 00 00 00 00 06 00 00 00 00 07 00 00 00 00 08 00 00 00 00 09 00 00 00 00 0a 00 00 00 00 0b 00 00 00 00 0c 00 00 00 00 0d 00 00 00 00 0e 00 00 00 00 0f 00 00 00 00,00 84 04 10 00 f7 07 00 00 01 0c 08 00 00 02 c9 07 00 00 03 e0 07 00 00 04 f5 07 00 00 05 07 08 00 00 06 e7 07 00 00 07 db 07 00 00 08 fb 07 00 00 09 0d 08 00 00 0a f9 07 00 00 0b aa 07 00 00 0c f5 07 00 00 0d e0 07 00 00 0e bf 07 00 00 0f f3 07 00 00
3109000,00 84 04 10 00 00 00 00 00 01 00 00 00 00 02 00 00 00 00 03 00 00 00 00 04 00 00 00 00 05 00 00 00 00 06 00 00 00 00 07 00 00 00 00 08 00 00 00 00 09 00 00 00 00 0a 00 00 00 00 0b 00 00 00 00 0c 00 00 00 00 0d 00 00 00 00 0e 00 00 00 00 0f 00 00 00 00,00 84 04 10 00 f7 07 00 00 01 0c 08 00 00 02 c9 07 00 00 03 e0 07 00 00 04 f5 07 00 00 05 07 08 00 00 06 e7 07 00 00 07 db 07 00 00 08 fb 07 00 00 09 0d 08 00 00 0a f9 07 00 00 0b aa 07 00 00 0c f5 07 00 00 0d e0 07 00 00 0e bf 07 00 00 0f f3 07 00 00
3125000,00 84 04 10 00 00 00 00 00 01 00 00 00 00 02 00 00 00 00 03 00 00 00 00 04 00 00 00 00 05 00 00 00 00 06 00 00 00 00 07 00 00 00 00 08 00 00 00 00 09 00 00 00 00 0a 00 00 00 00 0b 00 00 00 00 0c 00 00 00 00 0d 00 00 00 00 0e 00 00 00 00 0f 00 00 00 00,00 84 04 10 00 f7 07 00 00 01 0c 08 00 00 02 c9 07 00 00 03 e0 07 00 00 04 f5 07 00 00 05 07 08 00 00 06 e7 07 00 00 07 db 07 00 00 08 fb 07 00 00 09 0d 08 00 00 0a f9 07 00 00 0b aa 07 00 00 0c f5 07 00 00 0d e0 07 00 00 0e bf 07 00 00 0f f3 07 00 00
3125000,00 84 04 10 00 00 00 00 00 01 00 00 00 00 02 00 00 00 00 03 00 00 00 00 04 00 00 00 00 05 00 00 00 00 06 00 00 00 00 07 00 00 00 00 08 00 00 00 00 09 00 00 00 00 0a 00 00 00 00 0b 00 00 00 00 0c 00 00 00 00 0d 00 00 00 00 0e 00 00 00 00 0f 00 00 00 00,00 84 04 10 00 f7 07 00 00 01 0c 08 00 00 02 c9 07 00 00 03 e0 07 00 00 04 f5 07 00 00 05 07 08 00 00 06 e7 07 00 00 07 db 07 00 00 08 fb 07 00 00 09 0d 08 00 00 0a f9 07 00 00 0b aa 07 00 00 0c f5 07 00 00 0d e0 07 00 00 0e bf 07 00 00 0f f3 07 00 00
3140000,00 84 04 10 00 00 00 00 00 01 00 00 00 00 02 00 00 00 00 03 00 00 00 00 04 00 00 00 00 05 00 00 00 00 06 00 00 00 00 07 00 00 00 00 08 00 00 00 00 09 00 00 00 00 0a 00 00 00 00 0b 00 00 00 00 0c 00 00 00 00 0d 00 00 00 00 0e 00 00 00 00 0f 00 00 00 00,00 84 04 10 00 f7 07 00 00 01 0c 08 00 00 02 c9 07 00 00 03 e0 07 00 00 04 f5 07 00 00 05 07 08 00 00 06 e7 07 00 00 07 db 07 00 00 08 fb 07 00 00 09 0d 08 00 00 0a f9 07 00 00 0b aa 07 00 00 0c f5 07 00 00 0d e0 07 00 00 0e bf 07 00 00 0f f3 07 00 00
3156000,00 84 04 10 00 00 00 00 00 01 00 00 00 00 02 00 00 00 00 03 00 00 00 00 04 00 00 00 00 05 00 00 00 00 06 00 00 00 00 07 00 00 00 00 08 00 00 00 00 09 00 00 00 00 0a 00 00 00 00 0b 00 00 00 00 0c 00 00 00 00 0d 00 00 00 00 0e 00 00 00 00 0f 00 00 00 00,00 84 04 10 00 f7 07 00 00 01 0c 08 00 00 02 c9 07 00 00 03 e0 07 00 00 04 f5 07 00 00 05 07 08 00 00 06 e7 07 00 00 07 db 07 00 00 08 fb 07 00 00 09 0d 08 00 00 0a f9 07 00 00 0b aa 07 00 00 0c f5 07 00 00 0d e0 07 00 00 0e bf 07 00 00 0f f3 07 00 00
3156000,00 84 04 10 00 00 00 00 00 01 00 00 00 00 02 00 00 00 00 03 00 00 00 00 04 00 00 00 00 05 00 00 00 00 06 00 00 00 00 07 00 00 00 00 08 00 00 00 00 09 00 00 00 00 0a 00 00 00 00 0b 00 00 00 00 0c 00 00 00 00 0d 00 00 00 00 0e 00 00 00 00 0f 00 00 00 00,00 84 04 10 00 f7 07 00 00 01 0c 08 00 00 02 c9 07 00 00 03 e0 07 00 00 04 f5 07 00 00 05 07 08 00 00 06 e7 07 00 00 07 db 07 00 00 08 fb 07 00 00 09 0d 08 00 00 0a f9 07 00 00 0b aa 07 00 00 0c f5 07 00 00 0d e0 07 00 00 0e bf 07 00 00 0f f3 07 00 00
3172000,00 84 04 10 00 00 00 00 00 01 00 00 00 00 02 00 00 00 00 03 00 00 00 00 04 00 00 00 00 05 00 00 00 00 06 00 00 00 00 07 00 00 00 00 08 00 00 00 00 09 00 00 00 00 0a 00 00 00 00 0b 00 00 00 00 0c 00 00 00 00 0d 00 00 00 00 0e 00 00 00 00 0f 00 00 00 00,00 84 04 10 00 f7 07 00 00 01 0c 08 00 00 02 c9 07 00 00 03 e0 07 00 00 04 f5 07 00 00 05 07 08 00 00 06 e7 07 00 00 07 db 07 00 00 08 fb 07 00 00 09 0d 08 00 00 0a f9 07 00 00 0b aa 07 00 00 0c f5 07 00 00 0d e0 07 00 00 0e bf 07 00 00 0f f3 07 00 00
3187000,00 84 04 10 00 00 00 00 00 01 00 00 00 00 02 00 00 00 00 03 00 00 00 00 04 00 00 00 00 05 00 00 00 00 06 00 00 00 00 07 00 00 00 00 08 00 00 00 00 09 00 00 00 00 0a 00 00 00 00 0b 00 00 00 00 0c 00 00 00 00 0d 00 00 00 00 0e 00 00 00 00 0f 00 00 00 00,00 84 04 10 00 f7 07 00 00 01 0c 08 00 00 02 c9 07 00 00 03 e0 07 00 00 04 f5 07 00 00 05 07 08 00 00 06 e7 07 00 00 07 db 07 00 00 08 fb 07 00 00 09 0d 08 00 00 0a f9 07 00 00 0b aa 07 00 00 0c f5 07 00 00 0d e0 07 00 00 0e bf 07 00 00 0f f3 07 00 00
3187000,00 84 04 10 00 00 00 00 00 01 00 00 00 00 02 00 00 00 00 03 00 00 00 00 04 00 00 00 00 05 00 00 00 00 06 00 00 00 00 07 00 00 00 00 08 00 00 00 00 09 00 00 00 00 0a 00 00 00 00 0b 00 00 00 00 0c 00 00 00 00 0d 00 00 00 00 0e 00 00 00 00 0f 00 00 00 00,00 84 04 10 00 f7 07 00 00 01 0c 08 00 00 02 c9 07 00 00 03 e0 07 00 00 04 f5 07 00 00 05 07 08 00 00 06 e7 07 00 00 07 db 07 00 00 08 fb 07 00 00 09 0d 08 00 00 0a f9 07 00 00 0b aa 07 00 00 0c f5 07 00 00 0d e0 07 00 00 0e bf 07 00 00 0f f3 07 00 00
3203000,00 84 04 10 00 00 00 00 00 01 00 00 00 00 02 00 00 00 00 03 00 00 00 00 04 00 00 00 00 05 00 00 00 00 06 00 00 00 00 07 00 00 00 00 08 00 00 00 00 09 00 00 00 00 0a 00 00 00 00 0b 00 00 00 00 0c 00 00 00 00 0d 00 00 00 00 0e 00 00 00 00 0f 00 00 00 00,00 84 04 10 00 f7 07 00 00 01 0c 08 00 00 02 c9 07 00 00 03 e0 07 00 00 04 f5 07 00 00 05 07 08 00 00 06 e7 07 00 00 07 db 07 00 00 08 fb 07 00 00 09 0d 08 00 00 0a f9 07 00 00 0b aa 07 00 00 0c f5 07 00 00 0d e0 07 00 00 0e bf 07 00 00 0f f3 07 00 00
3203000,00 84 04 10 00 00 00 00 00 01 00 00 00 00 02 00 00 00 00 03 00 00 00 00 04 00 00 00 00 05 00 00 00 00 06 00 00 00 00 07 00 00 00 00 08 00 00 00 00 09 00 00 00 00 0a 00 00 00 00 0b 00 00 00 00 0c 00 00 00 00 0d 00 00 00 00 0e 00 00 00 00 0f 00 00 00 00,00 84 04 10 00 f7 07 00 00 01 0c 08 00 00 02 c9 07 00 00 03 e0 07 00 00 04 f5 07 00 00 05 07 08 00 00 06 e7 07 00 00 07 db 07 00 00 08 fb 07 00 00 09 0d 08 00 00 0a f9 07 00 00 0b aa 07 00 00 0c f5 07 00 00 0d e0 07 00 00 0e bf 07 00 00 0f f3 07 00 00
3219000,00 84 04 10 00 00 00 00 00 01 00 00 00 00 02 00 00 00 00 03 00 00 00 00 04 00 00 00 00 05 00 00 00 00 06 00 00 00 00 07 00 00 00 00 08 00 00 00 00 09 00 00 00 00 0a 00 00 00 00 0b 00 00 00 00 0c 00 00 00 00 0d 00 00 00 00 0e 00 00 00 00 0f 00 00 00 00,00 84 04 10 00 f7 07 00 00 01 0c 08 00 00 02 c9 07 00 00 03 e0 07 00 00 04 f5 07 00 00 05 07 08 00 00 06 e7 07 00 00 07 db 07 00 00 08 fb 07 00 00 09 0d 08 00 00 0a f9 07 00 00 0b aa 07 00 00 0c f5 07 00 00 0d e0 07 00 00 0e bf 07 00 00 0f f3 07 00 00
3234000,00 84 04 10 00 00 00 00 00 01 00 00 00 00 02 00 00 00 00 03 00 00 00 00 04 00 00 00 00 05 00 00 00 00 06 00 00 00 00 07 00 00 00 00 08 00 00 00 00 09 00 00 00 00 0a 00 00 00 00 0b 00 00 00 00 0c 00 00 00 00 0d 00 00 00 00 0e 00 00 00 00 0f 00 00 00 00,00 84 04 10 00 f7 07 00 00 01 0c 08 00 00 02 c9 07 00 00 03 e0 07 00 00 04 f5 07 00 00 05 07 08 00 00 06 e7 07 00 00 07 db 07 00 00 08 fb 07 00 00 09 0d 08 00 00 0a f9 07 00 00 0b aa 07 00 00 0c f5 07 00 00 0d e0 07 00 00 0e bf 07 00 00 0f f3 07 00 00
3234000,00 84 04 10 00 00 00 00 00 01 00 00 00 00 02 00 00 00 00 03 00 00 00 00 04 00 00 00 00 05 00 00 00 00 06 00 00 00 00 07 00 00 00 00 08 00 00 00 00 09 00 00 00 00 0a 00 00 00 00 0b 00 00 00 00 0c 00 00 00 00 0d 00 00 00 00 0e 00 00 00 00 0f 00 00 00 00,00 84 04 10 00 f7 07 00 00 01 0c 08 00 00 02 c9 07 00 00 03 e0 07 00 00 04 f5 07 00 00 05 07 08 00 00 06 e7 07 00 00 07 db 07 00 00 08 fb 07 00 00 09 0d 08 00 00 0a f9 07 00 00 0b aa 07 00 00 0c f5 07 00 00 0d e0 07 00 00 0e bf 07 00 00 0f f3 07 00 00
3250000,00 84 04 10 00 00 00 00 00 01 00 00 00 00 02 00 00 00 00 03 00 00 00 00 04 00 00 00 00 05 00 00 00 00 06 00 00 00 00 07 00 00 00 00 08 00 00 00 00 09 00 00 00 00 0a 00 00 00 00 0b 00 00 00 00 0c 00 00 00 00 0d 00 00 00 00 0e 00 00 00 00 0f 00 00 00 00,00 84 04 10 00 f7 07 00 00 01 0c 08 00 00 02 c9 07 00 00 03 e0 07 00 00 04 f5 07 00 00 05 07 08 00 00 06 e7 07 00 00 07 db 07 00 00 08 fb 07 00 00 09 0d 08 00 00 0a f9 07 00 00 0b aa 07 00 00 0c f5 07 00 00 0d e0 07 00 00 0e bf 07 00 00 0f f3 07 00 00
3265000,00 84 04 10 00 00 00 00 00 01 00 00 00 00 02 00 00 00 00 03 00 00 00 00 04 00 00 00 00 05 00 00 00 00 06 00 00 00 00 07 00 00 00 00 08 00 00 00 00 09 00 00 00 00 0a 00 00 00 00 0b 00 00 00 00 0c 00 00 00 00 0d 00 00 00 00 0e 00 00 00 00 0f 00 00 00 00,00 84 04 10 00 f7 07 00 00 01 0c 08 00 00 02 c9 07 00 00 03 e0 07 00 00 04 f5 07 00 00 05 07 08 00 00 06 e7 07 00 00 07 db 07 00 00 08 fb 07 00 00 09 0d 08 00 00 0a f9 07 00 00 0b aa 07 00 00 0c f5 07 00 00 0d e0 07 00 00 0e bf 07 00 00 0f f3 07 00 00
3265000,00 84 04 10 00 00 00 00 00 01 00 00 00 00 02 00 00 00 00 03 00 00 00 00 04 00 00 00 00 05 00 00 00 00 06 00 00 00 00 07 00 00 00 00 08 00 00 00 00 09 00 00 00 00 0a 00 00 00 00 0b 00 00 00 00 0c 00 00 00 00 0d 00 00 00 00 0e 00 00 00 00 0f 00 00 00 00,00 84 04 10 00 f7 07 00 00 01 0c 08 00 00 02 c9 07 00 00 03 e0 07 00 00 04 f5 07 00 00 05 07 08 00 00 06 e7 07 00 00 07 db 07 00 00 08 fb 07 00 00 09 0d 08 00 00 0a f9 07 00 00 0b aa 07 00 00 0c f5 07 00 00 0d e0 07 00 00 0e bf 07 00 00 0f f3 07 00 00
3281000,00 84 04 10 00 00 00 00 00 01 00 00 00 00 02 00 00 00 00 03 00 00 00 00 04 00 00 00 00 05 00 00 00 00 06 00 00 00 00 07 00 00 00 00 08 00 00 00 00 09 00 00 00 00 0a 00 00 00 00 0b 00 00 00 00 0c 00 00 00 00 0d 00 00 00 00 0e 00 00 00 00 0f 00 00 00 00,00 84 04 10 00 f7 07 00 00 01 0c 08 00 00 02 c9 07 00 00 03 e0 07 00 00 04 f5 07 00 00 05 07 08 00 00 06 e7 07 00 00 07 db 07 00 00 08 fb 07 00 00 09 0d 08 00 00 0a f9 07 00 00 0b aa 07 00 00 0c f5 07 00 00 0d e0 07 00 00 0e bf 07 00 00 0f f3 07 00 00
3297000,00 84 04 10 00 00 00 00 00 01 00 00 00 00 02 00 00 00 00 03 00 00 00 00 04 00 00 00 00 05 00 00 00 00 06 00 00 00 00 07 00 00 00 00 08 00 00 00 00 09 00 00 00 00 0a 00 00 00 00 0b 00 00 00 00 0c 00 00 00 00 0d 00 00 00 00 0e 00 00 00 00 0f 00 00 00 00,00 84 04 10 00 f7 07 00 00 01 0c 08 00 00 02 c9 07 00 00 03 e0 07 00 00 04 f5 07 00 00 05 07 08 00 00 06 e7 07 00 00 07 db 07 00 00 08 fb 07 00 00 09 0d 08 00 00 0a f9 07 00 00 0b aa 07 00 00 0c f5 07 00 00 0d e0 07 00 00 0e bf 07 00 00 0f f3 07 00 00
3297000,00 84 04 10 00 00 00 00 00 01 00 00 00 00 02 00 00 00 00 03 00 00 00 00 04 00 00 00 00 05 00 00 00 00 06 00 00 00 00 07 00 00 00 00 08 00 00 00 00 09 00 00 00 00 0a 00 00 00 00 0b 00 00 00 00 0c 00 00 00 00 0d 00 00 00 00 0e 00 00 00 00 0f 00 00 00 00,00 84 04 10 00 f7 07 00 00 01 0c 08 00 00 02 c9 07 00 00 03 e0 07 00 00 04 f5 07 00 00 05 07 08 00 00 06 e7 07 00 00 07 db 07 00 00 08 fb 07 00 00 09 0d 08 00 00 0a f9 07 00 00 0b aa 07 00 00 0c f5 07 00 00 0d e0 07 00 00 0e bf 07 00 00 0f f3 07 00 00
3312000,00 84 04 10 00 00 00 00 00 01 00 00 00 00 02 00 00 00 00 03 00 00 00 00 04 00 00 00 00 05 00 00 00 00 06 00 00 00 00 07 00 00 00 00 08 00 00 00 00 09 00 00 00 00 0a 00 00 00 00 0b 00 00 00 00 0c 00 00 00 00 0d 00 00 00 00 0e 00 00 00 00 0f 00 00 00 00,00 84 04 10 00 f7 07 00 00 01 0c 08 00 00 02 c9 07 00 00 03 e0 07 00 00 04 f5 07 00 00 05 07 08 00 00 06 e7 07 00 00 07 db 07 00 00 08 fb 07 00 00 09 0d 08 00 00 0a f9 07 00 00 0b aa 07 00 00 0c f5 07 00 00 0d e0 07 00 00 0e bf 07 00 00 0f f3 07 00 00
3328000,00 84 04 10 00 00 00 00 00 01 00 00 00 00 02 00 00 00 00 03 00 00 00 00 04 00 00 00 00 05 00 00 00 00 06 00 00 00 00 07 00 00 00 00 08 00 00 00 00 09 00 00 00 00 0a 00 00 00 00 0b 00 00 00 00 0c 00 00 00 00 0d 00 00 00 00 0e 00 00 00 00 0f 00 00 00 00,00 84 04 10 00 f7 07 00 00 01 0c 08 00 00 02 c9 07 00 00 03 e0 07 00 00 04 f5 07 00 00 05 07 08 00 00 06 e7 07 00 00 07 db 07 00 00 08 fb 07 00 00 09 0d 08 00 00 0a f9 07 00 00 0b aa 07 00 00 0c f5 07 00 00 0d e0 07 00 00 0e bf 07 00 00 0f f3 07 00 00
3328000,00 84 04 10 00 00 00 00 00 01 00 00 00 00 02 00 00 00 00 03 00 00 00 00 04 00 00 00 00 05 00 00 00 00 06 00 00 00 00 07 00 00 00 00 08 00 00 00 00 09 00 00 00 00 0a 00 00 00 00 0b 00 00 00 00 0c 00 00 00 00 0d 00 00 00 00 0e 00 00 00 00 0f 00 00 00 00,00 84 04 10 00 f7 07 00 00 01 0c 08 00 00 02 c9 07 00 00 03 e0 07 00 00 04 f5 07 00 00 05 07 08 00 00 06 e7 07 00 00 07 db 07 00 00 08 fb 07 00 00 09 0d 08 00 00 0a f9 07 00 00 0b aa 07 00 00 0c f5 07 00 00 0d e0 07 00 00 0e bf 07 00 00 0f f3 07 00 00
3344000,00 84 04 10 00 00 00 00 00 01 00 00 00 00 02 00 00 00 00 03 00 00 00 00 04 00 00 00 00 05 00 00 00 00 06 00 00 00 00 07 00 00 00 00 08 00 00 00 00 09 00 00 00 00 0a 00 00 00 00 0b 00 00 00 00 0c 00 00 00 00 0d 00 00 00 00 0e 00 00 00 00 0f 00 00 00 00,00 84 04 10 00 f7 07 00 00 01 0c 08 00 00 02 c9 07 00 00 03 e0 07 00 00 04 f5 07 00 00 05 07 08 00 00 06 e7 07 00 00 07 db 07 00 00 08 fb 07 00 00 09 0d 08 00 00 0a f9 07 00 00 0b aa 07 00 00 0c f5 07 00 00 0d e0 07 00 00 0e bf 07 00 00 0f f3 07 00 00
3359000,00 84 04 10 00 00 00 00 00 01 00 00 00 00 02 00 00 00 00 03 00 00 00 00 04 00 00 00 00 05 00 00 00 00 06 00 00 00 00 07 00 00 00 00 08 00 00 00 00 09 00 00 00 00 0a 00 00 00 00 0b 00 00 00 00 0c 00 00 00 00 0d 00 00 00 00 0e 00 00 00 00 0f 00 00 00 00,00 84 04 10 00 f7 07 00 00 01 0c 08 00 00 02 c9 07 00 00 03 e0 07 00 00 04 f5 07 00 00 05 07 08 00 00 06 e7 07 00 00 07 db 07 00 00 08 fb 07 00 00 09 0d 08 00 00 0a f9 07 00 00 0b aa 07 00 00 0c f5 07 00 00 0d e0 07 00 00 0e bf 07 00 00 0f f3 07 00 00
3359000,00 84 04 10 00 00 00 00 00 01 00 00 00 00 02 00 00 00 00 03 00 00 00 00 04 00 00 00 00 05 00 00 00 00 06 00 00 00 00 07 00 00 00 00 08 00 00 00 00 09 00 00 00 00 0a 00 00 00 00 0b 00 00 00 00 0c 00 00 00 00 0d 00 00 00 00 0e 00 00 00 00 0f 00 00 00 00,00 84 04 10 00 f7 07 00 00 01 0c 08 00 00 02 c9 07 00 00 03 e0 07 00 00 04 f5 07 00 00 05 07 08 00 00 06 e7 07 00 00 07 db 07 00 00 08 fb 07 00 00 09 0d 08 00 00 0a f9 07 00 00 0b aa 07 00 00 0c f5 07 00 00 0d e0 07 00 00 0e bf 07 00 00 0f f3 07 00 00
3375000,00 84 04 10 00 00 00 00 00 01 00 00 00 00 02 00 00 00 00 03 00 00 00 00 04 00 00 00 00 05 00 00 00 00 06 00 00 00 00 07 00 00 00 00 08 00 00 00 00 09 00 00 00 00 0a 00 00 00 00 0b 00 00 00 00 0c 00 00 00 00 0d 00 00 00 00 0e 00 00 00 00 0f 00 00 00 00,00 84 04 10 00 f7 07 00 00 01 0c 08 00 00 02 c9 07 00 00 03 e0 07 00 00 04 f5 07 00 00 05 07 08 00 00 06 e7 07 00 00 07 db 07 00 00 08 fb 07 00 00 09 0d 08 00 00 0a f9 07 00 00 0b aa 07 00 00 0c f5 07 00 00 0d e0 07 00 00 0e bf 07 00 00 0f f3 07 00 00
3390000,00 84 04 10 00 00 00 00 00 01 00 00 00 00 02 00 00 00 00 03 00 00 00 00 04 00 00 00 00 05 00 00 00 00 06 00 00 00 00 07 00 00 00 00 08 00 00 00 00 09 00 00 00 00 0a 00 00 00 00 0b 00 00 00 00 0c 00 00 00 00 0d 00 00 00 00 0e 00 00 00 00 0f 00 00 00 00,00 84 04 10 00 f7 07 00 00 01 0c 08 00 00 02 c9 07 00 00 03 e0 07 00 00 04 f5 07 00 00 05 07 08 00 00 06 e7 07 00 00 07 db 07 00 00 08 fb 07 00 00 09 0d 08 00 00 0a f9 07 00 00 0b aa 07 00 00 0c f5 07 00 00 0d e0 07 00 00 0e bf 07 00 00 0f f3 07 00 00
3390000,00 84 04 10 00 00 00 00 00 01 00 00 00 00 02 00 00 00 00 03 00 00 00 00 04 00 00 00 00 05 00 00 00 00 06 00 00 00 00 07 00 00 00 00 08 00 00 00 00 09 00 00 00 00 0a 00 00 00 00 0b 00 00 00 00 0c 00 00 00 00 0d 00 00 00 00 0e 00 00 00 00 0f 00 00 00 00,00 84 04 10 00 f7 07 00 00 01 0c 08 00 00 02 c9 07 00 00 03 e0 07 00 00 04 f5 07 00 00 05 07 08 00 00 06 e7 07 00 00 07 db 07 00 00 08 fb 07 00 00 09 0d 08 00 00 0a f9 07 00 00 0b aa 07 00 00 0c f5 07 00 00 0d e0 07 00 00 0e bf 07 00 00 0f f3 07 00 00
3406000,00 84 04 10 00 00 00 00 00 01 00 00 00 00 02 00 00 00 00 03 00 00 00 00 04 00 00 00 00 05 00 00 00 00 06 00 00 00 00 07 00 00 00 00 08 00 00 00 00 09 00 00 00 00 0a 00 00 00 00 0b 00 00 00 00 0c 00 00 00 00 0d 00 00 00 00 0e 00 00 00 00 0f 00 00 00 00,00 84 04 10 00 f7 07 00 00 01 0c 08 00 00 02 c9 07 00 00 03 e0 07 00 00 04 f5 07 00 00 05 07 08 00 00 06 e7 07 00 00 07 db 07 00 00 08 fb 07 00 00 09 0d 08 00 00 0a f9 07 00 00 0b aa 07 00 00 0c f5 07 00 00 0d e0 07 00 00 0e bf 07 00 00 0f f3 07 00 00
3422000,00 84 04 10 00 00 00 00 00 01 00 00 00 00 02 00 00 00 00 03 00 00 00 00 04 00 00 00 00 05 00 00 00 00 06 00 00 00 00 07 00 00 00 00 08 00 00 00 00 09 00 00 00 00 0a 00 00 00 00 0b 00 00 00 00 0c 00 00 00 00 0d 00 00 00 00 0e 00 00 00 00 0f 00 00 00 00,00 84 04 10 00 f7 07 00 00 01 0c 08 00 00 02 c9 07 00 00 03 e0 07 00 00 04 f5 07 00 00 05 07 08 00 00 06 e7 07 00 00 07 db 07 00 00 08 fb 07 00 00 09 0d 08 00 00 0a f9 07 00 00 0b aa 07 00 00 0c f5 07 00 00 0d e0 07 00 00 0e bf 07 00 00 0f f3 07 00 00
3422000,00 84 04 10 00 00 00 00 00 01 00 00 00 00 02 00 00 00 00 03 00 00 00 00 04 00 00 00 00 05 00 00 00 00 06 00 00 00 00 07 00 00 00 00 08 00 00 00 00 09 00 00 00 00 0a 00 00 00 00 0b 00 00 00 00 0c 00 00 00 00 0d 00 00 00 00 0e 00 00 00 00 0f 00 00 00 00,00 84 04 10 00 f7 07 00 00 01 0c 08 00 00 02 c9 07 00 00 03 e0 07 00 00 04 f5 07 00 00 05 07 08 00 00 06 e7 07 00 00 07 db 07 00 00 08 fb 07 00 00 09 0d 08 00 00 0a f9 07 00 00 0b aa 07 00 00 0c f5 07 00 00 0d e0 07 00 00 0e bf 07 00 00 0f f3 07 00 00
3437000,00 84 04 10 00 00 00 00 00 01 00 00 00 00 02 00 00 00 00 03 00 00 00 00 04 00 00 00 00 05 00 00 00 00 06 00 00 00 00 07 00 00 00 00 08 00 00 00 00 09 00 00 00 00 0a 00 00 00 00 0b 00 00 00 00 0c 00 00 00 00 0d 00 00 00 00 0e 00 00 00 00 0f 00 00 00 00,00 84 04 10 00 f7 07 00 00 01 0c 08 00 00 02 c9 07 00 00 03 e0 07 00 00 04 f5 07 00 00 05 07 08 00 00 06 e7 07 00 00 07 db 07 00 00 08 fb 07 00 00 09 0d 08 00 00 0a f9 07 00 00 0b aa 07 00 00 0c f5 07 00 00 0d e0 07 00 00 0e bf 07 00 00 0f f3 07 00 00
3437000,00 84 04 10 00 00 00 00 00 01 00 00 00 00 02 00 00 00 00 03 00 00 00 00 04 00 00 00 00 05 00 00 00 00 06 00 00 00 00 07 00 00 00 00 08 00 00 00 00 09 00 00 00 00 0a 00 00 00 00 0b 00 00 00 00 0c 00 00 00 00 0d 00 00 00 00 0e 00 00 00 00 0f 00 00 00 00,00 84 04 10 00 f7 07 00 00 01 0c 08 00 00 02 c9 07 00 00 03 e0 07 00 00 04 f5 07 00 00 05 07 08 00 00 06 e7 07 00 00 07 db 07 00 00 08 fb 07 00 00 09 0d 08 00 00 0a f9 07 00 00 0b aa 07 00 00 0c f5 07 00 00 0d e0 07 00 00 0e bf 07 00 00 0f f3 07 00 00
3453000,00 84 04 10 00 00 00 00 00 01 00 00 00 00 02 00 00 00 00 03 00 00 00 00 04 00 00 00 00 05 00 00 00 00 06 00 00 00 00 07 00 00 00 00 08 00 00 00 00 09 00 00 00 00 0a 00 00 00 00 0b 00 00 00 00 0c 00 00 00 00 0d 00 00 00 00 0e 00 00 00 00 0f 00 00 00 00,00 84 04 10 00 f7 07 00 00 01 0c 08 00 00 02 c9 07 00 00 03 e0 07 00 00 04 f5 07 00 00 05 07 08 00 00 06 e7 07 00 00 07 db 07 00 00 08 fb 07 00 00 09 0d 08 00 00 0a f9 07 00 00 0b aa 07 00 00 0c f5 07 00 00 0d e0 07 00 00 0e bf 07 00 00 0f f3 07 00 00
3469000,00 84 04 10 00 00 00 00 00 01 00 00 00 00 02 00 00 00 00 03 00 00 00 00 04 00 00 00 00 05 00 00 00 00 06 00 00 00 00 07 00 00 00 00 08 00 00 00 00 09 00 00 00 00 0a 00 00 00 00 0b 00 00 00 00 0c 00 00 00 00 0d 00 00 00 00 0e 00 00 00 00 0f 00 00 00 00,00 84 04 10 00 f7 07 00 00 01 0c 08 00 00 02 c9 07 00 00 03 e0 07 00 00 04 f5 07 00 00 05 07 08 00 00 06 e7 07 00 00 07 db 07 00 00 08 fb 07 00 00 09 0d 08 00 00 0a f9 07 00 00 0b aa 07 00 00 0c f5 07 00 00 0d e0 07 00 00 0e bf 07 00 00 0f f3 07 00 00
3469000,00 84 04 10 00 00 00 00 00 01 00 00 00 00 02 00 00 00 00 03 00 00 00 00 04 00 00 00 00 05 00 00 00 00 06 00 00 00 00 07 00 00 00 00 08 00 00 00 00 09 00 00 00 00 0a 00 00 00 00 0b 00 00 00 00 0c 00 00 00 00 0d 00 00 00 00 0e 00 00 00 00 0f 00 00 00 00,00 84 04 10 00 f7 07 00 00 01 0c 08 00 00 02 c9 07 00 00 03 e0 07 00 00 04 f5 07 00 00 05 07 08 00 00 06 e7 07 00 00 07 db 07 00 00 08 fb 07 00 00 09 0d 08 00 00 0a f9 07 00 00 0b aa 07 00 00 0c f5 07 00 00 0d e0 07 00 00 0e bf 07 00 00 0f f3 07 00 00
3484000,00 84 04 10 00 00 00 00 00 01 00 00 00 00 02 00 00 00 00 03 00 00 00 00 04 00 00 00 00 05 00 00 00 00 06 00 00 00 00 07 00 00 00 00 08 00 00 00 00 09 00 00 00 00 0a 00 00 00 00 0b 00 00 00 00 0c 00 00 00 00 0d 00 00 00 00 0e 00 00 00 00 0f 00 00 00 00,00 84 04 10 00 f7 07 00 00 01 0c 08 00 00 02 c9 07 00 00 03 e0 07 00 00 04 f5 07 00 00 05 07 08 00 00 06 e7 07 00 00 07 db 07 00 00 08 fb 07 00 00 09 0d 08 00 00 0a f9 07 00 00 0b aa 07 00 00 0c f5 07 00 00 0d e0 07 00 00 0e bf 07 00 00 0f f3 07 00 00
3484000,00 84 04 10 00 00 00 00 00 01 00 00 00 00 02 00 00 00 00 03 00 00 00 00 04 00 00 00 00 05 00 00 00 00 06 00 00 00 00 07 00 00 00 00 08 00 00 00 00 09 00 00 00 00 0a 00 00 00 00 0b 00 00 00 00 0c 00 00 00 00 0d 00 00 00 00 0e 00 00 00 00 0f 00 00 00 00,00 84 04 10 00 f7 07 00 00 01 0c 08 00 00 02 c9 07 00 00 03 e0 07 00 00 04 f5 07 00 00 05 07 08 00 00 06 e7 07 00 00 07 db 07 00 00 08 fb 07 00 00 09 0d 08 00 00 0a f9 07 00 00 0b aa 07 00 00 0c f5 07 00 00 0d e0 07 00 00 0e bf 07 00 00 0f f3 07 00 00
3500000,00 84 04 10 00 00 00 00 00 01 00 00 00 00 02 00 00 00 00 03 00 00 00 00 04 00 00 00 00 05 00 00 00 00 06 00 00 00 00 07 00 00 00 00 08 00 00 00 00 09 00 00 00 00 0a 00 00 00 00 0b 00 00 00 00 0c 00 00 00 00 0d 00 00 00 00 0e 00 00 00 00 0f 00 00 00 00,00 84 04 10 00 f7 07 00 00 01 0c 08 00 00 02 c9 07 00 00 03 e0 07 00 00 04 f5 07 00 00 05 07 08 00 00 06 e7 07 00 00 07 db 07 00 00 08 fb 07 00 00 09 0d 08 00 00 0a f9 07 00 00 0b aa 07 00 00 0c f5 07 00 00 0d e0 07 00 00 0e bf 07 00 00 0f f3 07 00 00
3515000,00 84 04 10 00 00 00 00 00 01 00 00 00 00 02 00 00 00 00 03 00 00 00 00 04 00 00 00 00 05 00 00 00 00 06 00 00 00 00 07 00 00 00 00 08 00 00 00 00 09 00 00 00 00 0a 00 00 00 00 0b 00 00 00 00 0c 00 00 00 00 0d 00 00 00 00 0e 00 00 00 00 0f 00 00 00 00,00 84 04 10 00 f7 07 00 00 01 0c 08 00 00 02 c9 07 00 00 03 e0 07 00 00 04 f5 07 00 00 05 07 08 00 00 06 e7 07 00 00 07 db 07 00 00 08 fb 07 00 00 09 0d 08 00 00 0a f9 07 00 00 0b aa 07 00 00 0c f5 07 00 00 0d e0 07 00 00 0e bf 07 00 00 0f f3 07 00 00
3515000,00 84 04 10 00 00 00 00 00 01 00 00 00 00 02 00 00 00 00 03 00 00 00 00 04 00 00 00 00 05 00 00 00 00 06 00 00 00 00 07 00 00 00 00 08 00 00 00 00 09 00 00 00 00 0a 00 00 00 00 0b 00 00 00 00 0c 00 00 00 00 0d 00 00 00 00 0e 00 00 00 00 0f 00 00 00 00,00 84 04 10 00 f7 07 00 00 01 0c 08 00 00 02 c9 07 00 00 03 e0 07 00 00 04 f5 07 00 00 05 07 08 00 00 06 e7 07 00 00 07 db 07 00 00 08 fb 07 00 00 09 0d 08 00 00 0a f9 07 00 00 0b aa 07 00 00 0c f5 07 00 00 0d e0 07 00 00 0e bf 07 00 00 0f f3 07 00 00
3531000,00 84 04 10 00 00 00 00 00 01 00 00 00 00 02 00 00 00 00 03 00 00 00 00 04 00 00 00 00 05 00 00 00 00 06 00 00 00 00 07 00 00 00 00 08 00 00 00 00 09 00 00 00 00 0a 00 00 00 00 0b 00 00 00 00 0c 00 00 00 00 0d 00 00 00 00 0e 00 00 00 00 0f 00 00 00 00,00 84 04 10 00 f7 07 00 00 01 0c 08 00 00 02 c9 07 00 00 03 e0 07 00 00 04 f5 07 00 00 05 07 08 00 00 06 e7 07 00 00 07 db 07 00 00 08 fb 07 00 00 09 0d 08 00 00 0a f9 07 00 00 0b aa 07 00 00 0c f5 07 00 00 0d e0 07 00 00 0e bf 07 00 00 0f f3 07 00 00
3547000,00 84 04 10 00 00 00 00 00 01 00 00 00 00 02 00 00 00 00 03 00 00 00 00 04 00 00 00 00 05 00 00 00 00 06 00 00 00 00 07 00 00 00 00 08 00 00 00 00 09 00 00 00 00 0a 00 00 00 00 0b 00 00 00 00 0c 00 00 00 00 0d 00 00 00 00 0e 00 00 00 00 0f 00 00 00 00,00 84 04 10 00 f7 07 00 00 01 0c 08 00 00 02 c9 07 00 00 03 e0 07 00 00 04 f5 07 00 00 05 07 08 00 00 06 e7 07 00 00 07 db 07 00 00 08 fb 07 00 00 09 0d 08 00 00 0a f9 07 00 00 0b aa 07 00 00 0c f5 07 00 00 0d e0 07 00 00 0e bf 07 00 00 0f f3 07 00 00
3547000,00 84 04 10 00 00 00 00 00 01 00 00 00 00 02 00 00 00 00 03 00 00 00 00 04 00 00 00 00 05 00 00 00 00 06 00 00 00 00 07 00 00 00 00 08 00 00 00 00 09 00 00 00 00 0a 00 00 00 00 0b 00 00 00 00 0c 00 00 00 00 0d 00 00 00 00 0e 00 00 00 00 0f 00 00 00 00,00 84 04 10 00 f7 07 00 00 01 0c 08 00 00 02 c9 07 00 00 03 e0 07 00 00 04 f5 07 00 00 05 07 08 00 00 06 e7 07 00 00 07 db 07 00 00 08 fb 07 00 00 09 0d 08 00 00 0a f9 07 00 00 0b aa 07 00 00 0c f5 07 00 00 0d e0 07 00 00 0e bf 07 00 00 0f f3 07 00 00
3562000,00 84 04 10 00 00 00 00 00 01 00 00 00 00 02 00 00 00 00 03 00 00 00 00 04 00 00 00 00 05 00 00 00 00 06 00 00 00 00 07 00 00 00 00 08 00 00 00 00 09 00 00 00 00 0a 00 00 00 00 0b 00 00 00 00 0c 00 00 00 00 0d 00 00 00 00 0e 00 00 00 00 0f 00 00 00 00,00 84 04 10 00 f7 07 00 00 01 0c 08 00 00 02 c9 07 00 00 03 e0 07 00 00 04 f5 07 00 00 05 07 08 00 00 06 e7 07 00 00 07 db 07 00 00 08 fb 07 00 00 09 0d 08 00 00 0a f9 07 00 00 0b aa 07 00 00 0c f5 07 00 00 0d e0 07 00 00 0e bf 07 00 00 0f f3 07 00 00
3578000,00 84 04 10 00 00 00 00 00 01 00 00 00 00 02 00 00 00 00 03 00 00 00 00 04 00 00 00 00 05 00 00 00 00 06 00 00 00 00 07 00 00 00 00 08 00 00 00 00 09 00 00 00 00 0a 00 00 00 00 0b 00 00 00 00 0c 00 00 00 00 0d 00 00 00 00 0e 00 00 00 00 0f 00 00 00 00,00 84 04 10 00 f7 07 00 00 01 0c 08 00 00 02 c9 07 00 00 03 e0 07 00 00 04 f5 07 00 00 05 07 08 00 00 06 e7 07 00 00 07 db 07 00 00 08 fb 07 00 00 09 0d 08 00 00 0a f9 07 00 00 0b aa 07 00 00 0c f5 07 00 00 0d e0 07 00 00 0e bf 07 00 00 0f f3 07 00 00
3578000,00 84 04 10 00 00 00 00 00 01 00 00 00 00 02 00 00 00 00 03 00 00 00 00 04 00 00 00 00 05 00 00 00 00 06 00 00 00 00 07 00 00 00 00 08 00 00 00 00 09 00 00 00 00 0a 00 00 00 00 0b 00 00 00 00 0c 00 00 00 00 0d 00 00 00 00 0e 00 00 00 00 0f 00 00 00 00,00 84 04 10 00 f7 07 00 00 01 0c 08 00 00 02 c9 07 00 00 03 e0 07 00 00 04 f5 07 00 00 05 07 08 00 00 06 e7 07 00 00 07 db 07 00 00 08 fb 07 00 00 09 0d 08 00 00 0a f9 07 00 00 0b aa 07 00 00 0c f5 07 00 00 0d e0 07 00 00 0e bf 07 00 00 0f f3 07 00 00
3594000,00 84 04 10 00 00 00 00 00 01 00 00 00 00 02 00 00 00 00 03 00 00 00 00 04 00 00 00 00 05 00 00 00 00 06 00 00 00 00 07 00 00 00 00 08 00 00 00 00 09 00 00 00 00 0a 00 00 00 00 0b 00 00 00 00 0c 00 00 00 00 0d 00 00 00 00 0e 00 00 00 00 0f 00 00 00 00,00 84 04 10 00 f7 07 00 00 01 0c 08 00 00 02 c9 07 00 00 03 e0 07 00 00 04 f5 07 00 00 05 07 08 00 00 06 e7 07 00 00 07 db 07 00 00 08 fb 07 00 00 09 0d 08 00 00 0a f9 07 00 00 0b aa 07 00 00 0c f5 07 00 00 0d e0 07 00 00 0e bf 07 00 00 0f f3 07 00 00
3609000,00 84 04 10 00 00 00 00 00 01 00 00 00 00 02 00 00 00 00 03 00 00 00 00 04 00 00 00 00 05 00 00 00 00 06 00 00 00 00 07 00 00 00 00 08 00 00 00 00 09 00 00 00 00 0a 00 00 00 00 0b 00 00 00 00 0c 00 00 00 00 0d 00 00 00 00 0e 00 00 00 00 0f 00 00 00 00,00 84 04 10 00 f7 07 00 00 01 0c 08 00 00 02 c9 07 00 00 03 e0 07 00 00 04 f5 07 00 00 05 07 08 00 00 06 e7 07 00 00 07 db 07 00 00 08 fb 07 00 00 09 0d 08 00 00 0a f9 07 00 00 0b aa 07 00 00 0c f5 07 00 00 0d e0 07 00 00 0e bf 07 00 00 0f f3 07 00 00
3609000,00 84 04 10 00 00 00 00 00 01 00 00 00 00 02 00 00 00 00 03 00 00 00 00 04 00 00 00 00 05 00 00 00 00 06 00 00 00 00 07 00 00 00 00 08 00 00 00 00 09 00 00 00 00 0a 00 00 00 00 0b 00 00 00 00 0c 00 00 00 00 0d 00 00 00 00 0e 00 00 00 00 0f 00 00 00 00,00 84 04 10 00 f7 07 00 00 01 0c 08 00 00 02 c9 07 00 00 03 e0 07 00 00 04 f5 07 00 00 05 07 08 00 00 06 e7 07 00 00 07 db 07 00 00 08 fb 07 00 00 09 0d 08 00 00 0a f9 07 00 00 0b aa 07 00 00 0c f5 07 00 00 0d e0 07 00 00 0e bf 07 00 00 0f f3 07 00 00
3625000,00 84 04 10 00 00 00 00 00 01 00 00 00 00 02 00 00 00 00 03 00 00 00 00 04 00 00 00 00 05 00 00 00 00 06 00 00 00 00 07 00 00 00 00 08 00 00 00 00 09 00 00 00 00 0a 00 00 00 00 0b 00 00 00 00 0c 00 00 00 00 0d 00 00 00 00 0e 00 00 00 00 0f 00 00 00 00,00 84 04 10 00 f7 07 00 00 01 0c 08 00 00 02 c9 07 00 00 03 e0 07 00 00 04 f5 07 00 00 05 07 08 00 00 06 e7 07 00 00 07 db 07 00 00 08 fb 07 00 00 09 0d 08 00 00 0a f9 07 00 00 0b aa 07 00 00 0c f5 07 00 00 0d e0 07 00 00 0e bf 07 00 00 0f f3 07 00 00
3625000,00 84 04 10 00 00 00 00 00 01 00 00 00 00 02 00 00 00 00 03 00 00 00 00 04 00 00 00 00 05 00 00 00 00 06 00 00 00 00 07 00 00 00 00 08 00 00 00 00 09 00 00 00 00 0a 00 00 00 00 0b 00 00 00 00 0c 00 00 00 00 0d 00 00 00 00 0e 00 00 00 00 0f 00 00 00 00,00 84 04 10 00 f7 07 00 00 01 0c 08 00 00 02 c9 07 00 00 03 e0 07 00 00 04 f5 07 00 00 05 07 08 00 00 06 e7 07 00 00 07 db 07 00 00 08 fb 07 00 00 09 0d 08 00 00 0a f9 07 00 00 0b aa 07 00 00 0c f5 07 00 00 0d e0 07 00 00 0e bf 07 00 00 0f f3 07 00 00
3640000,00 84 04 10 00 00 00 00 00 01 00 00 00 00 02 00 00 00 00 03 00 00 00 00 04 00 00 00 00 05 00 00 00 00 06 00 00 00 00 07 00 00 00 00 08 00 00 00 00 09 00 00 00 00 0a 00 00 00 00 0b 00 00 00 00 0c 00 00 00 00 0d 00 00 00 00 0e 00 00 00 00 0f 00 00 00 00,00 84 04 10 00 f7 07 00 00 01 0c 08 00 00 02 c9 07 00 00 03 e0 07 00 00 04 f5 07 00 00 05 07 08 00 00 06 e7 07 00 00 07 db 07 00 00 08 fb 07 00 00 09 0d 08 00 00 0a f9 07 00 00 0b aa 07 00 00 0c f5 07 00 00 0d e0 07 00 00 0e bf 07 00 00 0f f3 07 00 00
3656000,00 84 04 10 00 00 00 00 00 01 00 00 00 00 02 00 00 00 00 03 00 00 00 00 04 00 00 00 00 05 00 00 00 00 06 00 00 00 00 07 00 00 00 00 08 00 00 00 00 09 00 00 00 00 0a 00 00 00 00 0b 00 00 00 00 0c 00 00 00 00 0d 00 00 00 00 0e 00 00 00 00 0f 00 00 00 00,00 84 04 10 00 f7 07 00 00 01 0c 08 00 00 02 c9 07 00 00 03 e0 07 00 00 04 f5 07 00 00 05 07 08 00 00 06 e7 07 00 00 07 db 07 00 00 08 fb 07 00 00 09 0d 08 00 00 0a f9 07 00 00 0b aa 07 00 00 0c f5 07 00 00 0d e0 07 00 00 0e bf 07 00 00 0f f3 07 00 00
3656000,00 84 04 10 00 00 00 00 00 01 00 00 00 00 02 00 00 00 00 03 00 00 00 00 04 00 00 00 00 05 00 00 00 00 06 00 00 00 00 07 00 00 00 00 08 00 00 00 00 09 00 00 00 00 0a 00 00 00 00 0b 00 00 00 00 0c 00 00 00 00 0d 00 00 00 00 0e 00 00 00 00 0f 00 00 00 00,00 84 04 10 00 f7 07 00 00 01 0c 08 00 00 02 c9 07 00 00 03 e0 07 00 00 04 f5 07 00 00 05 07 08 00 00 06 e7 07 00 00 07 db 07 00 00 08 fb 07 00 00 09 0d 08 00 00 0a f9 07 00 00 0b aa 07 00 00 0c f5 07 00 00 0d e0 07 00 00 0e bf 07 00 00 0f f3 07 00 00
3672000,00 84 04 10 00 00 00 00 00 01 00 00 00 00 02 00 00 00 00 03 00 00 00 00 04 00 00 00 00 05 00 00 00 00 06 00 00 00 00 07 00 00 00 00 08 00 00 00 00 09 00 00 00 00 0a 00 00 00 00 0b 00 00 00 00 0c 00 00 00 00 0d 00 00 00 00 0e 00 00 00 00 0f 00 00 00 00,00 84 04 10 00 f7 07 00 00 01 0c 08 00 00 02 c9 07 00 00 03 e0 07 00 00 04 f5 07 00 00 05 07 08 00 00 06 e7 07 00 00 07 db 07 00 00 08 fb 07 00 00 09 0d 08 00 00 0a f9 07 00 00 0b aa 07 00 00 0c f4 07 00 00 0d e0 07 00 00 0e bf 07 00 00 0f f3 07 00 00
3687000,00 84 04 10 00 00 00 00 00 01 00 00 00 00 02 00 00 00 00 03 00 00 00 00 04 00 00 00 00 05 00 00 00 00 06 00 00 00 00 07 00 00 00 00 08 00 00 00 00 09 00 00 00 00 0a 00 00 00 00 0b 00 00 00 00 0c 00 00 00 00 0d 00 00 00 00 0e 00 00 00 00 0f 00 00 00 00,00 84 04 10 00 f7 07 00 00 01 0c 08 00 00 02 c9 07 00 00 03 e0 07 00 00 04 f5 07 00 00 05 07 08 00 00 06 e7 07 00 00 07 db 07 00 00 08 fb 07 00 00 09 0d 08 00 00 0a f9 07 00 00 0b aa 07 00 00 0c f5 07 00 00 0d e0 07 00 00 0e bf 07 00 00 0f f3 07 00 00
3687000,00 84 04 10 00 00 00 00 00 01 00 00 00 00 02 00 00 00 00 03 00 00 00 00 04 00 00 00 00 05 00 00 00 00 06 00 00 00 00 07 00 00 00 00 08 00 00 00 00 09 00 00 00 00 0a 00 00 00 00 0b 00 00 00 00 0c 00 00 00 00 0d 00 00 00 00 0e 00 00 00 00 0f 00 00 00 00,00 84 04 10 00 f7 07 00 00 01 0c 08 00 00 02 c9 07 00 00 03 e0 07 00 00 04 f5 07 00 00 05 07 08 00 00 06 e7 07 00 00 07 db 07 00 00 08 fb 07 00 00 09 0d 08 00 00 0a f9 07 00 00 0b aa 07 00 00 0c f5 07 00 00 0d e0 07 00 00 0e bf 07 00 00 0f f3 07 00 00
3703000,00 84 04 10 00 00 00 00 00 01 00 00 00 00 02 00 00 00 00 03 00 00 00 00 04 00 00 00 00 05 00 00 00 00 06 00 00 00 00 07 00 00 00 00 08 00 00 00 00 09 00 00 00 00 0a 00 00 00 00 0b 00 00 00 00 0c 00 00 00 00 0d 00 00 00 00 0e 00 00 00 00 0f 00 00 00 00,00 84 04 10 00 f7 07 00 00 01 0c 08 00 00 02 c9 07 00 00 03 e0 07 00 00 04 f5 07 00 00 05 07 08 00 00 06 e7 07 00 00 07 db 07 00 00 08 fb 07 00 00 09 0d 08 00 00 0a f9 07 00 00 0b aa 07 00 00 0c f5 07 00 00 0d e0 07 00 00 0e bf 07 00 00 0f f3 07 00 00
3719000,00 84 04 10 00 00 00 00 00 01 00 00 00 00 02 00 00 00 00 03 00 00 00 00 04 00 00 00 00 05 00 00 00 00 06 00 00 00 00 07 00 00 00 00 08 00 00 00 00 09 00 00 00 00 0a 00 00 00 00 0b 00 00 00 00 0c 00 00 00 00 0d 00 00 00 00 0e 00 00 00 00 0f 00 00 00 00,00 84 04 10 00 f7 07 00 00 01 0c 08 00 00 02 c9 07 00 00 03 e0 07 00 00 04 f5 07 00 00 05 07 08 00 00 06 e7 07 00 00 07 db 07 00 00 08 fb 07 00 00 09 0d 08 00 00 0a f9 07 00 00 0b aa 07 00 00 0c f5 07 00 00 0d e0 07 00 00 0e bf 07 00 00 0f f3 07 00 00
3719000,00 84 04 10 00 00 00 00 00 01 00 00 00 00 02 00 00 00 00 03 00 00 00 00 04 00 00 00 00 05 00 00 00 00 06 00 00 00 00 07 00 00 00 00 08 00 00 00 00 09 00 00 00 00 0a 00 00 00 00 0b 00 00 00 00 0c 00 00 00 00 0d 00 00 00 00 0e 00 00 00 00 0f 00 00 00 00,00 84 04 10 00 f7 07 00 00 01 0c 08 00 00 02 c9 07 00 00 03 e0 07 00 00 04 f5 07 00 00 05 07 08 00 00 06 e7 07 00 00 07 db 07 00 00 08 fb 07 00 00 09 0d 08 00 00 0a f9 07 00 00 0b aa 07 00 00 0c f5 07 00 00 0d e0 07 00 00 0e bf 07 00 00 0f f3 07 00 00
3734000,00 84 04 10 00 00 00 00 00 01 00 00 00 00 02 00 00 00 00 03 00 00 00 00 04 00 00 00 00 05 00 00 00 00 06 00 00 00 00 07 00 00 00 00 08 00 00 00 00 09 00 00 00 00 0a 00 00 00 00 0b 00 00 00 00 0c 00 00 00 00 0d 00 00 00 00 0e 00 00 00 00 0f 00 00 00 00,00 84 04 10 00 f7 07 00 00 01 0c 08 00 00 02 c9 07 00 00 03 e0 07 00 00 04 f5 07 00 00 05 07 08 00 00 06 e7 07 00 00 07 db 07 00 00 08 fb 07 00 00 09 0d 08 00 00 0a f9 07 00 00 0b aa 07 00 00 0c f5 07 00 00 0d e0 07 00 00 0e bf 07 00 00 0f f3 07 00 00
3734000,00 84 04 10 00 00 00 00 00 01 00 00 00 00 02 00 00 00 00 03 00 00 00 00 04 00 00 00 00 05 00 00 00 00 06 00 00 00 00 07 00 00 00 00 08 00 00 00 00 09 00 00 00 00 0a 00 00 00 00 0b 00 00 00 00 0c 00 00 00 00 0d 00 00 00 00 0e 00 00 00 00 0f 00 00 00 00,00 84 04 10 00 f7 07 00 00 01 0c 08 00 00 02 c9 07 00 00 03 e0 07 00 00 04 f5 07 00 00 05 07 08 00 00 06 e7 07 00 00 07 db 07 00 00 08 fb 07 00 00 09 0d 08 00 00 0a f9 07 00 00 0b aa 07 00 00 0c f5 07 00 00 0d e0 07 00 00 0e bf 07 00 00 0f f3 07 00 00
3750000,00 84 04 10 00 00 00 00 00 01 00 00 00 00 02 00 00 00 00 03 00 00 00 00 04 00 00 00 00 05 00 00 00 00 06 00 00 00 00 07 00 00 00 00 08 00 00 00 00 09 00 00 00 00 0a 00 00 00 00 0b 00 00 00 00 0c 00 00 00 00 0d 00 00 00 00 0e 00 00 00 00 0f 00 00 00 00,00 84 04 10 00 f7 07 00 00 01 0c 08 00 00 02 c9 07 00 00 03 e0 07 00 00 04 f5 07 00 00 05 07 08 00 00 06 e7 07 00 00 07 db 07 00 00 08 fb 07 00 00 09 0d 08 00 00 0a f9 07 00 00 0b aa 07 00 00 0c f5 07 00 00 0d e0 07 00 00 0e bf 07 00 00 0f f3 07 00 00
3765000,00 84 04 10 00 00 00 00 00 01 00 00 00 00 02 00 00 00 00 03 00 00 00 00 04 00 00 00 00 05 00 00 00 00 06 00 00 00 00 07 00 00 00 00 08 00 00 00 00 09 00 00 00 00 0a 00 00 00 00 0b 00 00 00 00 0c 00 00 00 00 0d 00 00 00 00 0e 00 00 00 00 0f 00 00 00 00,00 84 04 10 00 f7 07 00 00 01 0c 08 00 00 02 c9 07 00 00 03 e0 07 00 00 04 f5 07 00 00 05 07 08 00 00 06 e7 07 00 00 07 db 07 00 00 08 fb 07 00 00 09 0d 08 00 00 0a f9 07 00 00 0b aa 07 00 00 0c f5 07 00 00 0d e0 07 00 00 0e bf 07 00 00 0f f3 07 00 00
3765000,00 84 04 10 00 00 00 00 00 01 00 00 00 00 02 00 00 00 00 03 00 00 00 00 04 00 00 00 00 05 00 00 00 00 06 00 00 00 00 07 00 00 00 00 08 00 00 00 00 09 00 00 00 00 0a 00 00 00 00 0b 00 00 00 00 0c 00 00 00 00 0d 00 00 00 00 0e 00 00 00 00 0f 00 00 00 00,00 84 04 10 00 f7 07 00 00 01 0c 08 00 00 02 c9 07 00 00 03 e0 07 00 00 04 f5 07 00 00 05 07 08 00 00 06 e7 07 00 00 07 db 07 00 00 08 fb 07 00 00 09 0d 08 00 00 0a f9 07 00 00 0b aa 07 00 00 0c f5 07 00 00 0d e0 07 00 00 0e bf 07 00 00 0f f3 07 00 00
3781000,00 84 04 10 00 00 00 00 00 01 00 00 00 00 02 00 00 00 00 03 00 00 00 00 04 00 00 00 00 05 00 00 00 00 06 00 00 00 00 07 00 00 00 00 08 00 00 00 00 09 00 00 00 00 0a 00 00 00 00 0b 00 00 00 00 0c 00 00 00 00 0d 00 00 00 00 0e 00 00 00 00 0f 00 00 00 00,00 84 04 10 00 f7 07 00 00 01 0c 08 00 00 02 c9 07 00 00 03 e0 07 00 00 04 f5 07 00 00 05 07 08 00 00 06 e7 07 00 00 07 db 07 00 00 08 fb 07 00 00 09 0d 08 00 00 0a f9 07 00 00 0b aa 07 00 00 0c f5 07 00 00 0d e0 07 00 00 0e bf 07 00 00 0f f3 07 00 00
3797000,00 84 04 10 00 00 00 00 00 01 00 00 00 00 02 00 00 00 00 03 00 00 00 00 04 00 00 00 00 05 00 00 00 00 06 00 00 00 00 07 00 00 00 00 08 00 00 00 00 09 00 00 00 00 0a 00 00 00 00 0b 00 00 00 00 0c 00 00 00 00 0d 00 00 00 00 0e 00 00 00 00 0f 00 00 00 00,00 84 04 10 00 f7 07 00 00 01 0c 08 00 00 02 c9 07 00 00 03 e0 07 00 00 04 f5 07 00 00 05 07 08 00 00 06 e7 07 00 00 07 db 07 00 00 08 fb 07 00 00 09 0d 08 00 00 0a f9 07 00 00 0b aa 07 00 00 0c f5 07 00 00 0d e0 07 00 00 0e bf 07 00 00 0f f3 07 00 00
3797000,00 84 04 10 00 00 00 00 00 01 00 00 00 00 02 00 00 00 00 03 00 00 00 00 04 00 00 00 00 05 00 00 00 00 06 00 00 00 00 07 00 00 00 00 08 00 00 00 00 09 00 00 00 00 0a 00 00 00 00 0b 00 00 00 00 0c 00 00 00 00 0d 00 00 00 00 0e 00 00 00 00 0f 00 00 00 00,00 84 04 10 00 f7 07 00 00 01 0c 08 00 00 02 c9 07 00 00 03 e0 07 00 00 04 f5 07 00 00 05 07 08 00 00 06 e7 07 00 00 07 db 07 00 00 08 fb 07 00 00 09 0d 08 00 00 0a f9 07 00 00 0b aa 07 00 00 0c f5 07 00 00 0d e0 07 00 00 0e bf 07 00 00 0f f3 07 00 00
3812000,00 84 04 10 00 00 00 00 00 01 00 00 00 00 02 00 00 00 00 03 00 00 00 00 04 00 00 00 00 05 00 00 00 00 06 00 00 00 00 07 00 00 00 00 08 00 00 00 00 09 00 00 00 00 0a 00 00 00 00 0b 00 00 00 00 0c 00 00 00 00 0d 00 00 00 00 0e 00 00 00 00 0f 00 00 00 00,00 84 04 10 00 f7 07 00 00 01 0c 08 00 00 02 c9 07 00 00 03 e0 07 00 00 04 f5 07 00 00 05 07 08 00 00 06 e7 07 00 00 07 db 07 00 00 08 fb 07 00 00 09 0d 08 00 00 0a f9 07 00 00 0b aa 07 00 00 0c f5 07 00 00 0d e0 07 00 00 0e bf 07 00 00 0f f3 07 00 00
3828000,00 84 04 10 00 00 00 00 00 01 00 00 00 00 02 00 00 00 00 03 00 00 00 00 04 00 00 00 00 05 00 00 00 00 06 00 00 00 00 07 00 00 00 00 08 00 00 00 00 09 00 00 00 00 0a 00 00 00 00 0b 00 00 00 00 0c 00 00 00 00 0d 00 00 00 00 0e 00 00 00 00 0f 00 00 00 00,00 84 04 10 00 f7 07 00 00 01 0c 08 00 00 02 c9 07 00 00 03 e0 07 00 00 04 f5 07 00 00 05 07 08 00 00 06 e7 07 00 00 07 db 07 00 00 08 fb 07 00 00 09 0d 08 00 00 0a f9 07 00 00 0b aa 07 00 00 0c f5 07 00 00 0d e0 07 00 00 0e bf 07 00 00 0f f3 07 00 00
3828000,00 84 04 10 00 00 00 00 00 01 00 00 00 00 02 00 00 00 00 03 00 00 00 00 04 00 00 00 00 05 00 00 00 00 06 00 00 00 00 07 00 00 00 00 08 00 00 00 00 09 00 00 00 00 0a 00 00 00 00 0b 00 00 00 00 0c 00 00 00 00 0d 00 00 00 00 0e 00 00 00 00 0f 00 00 00 00,00 84 04 10 00 f7 07 00 00 01 0c 08 00 00 02 c9 07 00 00 03 e0 07 00 00 04 f5 07 00 00 05 07 08 00 00 06 e7 07 00 00 07 db 07 00 00 08 fb 07 00 00 09 0d 08 00 00 0a f9 07 00 00 0b aa 07 00 00 0c f5 07 00 00 0d e0 07 00 00 0e bf 07 00 00 0f f3 07 00 00
3844000,00 84 04 10 00 00 00 00 00 01 00 00 00 00 02 00 00 00 00 03 00 00 00 00 04 00 00 00 00 05 00 00 00 00 06 00 00 00 00 07 00 00 00 00 08 00 00 00 00 09 00 00 00 00 0a 00 00 00 00 0b 00 00 00 00 0c 00 00 00 00 0d 00 00 00 00 0e 00 00 00 00 0f 00 00 00 00,00 84 04 10 00 f7 07 00 00 01 0c 08 00 00 02 c9 07 00 00 03 e0 07 00 00 04 f5 07 00 00 05 07 08 00 00 06 e7 07 00 00 07 db 07 00 00 08 fb 07 00 00 09 0d 08 00 00 0a f9 07 00 00 0b aa 07 00 00 0c f5 07 00 00 0d e0 07 00 00 0e bf 07 00 00 0f f3 07 00 00
3859000,00 84 04 10 00 00 00 00 00 01 00 00 00 00 02 00 00 00 00 03 00 00 00 00 04 00 00 00 00 05 00 00 00 00 06 00 00 00 00 07 00 00 00 00 08 00 00 00 00 09 00 00 00 00 0a 00 00 00 00 0b 00 00 00 00 0c 00 00 00 00 0d 00 00 00 00 0e 00 00 00 00 0f 00 00 00 00,00 84 04 10 00 f7 07 00 00 01 0c 08 00 00 02 c9 07 00 00 03 e0 07 00 00 04 f5 07 00 00 05 07 08 00 00 06 e7 07 00 00 07 db 07 00 00 08 fb 07 00 00 09 0d 08 00 00 0a f9 07 00 00 0b aa 07 00 00 0c f5 07 00 00 0d e0 07 00 00 0e bf 07 00 00 0f f3 07 00 00
3859000,00 84 04 10 00 00 00 00 00 01 00 00 00 00 02 00 00 00 00 03 00 00 00 00 04 00 00 00 00 05 00 00 00 00 06 00 00 00 00 07 00 00 00 00 08 00 00 00 00 09 00 00 00 00 0a 00 00 00 00 0b 00 00 00 00 0c 00 00 00 00 0d 00 00 00 00 0e 00 00 00 00 0f 00 00 00 00,00 84 04 10 00 f7 07 00 00 01 0c 08 00 00 02 c9 07 00 00 03 e0 07 00 00 04 f5 07 00 00 05 07 08 00 00 06 e7 07 00 00 07 db 07 00 00 08 fb 07 00 00 09 0d 08 00 00 0a f9 07 00 00 0b aa 07 00 00 0c f5 07 00 00 0d e0 07 00 00 0e bf 07 00 00 0f f3 07 00 00
3875000,00 84 04 10 00 00 00 00 00 01 00 00 00 00 02 00 00 00 00 03 00 00 00 00 04 00 00 00 00 05 00 00 00 00 06 00 00 00 00 07 00 00 00 00 08 00 00 00 00 09 00 00 00 00 0a 00 00 00 00 0b 00 00 00 00 0c 00 00 00 00 0d 00 00 00 00 0e 00 00 00 00 0f 00 00 00 00,00 84 04 10 00 f7 07 00 00 01 0c 08 00 00 02 c9 07 00 00 03 e0 07 00 00 04 f5 07 00 00 05 07 08 00 00 06 e7 07 00 00 07 db 07 00 00 08 fb 07 00 00 09 0d 08 00 00 0a f9 07 00 00 0b aa 07 00 00 0c f5 07 00 00 0d e0 07 00 00 0e bf 07 00 00 0f f3 07 00 00
3890000,00 84 04 10 00 00 00 00 00 01 00 00 00 00 02 00 00 00 00 03 00 00 00 00 04 00 00 00 00 05 00 00 00 00 06 00 00 00 00 07 00 00 00 00 08 00 00 00 00 09 00 00 00 00 0a 00 00 00 00 0b 00 00 00 00 0c 00 00 00 00 0d 00 00 00 00 0e 00 00 00 00 0f 00 00 00 00,00 84 04 10 00 f7 07 00 00 01 0c 08 00 00 02 c9 07 00 00 03 e0 07 00 00 04 f5 07 00 00 05 07 08 00 00 06 e7 07 00 00 07 db 07 00 00 08 fb 07 00 00 09 0d 08 00 00 0a f9 07 00 00 0b aa 07 00 00 0c f5 07 00 00 0d e0 07 00 00 0e bf 07 00 00 0f f3 07 00 00
3890000,00 84 04 10 00 00 00 00 00 01 00 00 00 00 02 00 00 00 00 03 00 00 00 00 04 00 00 00 00 05 00 00 00 00 06 00 00 00 00 07 00 00 00 00 08 00 00 00 00 09 00 00 00 00 0a 00 00 00 00 0b 00 00 00 00 0c 00 00 00 00 0d 00 00 00 00 0e 00 00 00 00 0f 00 00 00 00,00 84 04 10 00 f7 07 00 00 01 0c 08 00 00 02 c9 07 00 00 03 e0 07 00 00 04 f5 07 00 00 05 07 08 00 00 06 e7 07 00 00 07 db 07 00 00 08 fb 07 00 00 09 0d 08 00 00 0a f9 07 00 00 0b aa 07 00 00 0c f5 07 00 00 0d e0 07 00 00 0e bf 07 00 00 0f f3 07 00 00
3906000,00 84 04 10 00 00 00 00 00 01 00 00 00 00 02 00 00 00 00 03 00 00 00 00 04 00 00 00 00 05 00 00 00 00 06 00 00 00 00 07 00 00 00 00 08 00 00 00 00 09 00 00 00 00 0a 00 00 00 00 0b 00 00 00 00 0c 00 00 00 00 0d 00 00 00 00 0e 00 00 00 00 0f 00 00 00 00,00 84 04 10 00 f7 07 00 00 01 0c 08 00 00 02 c9 07 00 00 03 e0 07 00 00 04 f5 07 00 00 05 07 08 00 00 06 e7 07 00 00 07 db 07 00 00 08 fb 07 00 00 09 0d 08 00 00 0a f9 07 00 00 0b aa 07 00 00 0c f5 07 00 00 0d e0 07 00 00 0e bf 07 00 00 0f f3 07 00 00
3922000,00 84 04 10 00 00 00 00 00 01 00 00 00 00 02 00 00 00 00 03 00 00 00 00 04 00 00 00 00 05 00 00 00 00 06 00 00 00 00 07 00 00 00 00 08 00 00 00 00 09 00 00 00 00 0a 00 00 00 00 0b 00 00 00 00 0c 00 00 00 00 0d 00 00 00 00 0e 00 00 00 00 0f 00 00 00 00,00 84 04 10 00 f7 07 00 00 01 0c 08 00 00 02 c9 07 00 00 03 e0 07 00 00 04 f5 07 00 00 05 07 08 00 00 06 e7 07 00 00 07 db 07 00 00 08 fb 07 00 00 09 0d 08 00 00 0a f9 07 00 00 0b aa 07 00 00 0c f5 07 00 00 0d e0 07 00 00 0e bf 07 00 00 0f f3 07 00 00
3922000,00 84 04 10 00 00 00 00 00 01 00 00 00 00 02 00 00 00 00 03 00 00 00 00 04 00 00 00 00 05 00 00 00 00 06 00 00 00 00 07 00 00 00 00 08 00 00 00 00 09 00 00 00 00 0a 00 00 00 00 0b 00 00 00 00 0c 00 00 00 00 0d 00 00 00 00 0e 00 00 00 00 0f 00 00 00 00,00 84 04 10 00 f7 07 00 00 01 0c 08 00 00 02 c9 07 00 00 03 e0 07 00 00 04 f5 07 00 00 05 07 08 00 00 06 e7 07 00 00 07 db 07 00 00 08 fb 07 00 00 09 0d 08 00 00 0a f9 07 00 00 0b aa 07 00 00 0c f5 07 00 00 0d e0 07 00 00 0e bf 07 00 00 0f f3 07 00 00
3937000,00 84 04 10 00 00 00 00 00 01 00 00 00 00 02 00 00 00 00 03 00 00 00 00 04 00 00 00 00 05 00 00 00 00 06 00 00 00 00 07 00 00 00 00 08 00 00 00 00 09 00 00 00 00 0a 00 00 00 00 0b 00 00 00 00 0c 00 00 00 00 0d 00 00 00 00 0e 00 00 00 00 0f 00 00 00 00,00 84 04 10 00 f7 07 00 00 01 0c 08 00 00 02 c9 07 00 00 03 e0 07 00 00 04 f5 07 00 00 05 07 08 00 00 06 e7 07 00 00 07 db 07 00 00 08 fb 07 00 00 09 0d 08 00 00 0a f9 07 00 00 0b aa 07 00 00 0c f5 07 00 00 0d e0 07 00 00 0e bf 07 00 00 0f f3 07 00 00
3953000,00 84 04 10 00 00 00 00 00 01 00 00 00 00 02 00 00 00 00 03 00 00 00 00 04 00 00 00 00 05 00 00 00 00 06 00 00 00 00 07 00 00 00 00 08 00 00 00 00 09 00 00 00 00 0a 00 00 00 00 0b 00 00 00 00 0c 00 00 00 00 0d 00 00 00 00 0e 00 00 00 00 0f 00 00 00 00,00 84 04 10 00 f7 07 00 00 01 0c 08 00 00 02 c9 07 00 00 03 e0 07 00 00 04 f5 07 00 00 05 07 08 00 00 06 e7 07 00 00 07 db 07 00 00 08 fb 07 00 00 09 0d 08 00 00 0a f9 07 00 00 0b aa 07 00 00 0c f5 07 00 00 0d e0 07 00 00 0e bf 07 00 00 0f f3 07 00 00
3953000,00 84 04 10 00 00 00 00 00 01 00 00 00 00 02 00 00 00 00 03 00 00 00 00 04 00 00 00 00 05 00 00 00 00 06 00 00 00 00 07 00 00 00 00 08 00 00 00 00 09 00 00 00 00 0a 00 00 00 00 0b 00 00 00 00 0c 00 00 00 00 0d 00 00 00 00 0e 00 00 00 00 0f 00 00 00 00,00 84 04 10 00 f7 07 00 00 01 0c 08 00 00 02 c9 07 00 00 03 e0 07 00 00 04 f5 07 00 00 05 07 08 00 00 06 e7 07 00 00 07 db 07 00 00 08 fb 07 00 00 09 0d 08 00 00 0a f9 07 00 00 0b aa 07 00 00 0c f5 07 00 00 0d e0 07 00 00 0e bf 07 00 00 0f f3 07 00 00
3969000,00 84 04 10 00 00 00 00 00 01 00 00 00 00 02 00 00 00 00 03 00 00 00 00 04 00 00 00 00 05 00 00 00 00 06 00 00 00 00 07 00 00 00 00 08 00 00 00 00 09 00 00 00 00 0a 00 00 00 00 0b 00 00 00 00 0c 00 00 00 00 0d 00 00 00 00 0e 00 00 00 00 0f 00 00 00 00,00 84 04 10 00 f7 07 00 00 01 0c 08 00 00 02 c9 07 00 00 03 e0 07 00 00 04 f5 07 00 00 05 07 08 00 00 06 e7 07 00 00 07 db 07 00 00 08 fb 07 00 00 09 0d 08 00 00 0a f9 07 00 00 0b aa 07 00 00 0c f5 07 00 00 0d e0 07 00 00 0e bf 07 00 00 0f f3 07 00 00
3969000,00 84 04 10 00 00 00 00 00 01 00 00 00 00 02 00 00 00 00 03 00 00 00 00 04 00 00 00 00 05 00 00 00 00 06 00 00 00 00 07 00 00 00 00 08 00 00 00 00 09 00 00 00 00 0a 00 00 00 00 0b 00 00 00 00 0c 00 00 00 00 0d 00 00 00 00 0e 00 00 00 00 0f 00 00 00 00,00 84 04 10 00 f7 07 00 00 01 0c 08 00 00 02 c9 07 00 00 03 e0 07 00 00 04 f5 07 00 00 05 07 08 00 00 06 e7 07 00 00 07 db 07 00 00 08 fb 07 00 00 09 0d 08 00 00 0a f9 07 00 00 0b aa 07 00 00 0c f5 07 00 00 0d e0 07 00 00 0e bf 07 00 00 0f f3 07 00 00
3984000,00 84 04 10 00 00 00 00 00 01 00 00 00 00 02 00 00 00 00 03 00 00 00 00 04 00 00 00 00 05 00 00 00 00 06 00 00 00 00 07 00 00 00 00 08 00 00 00 00 09 00 00 00 00 0a 00 00 00 00 0b 00 00 00 00 0c 00 00 00 00 0d 00 00 00 00 0e 00 00 00 00 0f 00 00 00 00,00 84 04 10 00 f7 07 00 00 01 0c 08 00 00 02 c9 07 00 00 03 e0 07 00 00 04 f5 07 00 00 05 07 08 00 00 06 e7 07 00 00 07 db 07 00 00 08 fb 07 00 00 09 0d 08 00 00 0a f9 07 00 00 0b aa 07 00 00 0c f5 07 00 00 0d e0 07 00 00 0e bf 07 00 00 0f f3 07 00 00
4000000,00 84 04 10 00 00 00 00 00 01 00 00 00 00 02 00 00 00 00 03 00 00 00 00 04 00 00 00 00 05 00 00 00 00 06 00 00 00 00 07 00 00 00 00 08 00 00 00 00 09 00 00 00 00 0a 00 00 00 00 0b 00 00 00 00 0c 00 00 00 00 0d 00 00 00 00 0e 00 00 00 00 0f 00 00 00 00,00 84 04 10 00 f7 07 00 00 01 0c 08 00 00 02 c9 07 00 00 03 e0 07 00 00 04 f5 07 00 00 05 07 08 00 00 06 e7 07 00 00 07 db 07 00 00 08 fb 07 00 00 09 0d 08 00 00 0a f9 07 00 00 0b aa 07 00 00 0c f5 07 00 00 0d e0 07 00 00 0e bf 07 00 00 0f f3 07 00 00
4015000,00 84 04 10 00 00 00 00 00 01 00 00 00 00 02 00 00 00 00 03 00 00 00 00 04 00 00 00 00 05 00 00 00 00 06 00 00 00 00 07 00 00 00 00 08 00 00 00 00 09 00 00 00 00 0a 00 00 00 00 0b 00 00 00 00 0c 00 00 00 00 0d 00 00 00 00 0e 00 00 00 00 0f 00 00 00 00,00 84 04 10 00 f7 07 00 00 01 0c 08 00 00 02 c9 07 00 00 03 e0 07 00 00 04 f5 07 00 00 05 07 08 00 00 06 e7 07 00 00 07 db 07 00 00 08 fb 07 00 00 09 0d 08 00 00 0a f9 07 00 00 0b aa 07 00 00 0c f5 07 00 00 0d e0 07 00 00 0e bf 07 00 00 0f f3 07 00 00
4015000,00 84 04 10 00 00 00 00 00 01 00 00 00 00 02 00 00 00 00 03 00 00 00 00 04 00 00 00 00 05 00 00 00 00 06 00 00 00 00 07 00 00 00 00 08 00 00 00 00 09 00 00 00 00 0a 00 00 00 00 0b 00 00 00 00 0c 00 00 00 00 0d 00 00 00 00 0e 00 00 00 00 0f 00 00 00 00,00 84 04 10 00 f7 07 00 00 01 0c 08 00 00 02 c9 07 00 00 03 e0 07 00 00 04 f5 07 00 00 05 07 08 00 00 06 e7 07 00 00 07 db 07 00 00 08 fb 07 00 00 09 0d 08 00 00 0a f9 07 00 00 0b aa 07 00 00 0c f5 07 00 00 0d e0 07 00 00 0e bf 07 00 00 0f f3 07 00 00
4031000,00 84 04 10 00 00 00 00 00 01 00 00 00 00 02 00 00 00 00 03 00 00 00 00 04 00 00 00 00 05 00 00 00 00 06 00 00 00 00 07 00 00 00 00 08 00 00 00 00 09 00 00 00 00 0a 00 00 00 00 0b 00 00 00 00 0c 00 00 00 00 0d 00 00 00 00 0e 00 00 00 00 0f 00 00 00 00,00 84 04 10 00 f7 07 00 00 01 0c 08 00 00 02 c9 07 00 00 03 e0 07 00 00 04 f5 07 00 00 05 07 08 00 00 06 e7 07 00 00 07 db 07 00 00 08 fb 07 00 00 09 0d 08 00 00 0a f9 07 00 00 0b aa 07 00 00 0c f5 07 00 00 0d e0 07 00 00 0e bf 07 00 00 0f f3 07 00 00
4047000,00 84 04 10 00 00 00 00 00 01 00 00 00 00 02 00 00 00 00 03 00 00 00 00 04 00 00 00 00 05 00 00 00 00 06 00 00 00 00 07 00 00 00 00 08 00 00 00 00 09 00 00 00 00 0a 00 00 00 00 0b 00 00 00 00 0c 00 00 00 00 0d 00 00 00 00 0e 00 00 00 00 0f 00 00 00 00,00 84 04 10 00 f7 07 00 00 01 0c 08 00 00 02 c9 07 00 00 03 e0 07 00 00 04 f5 07 00 00 05 07 08 00 00 06 e7 07 00 00 07 db 07 00 00 08 fb 07 00 00 09 0d 08 00 00 0a f9 07 00 00 0b aa 07 00 00 0c f5 07 00 00 0d e0 07 00 00 0e bf 07 00 00 0f f3 07 00 00
4047000,00 84 04 10 00 00 00 00 00 01 00 00 00 00 02 00 00 00 00 03 00 00 00 00 04 00 00 00 00 05 00 00 00 00 06 00 00 00 00 07 00 00 00 00 08 00 00 00 00 09 00 00 00 00 0a 00 00 00 00 0b 00 00 00 00 0c 00 00 00 00 0d 00 00 00 00 0e 00 00 00 00 0f 00 00 00 00,00 84 04 10 00 f7 07 00 00 01 0c 08 00 00 02 c9 07 00 00 03 e0 07 00 00 04 f5 07 00 00 05 07 08 00 00 06 e7 07 00 00 07 db 07 00 00 08 fb 07 00 00 09 0d 08 00 00 0a f9 07 00 00 0b aa 07 00 00 0c f5 07 00 00 0d e0 07 00 00 0e bf 07 00 00 0f f3 07 00 00
4062000,00 84 04 10 00 00 00 00 00 01 00 00 00 00 02 00 00 00 00 03 00 00 00 00 04 00 00 00 00 05 00 00 00 00 06 00 00 00 00 07 00 00 00 00 08 00 00 00 00 09 00 00 00 00 0a 00 00 00 00 0b 00 00 00 00 0c 00 00 00 00 0d 00 00 00 00 0e 00 00 00 00 0f 00 00 00 00,00 84 04 10 00 f7 07 00 00 01 0c 08 00 00 02 c9 07 00 00 03 e0 07 00 00 04 f5 07 00 00 05 07 08 00 00 06 e7 07 00 00 07 db 07 00 00 08 fb 07 00 00 09 0d 08 00 00 0a f9 07 00 00 0b aa 07 00 00 0c f5 07 00 00 0d e0 07 00 00 0e bf 07 00 00 0f f3 07 00 00
4078000,00 84 04 10 00 00 00 00 00 01 00 00 00 00 02 00 00 00 00 03 00 00 00 00 04 00 00 00 00 05 00 00 00 00 06 00 00 00 00 07 00 00 00 00 08 00 00 00 00 09 00 00 00 00 0a 00 00 00 00 0b 00 00 00 00 0c 00 00 00 00 0d 00 00 00 00 0e 00 00 00 00 0f 00 00 00 00,00 84 04 10 00 f7 07 00 00 01 0c 08 00 00 02 c9 07 00 00 03 e0 07 00 00 04 f5 07 00 00 05 07 08 00 00 06 e7 07 00 00 07 db 07 00 00 08 fb 07 00 00 09 0d 08 00 00 0a f9 07 00 00 0b aa 07 00 00 0c f5 07 00 00 0d e0 07 00 00 0e bf 07 00 00 0f f3 07 00 00
4078000,00 84 04 10 00 00 00 00 00 01 00 00 00 00 02 00 00 00 00 03 00 00 00 00 04 00 00 00 00 05 00 00 00 00 06 00 00 00 00 07 00 00 00 00 08 00 00 00 00 09 00 00 00 00 0a 00 00 00 00 0b 00 00 00 00 0c 00 00 00 00 0d 00 00 00 00 0e 00 00 00 00 0f 00 00 00 00,00 84 04 10 00 f7 07 00 00 01 0c 08 00 00 02 c9 07 00 00 03 e0 07 00 00 04 f5 07 00 00 05 07 08 00 00 06 e7 07 00 00 07 db 07 00 00 08 fb 07 00 00 09 0d 08 00 00 0a f9 07 00 00 0b aa 07 00 00 0c f5 07 00 00 0d e0 07 00 00 0e bf 07 00 00 0f f3 07 00 00
4094000,00 84 04 10 00 00 00 00 00 01 00 00 00 00 02 00 00 00 00 03 00 00 00 00 04 00 00 00 00 05 00 00 00 00 06 00 00 00 00 07 00 00 00 00 08 00 00 00 00 09 00 00 00 00 0a 00 00 00 00 0b 00 00 00 00 0c 00 00 00 00 0d 00 00 00 00 0e 00 00 00 00 0f 00 00 00 00,00 84 04 10 00 f7 07 00 00 01 0c 08 00 00 02 c9 07 00 00 03 e0 07 00 00 04 f5 07 00 00 05 07 08 00 00 06 e7 07 00 00 07 db 07 00 00 08 fb 07 00 00 09 0d 08 00 00 0a f9 07 00 00 0b aa 07 00 00 0c f5 07 00 00 0d e0 07 00 00 0e bf 07 00 00 0f f3 07 00 00
4109000,00 84 04 10 00 00 00 00 00 01 00 00 00 00 02 00 00 00 00 03 00 00 00 00 04 00 00 00 00 05 00 00 00 00 06 00 00 00 00 07 00 00 00 00 08 00 00 00 00 09 00 00 00 00 0a 00 00 00 00 0b 00 00 00 00 0c 00 00 00 00 0d 00 00 00 00 0e 00 00 00 00 0f 00 00 00 00,00 84 04 10 00 f7 07 00 00 01 0c 08 00 00 02 c9 07 00 00 03 e0 07 00 00 04 f5 07 00 00 05 07 08 00 00 06 e7 07 00 00 07 db 07 00 00 08 fb 07 00 00 09 0d 08 00 00 0a f9 07 00 00 0b aa 07 00 00 0c f5 07 00 00 0d e0 07 00 00 0e bf 07 00 00 0f f3 07 00 00
4109000,00 84 04 10 00 00 00 00 00 01 00 00 00 00 02 00 00 00 00 03 00 00 00 00 04 00 00 00 00 05 00 00 00 00 06 00 00 00 00 07 00 00 00 00 08 00 00 00 00 09 00 00 00 00 0a 00 00 00 00 0b 00 00 00 00 0c 00 00 00 00 0d 00 00 00 00 0e 00 00 00 00 0f 00 00 00 00,00 84 04 10 00 f7 07 00 00 01 0c 08 00 00 02 c9 07 00 00 03 e0 07 00 00 04 f5 07 00 00 05 07 08 00 00 06 e7 07 00 00 07 db 07 00 00 08 fb 07 00 00 09 0d 08 00 00 0a f9 07 00 00 0b aa 07 00 00 0c f5 07 00 00 0d e0 07 00 00 0e bf 07 00 00 0f f3 07 00 00
4125000,00 84 04 10 00 00 00 00 00 01 00 00 00 00 02 00 00 00 00 03 00 00 00 00 04 00 00 00 00 05 00 00 00 00 06 00 00 00 00 07 00 00 00 00 08 00 00 00 00 09 00 00 00 00 0a 00 00 00 00 0b 00 00 00 00 0c 00 00 00 00 0d 00 00 00 00 0e 00 00 00 00 0f 00 00 00 00,00 84 04 10 00 f7 07 00 00 01 0c 08 00 00 02 c9 07 00 00 03 e0 07 00 00 04 f5 07 00 00 05 07 08 00 00 06 e7 07 00 00 07 db 07 00 00 08 fb 07 00 00 09 0d 08 00 00 0a f9 07 00 00 0b aa 07 00 00 0c f5 07 00 00 0d e0 07 00 00 0e bf 07 00 00 0f f3 07 00 00
4125000,00 84 04 10 00 00 00 00 00 01 00 00 00 00 02 00 00 00 00 03 00 00 00 00 04 00 00 00 00 05 00 00 00 00 06 00 00 00 00 07 00 00 00 00 08 00 00 00 00 09 00 00 00 00 0a 00 00 00 00 0b 00 00 00 00 0c 00 00 00 00 0d 00 00 00 00 0e 00 00 00 00 0f 00 00 00 00,00 84 04 10 00 f7 07 00 00 01 0c 08 00 00 02 c9 07 00 00 03 e0 07 00 00 04 f5 07 00 00 05 07 08 00 00 06 e7 07 00 00 07 db 07 00 00 08 fb 07 00 00 09 0d 08 00 00 0a f9 07 00 00 0b aa 07 00 00 0c f5 07 00 00 0d e0 07 00 00 0e bf 07 00 00 0f f3 07 00 00
4140000,00 84 04 10 00 00 00 00 00 01 00 00 00 00 02 00 00 00 00 03 00 00 00 00 04 00 00 00 00 05 00 00 00 00 06 00 00 00 00 07 00 00 00 00 08 00 00 00 00 09 00 00 00 00 0a 00 00 00 00 0b 00 00 00 00 0c 00 00 00 00 0d 00 00 00 00 0e 00 00 00 00 0f 00 00 00 00,00 84 04 10 00 f7 07 00 00 01 0c 08 00 00 02 c9 07 00 00 03 e0 07 00 00 04 f5 07 00 00 05 07 08 00 00 06 e7 07 00 00 07 db 07 00 00 08 fb 07 00 00 09 0d 08 00 00 0a f9 07 00 00 0b aa 07 00 00 0c f5 07 00 00 0d e0 07 00 00 0e bf 07 00 00 0f f3 07 00 00
4156000,00 84 04 10 00 00 00 00 00 01 00 00 00 00 02 00 00 00 00 03 00 00 00 00 04 00 00 00 00 05 00 00 00 00 06 00 00 00 00 07 00 00 00 00 08 00 00 00 00 09 00 00 00 00 0a 00 00 00 00 0b 00 00 00 00 0c 00 00 00 00 0d 00 00 00 00 0e 00 00 00 00 0f 00 00 00 00,00 84 04 10 00 f7 07 00 00 01 0c 08 00 00 02 c9 07 00 00 03 e0 07 00 00 04 f5 07 00 00 05 07 08 00 00 06 e7 07 00 00 07 db 07 00 00 08 fb 07 00 00 09 0d 08 00 00 0a f9 07 00 00 0b aa 07 00 00 0c f5 07 00 00 0d e0 07 00 00 0e bf 07 00 00 0f f3 07 00 00
4156000,00 84 04 10 00 00 00 00 00 01 00 00 00 00 02 00 00 00 00 03 00 00 00 00 04 00 00 00 00 05 00 00 00 00 06 00 00 00 00 07 00 00 00 00 08 00 00 00 00 09 00 00 00 00 0a 00 00 00 00 0b 00 00 00 00 0c 00 00 00 00 0d 00 00 00 00 0e 00 00 00 00 0f 00 00 00 00,00 84 04 10 00 f7 07 00 00 01 0c 08 00 00 02 c9 07 00 00 03 e0 07 00 00 04 f5 07 00 00 05 07 08 00 00 06 e7 07 00 00 07 db 07 00 00 08 fb 07 00 00 09 0d 08 00 00 0a f9 07 00 00 0b aa 07 00 00 0c f5 07 00 00 0d e0 07 00 00 0e bf 07 00 00 0f f3 07 00 00
4172000,00 84 04 10 00 00 00 00 00 01 00 00 00 00 02 00 00 00 00 03 00 00 00 00 04 00 00 00 00 05 00 00 00 00 06 00 00 00 00 07 00 00 00 00 08 00 00 00 00 09 00 00 00 00 0a 00 00 00 00 0b 00 00 00 00 0c 00 00 00 00 0d 00 00 00 00 0e 00 00 00 00 0f 00 00 00 00,00 84 04 10 00 f7 07 00 00 01 0c 08 00 00 02 c9 07 00 00 03 e0 07 00 00 04 f5 07 00 00 05 07 08 00 00 06 e7 07 00 00 07 db 07 00 00 08 fb 07 00 00 09 0d 08 00 00 0a f9 07 00 00 0b aa 07 00 00 0c f5 07 00 00 0d e0 07 00 00 0e bf 07 00 00 0f f3 07 00 00
4187000,00 84 04 10 00 00 00 00 00 01 00 00 00 00 02 00 00 00 00 03 00 00 00 00 04 00 00 00 00 05 00 00 00 00 06 00 00 00 00 07 00 00 00 00 08 00 00 00 00 09 00 00 00 00 0a 00 00 00 00 0b 00 00 00 00 0c 00 00 00 00 0d 00 00 00 00 0e 00 00 00 00 0f 00 00 00 00,00 84 04 10 00 f7 07 00 00 01 0c 08 00 00 02 c9 07 00 00 03 e0 07 00 00 04 f5 07 00 00 05 07 08 00 00 06 e7 07 00 00 07 db 07 00 00 08 fb 07 00 00 09 0d 08 00 00 0a f9 07 00 00 0b aa 07 00 00 0c f5 07 00 00 0d e0 07 00 00 0e bf 07 00 00 0f f3 07 00 00
4187000,00 84 04 10 00 00 00 00 00 01 00 00 00 00 02 00 00 00 00 03 00 00 00 00 04 00 00 00 00 05 00 00 00 00 06 00 00 00 00 07 00 00 00 00 08 00 00 00 00 09 00 00 00 00 0a 00 00 00 00 0b 00 00 00 00 0c 00 00 00 00 0d 00 00 00 00 0e 00 00 00 00 0f 00 00 00 00,00 84 04 10 00 f7 07 00 00 01 0c 08 00 00 02 c9 07 00 00 03 e0 07 00 00 04 f5 07 00 00 05 07 08 00 00 06 e7 07 00 00 07 db 07 00 00 08 fb 07 00 00 09 0d 08 00 00 0a f9 07 00 00 0b aa 07 00 00 0c f5 07 00 00 0d e0 07 00 00 0e bf 07 00 00 0f f3 07 00 00
4203000,00 84 04 10 00 00 00 00 00 01 00 00 00 00 02 00 00 00 00 03 00 00 00 00 04 00 00 00 00 05 00 00 00 00 06 00 00 00 00 07 00 00 00 00 08 00 00 00 00 09 00 00 00 00 0a 00 00 00 00 0b 00 00 00 00 0c 00 00 00 00 0d 00 00 00 00 0e 00 00 00 00 0f 00 00 00 00,00 84 04 10 00 f7 07 00 00 01 0c 08 00 00 02 c9 07 00 00 03 e0 07 00 00 04 f5 07 00 00 05 07 08 00 00 06 e7 07 00 00 07 db 07 00 00 08 fb 07 00 00 09 0d 08 00 00 0a f9 07 00 00 0b aa 07 00 00 0c f5 07 00 00 0d e0 07 00 00 0e bf 07 00 00 0f f3 07 00 00
4219000,00 84 04 10 00 00 00 00 00 01 00 00 00 00 02 00 00 00 00 03 00 00 00 00 04 00 00 00 00 05 00 00 00 00 06 00 00 00 00 07 00 00 00 00 08 00 00 00 00 09 00 00 00 00 0a 00 00 00 00 0b 00 00 00 00 0c 00 00 00 00 0d 00 00 00 00 0e 00 00 00 00 0f 00 00 00 00,00 84 04 10 00 f7 07 00 00 01 0c 08 00 00 02 c9 07 00 00 03 e0 07 00 00 04 f5 07 00 00 05 07 08 00 00 06 e7 07 00 00 07 db 07 00 00 08 fb 07 00 00 09 0d 08 00 00 0a f9 07 00 00 0b aa 07 00 00 0c f5 07 00 00 0d e0 07 00 00 0e bf 07 00 00 0f f3 07 00 00
4219000,00 84 04 10 00 00 00 00 00 01 00 00 00 00 02 00 00 00 00 03 00 00 00 00 04 00 00 00 00 05 00 00 00 00 06 00 00 00 00 07 00 00 00 00 08 00 00 00 00 09 00 00 00 00 0a 00 00 00 00 0b 00 00 00 00 0c 00 00 00 00 0d 00 00 00 00 0e 00 00 00 00 0f 00 00 00 00,00 84 04 10 00 f7 07 00 00 01 0c 08 00 00 02 c9 07 00 00 03 e0 07 00 00 04 f5 07 00 00 05 07 08 00 00 06 e7 07 00 00 07 db 07 00 00 08 fb 07 00 00 09 0d 08 00 00 0a f9 07 00 00 0b aa 07 00 00 0c f5 07 00 00 0d e0 07 00 00 0e bf 07 00 00 0f f3 07 00 00
4234000,00 84 04 10 00 00 00 00 00 01 00 00 00 00 02 00 00 00 00 03 00 00 00 00 04 00 00 00 00 05 00 00 00 00 06 00 00 00 00 07 00 00 00 00 08 00 00 00 00 09 00 00 00 00 0a 00 00 00 00 0b 00 00 00 00 0c 00 00 00 00 0d 00 00 00 00 0e 00 00 00 00 0f 00 00 00 00,00 84 04 10 00 f7 07 00 00 01 0c 08 00 00 02 c9 07 00 00 03 e0 07 00 00 04 f5 07 00 00 05 07 08 00 00 06 e7 07 00 00 07 db 07 00 00 08 fb 07 00 00 09 0d 08 00 00 0a f9 07 00 00 0b aa 07 00 00 0c f5 07 00 00 0d e0 07 00 00 0e bf 07 00 00 0f f3 07 00 00
4234000,00 84 04 10 00 00 00 00 00 01 00 00 00 00 02 00 00 00 00 03 00 00 00 00 04 00 00 00 00 05 00 00 00 00 06 00 00 00 00 07 00 00 00 00 08 00 00 00 00 09 00 00 00 00 0a 00 00 00 00 0b 00 00 00 00 0c 00 00 00 00 0d 00 00 00 00 0e 00 00 00 00 0f 00 00 00 00,00 84 04 10 00 f7 07 00 00 01 0c 08 00 00 02 c9 07 00 00 03 e0 07 00 00 04 f5 07 00 00 05 07 08 00 00 06 e7 07 00 00 07 db 07 00 00 08 fb 07 00 00 09 0d 08 00 00 0a f9 07 00 00 0b aa 07 00 00 0c f5 07 00 00 0d e0 07 00 00 0e bf 07 00 00 0f f3 07 00 00
4250000,00 84 04 10 00 00 00 00 00 01 00 00 00 00 02 00 00 00 00 03 00 00 00 00 04 00 00 00 00 05 00 00 00 00 06 00 00 00 00 07 00 00 00 00 08 00 00 00 00 09 00 00 00 00 0a 00 00 00 00 0b 00 00 00 00 0c 00 00 00 00 0d 00 00 00 00 0e 00 00 00 00 0f 00 00 00 00,00 84 04 10 00 f7 07 00 00 01 0c 08 00 00 02 c9 07 00 00 03 e0 07 00 00 04 f5 07 00 00 05 07 08 00 00 06 e7 07 00 00 07 db 07 00 00 08 fb 07 00 00 09 0d 08 00 00 0a f9 07 00 00 0b aa 07 00 00 0c f5 07 00 00 0d e0 07 00 00 0e bf 07 00 00 0f f3 07 00 00
4265000,00 84 04 10 00 00 00 00 00 01 00 00 00 00 02 00 00 00 00 03 00 00 00 00 04 00 00 00 00 05 00 00 00 00 06 00 00 00 00 07 00 00 00 00 08 00 00 00 00 09 00 00 00 00 0a 00 00 00 00 0b 00 00 00 00 0c 00 00 00 00 0d 00 00 00 00 0e 00 00 00 00 0f 00 00 00 00,00 84 04 10 00 f7 07 00 00 01 0c 08 00 00 02 c9 07 00 00 03 e0 07 00 00 04 f5 07 00 00 05 07 08 00 00 06 e7 07 00 00 07 db 07 00 00 08 fb 07 00 00 09 0d 08 00 00 0a f9 07 00 00 0b aa 07 00 00 0c f5 07 00 00 0d e0 07 00 00 0e bf 07 00 00 0f f3 07 00 00
4265000,00 84 04 10 00 00 00 00 00 01 00 00 00 00 02 00 00 00 00 03 00 00 00 00 04 00 00 00 00 05 00 00 00 00 06 00 00 00 00 07 00 00 00 00 08 00 00 00 00 09 00 00 00 00 0a 00 00 00 00 0b 00 00 00 00 0c 00 00 00 00 0d 00 00 00 00 0e 00 00 00 00 0f 00 00 00 00,00 84 04 10 00 f7 07 00 00 01 0c 08 00 00 02 c9 07 00 00 03 e0 07 00 00 04 f5 07 00 00 05 07 08 00 00 06 e7 07 00 00 07 db 07 00 00 08 fb 07 00 00 09 0d 08 00 00 0a f9 07 00 00 0b aa 07 00 00 0c f5 07 00 00 0d e0 07 00 00 0e bf 07 00 00 0f f3 07 00 00
4281000,00 84 04 10 00 00 00 00 00 01 00 00 00 00 02 00 00 00 00 03 00 00 00 00 04 00 00 00 00 05 00 00 00 00 06 00 00 00 00 07 00 00 00 00 08 00 00 00 00 09 00 00 00 00 0a 00 00 00 00 0b 00 00 00 00 0c 00 00 00 00 0d 00 00 00 00 0e 00 00 00 00 0f 00 00 00 00,00 84 04 10 00 f7 07 00 00 01 0c 08 00 00 02 c9 07 00 00 03 e0 07 00 00 04 f5 07 00 00 05 07 08 00 00 06 e7 07 00 00 07 db 07 00 00 08 fb 07 00 00 09 0d 08 00 00 0a f9 07 00 00 0b aa 07 00 00 0c f5 07 00 00 0d e0 07 00 00 0e bf 07 00 00 0f f3 07 00 00
4297000,00 84 04 10 00 00 00 00 00 01 00 00 00 00 02 00 00 00 00 03 00 00 00 00 04 00 00 00 00 05 00 00 00 00 06 00 00 00 00 07 00 00 00 00 08 00 00 00 00 09 00 00 00 00 0a 00 00 00 00 0b 00 00 00 00 0c 00 00 00 00 0d 00 00 00 00 0e 00 00 00 00 0f 00 00 00 00,00 84 04 10 00 f7 07 00 00 01 0c 08 00 00 02 c9 07 00 00 03 e0 07 00 00 04 f5 07 00 00 05 07 08 00 00 06 e7 07 00 00 07 db 07 00 00 08 fb 07 00 00 09 0d 08 00 00 0a f9 07 00 00 0b aa 07 00 00 0c f5 07 00 00 0d e0 07 00 00 0e bf 07 00 00 0f f3 07 00 00
4297000,00 84 04 10 00 00 00 00 00 01 00 00 00 00 02 00 00 00 00 03 00 00 00 00 04 00 00 00 00 05 00 00 00 00 06 00 00 00 00 07 00 00 00 00 08 00 00 00 00 09 00 00 00 00 0a 00 00 00 00 0b 00 00 00 00 0c 00 00 00 00 0d 00 00 00 00 0e 00 00 00 00 0f 00 00 00 00,00 84 04 10 00 f7 07 00 00 01 0c 08 00 00 02 c9 07 00 00 03 e0 07 00 00 04 f5 07 00 00 05 07 08 00 00 06 e7 07 00 00 07 db 07 00 00 08 fb 07 00 00 09 0d 08 00 00 0a f9 07 00 00 0b aa 07 00 00 0c f5 07 00 00 0d e0 07 00 00 0e bf 07 00 00 0f f3 07 00 00
4312000,00 84 04 10 00 00 00 00 00 01 00 00 00 00 02 00 00 00 00 03 00 00 00 00 04 00 00 00 00 05 00 00 00 00 06 00 00 00 00 07 00 00 00 00 08 00 00 00 00 09 00 00 00 00 0a 00 00 00 00 0b 00 00 00 00 0c 00 00 00 00 0d 00 00 00 00 0e 00 00 00 00 0f 00 00 00 00,00 84 04 10 00 f7 07 00 00 01 0c 08 00 00 02 c9 07 00 00 03 e0 07 00 00 04 f5 07 00 00 05 07 08 00 00 06 e7 07 00 00 07 db 07 00 00 08 fb 07 00 00 09 0d 08 00 00 0a f9 07 00 00 0b aa 07 00 00 0c f5 07 00 00 0d e0 07 00 00 0e bf 07 00 00 0f f3 07 00 00
4328000,00 84 04 10 00 00 00 00 00 01 00 00 00 00 02 00 00 00 00 03 00 00 00 00 04 00 00 00 00 05 00 00 00 00 06 00 00 00 00 07 00 00 00 00 08 00 00 00 00 09 00 00 00 00 0a 00 00 00 00 0b 00 00 00 00 0c 00 00 00 00 0d 00 00 00 00 0e 00 00 00 00 0f 00 00 00 00,00 84 04 10 00 f7 07 00 00 01 0c 08 00 00 02 c9 07 00 00 03 e0 07 00 00 04 f5 07 00 00 05 07 08 00 00 06 e7 07 00 00 07 db 07 00 00 08 fb 07 00 00 09 0d 08 00 00 0a f9 07 00 00 0b aa 07 00 00 0c f5 07 00 00 0d e0 07 00 00 0e bf 07 00 00 0f f3 07 00 00
4328000,00 84 04 10 00 00 00 00 00 01 00 00 00 00 02 00 00 00 00 03 00 00 00 00 04 00 00 00 00 05 00 00 00 00 06 00 00 00 00 07 00 00 00 00 08 00 00 00 00 09 00 00 00 00 0a 00 00 00 00 0b 00 00 00 00 0c 00 00 00 00 0d 00 00 00 00 0e 00 00 00 00 0f 00 00 00 00,00 84 04 10 00 f7 07 00 00 01 0c 08 00 00 02 c9 07 00 00 03 e0 07 00 00 04 f5 07 00 00 05 07 08 00 00 06 e7 07 00 00 07 db 07 00 00 08 fb 07 00 00 09 0d 08 00 00 0a f9 07 00 00 0b aa 07 00 00 0c f5 07 00 00 0d e0 07 00 00 0e bf 07 00 00 0f f3 07 00 00
4344000,00 84 04 10 00 00 00 00 00 01 00 00 00 00 02 00 00 00 00 03 00 00 00 00 04 00 00 00 00 05 00 00 00 00 06 00 00 00 00 07 00 00 00 00 08 00 00 00 00 09 00 00 00 00 0a 00 00 00 00 0b 00 00 00 00 0c 00 00 00 00 0d 00 00 00 00 0e 00 00 00 00 0f 00 00 00 00,00 84 04 10 00 f7 07 00 00 01 0c 08 00 00 02 c9 07 00 00 03 e0 07 00 00 04 f5 07 00 00 05 07 08 00 00 06 e7 07 00 00 07 db 07 00 00 08 fb 07 00 00 09 0d 08 00 00 0a f9 07 00 00 0b aa 07 00 00 0c f5 07 00 00 0d e0 07 00 00 0e bf 07 00 00 0f f3 07 00 00
4344000,00 84 04 10 00 00 00 00 00 01 00 00 00 00 02 00 00 00 00 03 00 00 00 00 04 00 00 00 00 05 00 00 00 00 06 00 00 00 00 07 00 00 00 00 08 00 00 00 00 09 00 00 00 00 0a 00 00 00 00 0b 00 00 00 00 0c 00 00 00 00 0d 00 00 00 00 0e 00 00 00 00 0f 00 00 00 00,00 84 04 10 00 f7 07 00 00 01 0c 08 00 00 02 c9 07 00 00 03 e0 07 00 00 04 f5 07 00 00 05 07 08 00 00 06 e7 07 00 00 07 db 07 00 00 08 fb 07 00 00 09 0d 08 00 00 0a f9 07 00 00 0b aa 07 00 00 0c f5 07 00 00 0d e0 07 00 00 0e bf 07 00 00 0f f3 07 00 00
4359000,00 84 04 10 00 00 00 00 00 01 00 00 00 00 02 00 00 00 00 03 00 00 00 00 04 00 00 00 00 05 00 00 00 00 06 00 00 00 00 07 00 00 00 00 08 00 00 00 00 09 00 00 00 00 0a 00 00 00 00 0b 00 00 00 00 0c 00 00 00 00 0d 00 00 00 00 0e 00 00 00 00 0f 00 00 00 00,00 84 04 10 00 f7 07 00 00 01 0c 08 00 00 02 c9 07 00 00 03 e0 07 00 00 04 f5 07 00 00 05 07 08 00 00 06 e6 07 00 00 07 db 07 00 00 08 fb 07 00 00 09 0d 08 00 00 0a f9 07 00 00 0b aa 07 00 00 0c f5 07 00 00 0d e0 07 00 00 0e bf 07 00 00 0f f3 07 00 00
4375000,00 84 04 10 00 00 00 00 00 01 00 00 00 00 02 00 00 00 00 03 00 00 00 00 04 00 00 00 00 05 00 00 00 00 06 00 00 00 00 07 00 00 00 00 08 00 00 00 00 09 00 00 00 00 0a 00 00 00 00 0b 00 00 00 00 0c 00 00 00 00 0d 00 00 00 00 0e 00 00 00 00 0f 00 00 00 00,00 84 04 10 00 f7 07 00 00 01 0c 08 00 00 02 c9 07 00 00 03 e0 07 00 00 04 f5 07 00 00 05 07 08 00 00 06 e7 07 00 00 07 db 07 00 00 08 fb 07 00 00 09 0d 08 00 00 0a f9 07 00 00 0b aa 07 00 00 0c f5 07 00 00 0d e0 07 00 00 0e bf 07 00 00 0f f3 07 00 00
4375000,00 84 04 10 00 00 00 00 00 01 00 00 00 00 02 00 00 00 00 03 00 00 00 00 04 00 00 00 00 05 00 00 00 00 06 00 00 00 00 07 00 00 00 00 08 00 00 00 00 09 00 00 00 00 0a 00 00 00 00 0b 00 00 00 00 0c 00 00 00 00 0d 00 00 00 00 0e 00 00 00 00 0f 00 00 00 00,00 84 04 10 00 f7 07 00 00 01 0c 08 00 00 02 c9 07 00 00 03 e0 07 00 00 04 f5 07 00 00 05 07 08 00 00 06 e7 07 00 00 07 db 07 00 00 08 fb 07 00 00 09 0d 08 00 00 0a f9 07 00 00 0b aa 07 00 00 0c f5 07 00 00 0d e0 07 00 00 0e bf 07 00 00 0f f3 07 00 00
4390000,00 84 04 10 00 00 00 00 00 01 00 00 00 00 02 00 00 00 00 03 00 00 00 00 04 00 00 00 00 05 00 00 00 00 06 00 00 00 00 07 00 00 00 00 08 00 00 00 00 09 00 00 00 00 0a 00 00 00 00 0b 00 00 00 00 0c 00 00 00 00 0d 00 00 00 00 0e 00 00 00 00 0f 00 00 00 00,00 84 04 10 00 f7 07 00 00 01 0c 08 00 00 02 c9 07 00 00 03 e0 07 00 00 04 f5 07 00 00 05 07 08 00 00 06 e7 07 00 00 07 db 07 00 00 08 fb 07 00 00 09 0d 08 00 00 0a f9 07 00 00 0b aa 07 00 00 0c f5 07 00 00 0d e0 07 00 00 0e bf 07 00 00 0f f3 07 00 00
4406000,00 84 04 10 00 00 00 00 00 01 00 00 00 00 02 00 00 00 00 03 00 00 00 00 04 00 00 00 00 05 00 00 00 00 06 00 00 00 00 07 00 00 00 00 08 00 00 00 00 09 00 00 00 00 0a 00 00 00 00 0b 00 00 00 00 0c 00 00 00 00 0d 00 00 00 00 0e 00 00 00 00 0f 00 00 00 00,00 84 04 10 00 f7 07 00 00 01 0c 08 00 00 02 c9 07 00 00 03 e0 07 00 00 04 f5 07 00 00 05 07 08 00 00 06 e7 07 00 00 07 db 07 00 00 08 fb 07 00 00 09 0d 08 00 00 0a f9 07 00 00 0b aa 07 00 00 0c f5 07 00 00 0d e0 07 00 00 0e bf 07 00 00 0f f3 07 00 00
4406000,00 84 04 10 00 00 00 00 00 01 00 00 00 00 02 00 00 00 00 03 00 00 00 00 04 00 00 00 00 05 00 00 00 00 06 00 00 00 00 07 00 00 00 00 08 00 00 00 00 09 00 00 00 00 0a 00 00 00 00 0b 00 00 00 00 0c 00 00 00 00 0d 00 00 00 00 0e 00 00 00 00 0f 00 00 00 00,00 84 04 10 00 f7 07 00 00 01 0c 08 00 00 02 c9 07 00 00 03 e0 07 00 00 04 f5 07 00 00 05 07 08 00 00 06 e7 07 00 00 07 db 07 00 00 08 fb 07 00 00 09 0d 08 00 00 0a f9 07 00 00 0b aa 07 00 00 0c f5 07 00 00 0d e0 07 00 00 0e bf 07 00 00 0f f3 07 00 00
4422000,00 84 04 10 00 00 00 00 00 01 00 00 00 00 02 00 00 00 00 03 00 00 00 00 04 00 00 00 00 05 00 00 00 00 06 00 00 00 00 07 00 00 00 00 08 00 00 00 00 09 00 00 00 00 0a 00 00 00 00 0b 00 00 00 00 0c 00 00 00 00 0d 00 00 00 00 0e 00 00 00 00 0f 00 00 00 00,00 84 04 10 00 f7 07 00 00 01 0c 08 00 00 02 c9 07 00 00 03 e0 07 00 00 04 f5 07 00 00 05 07 08 00 00 06 e7 07 00 00 07 db 07 00 00 08 fb 07 00 00 09 0d 08 00 00 0a f9 07 00 00 0b aa 07 00 00 0c f5 07 00 00 0d e0 07 00 00 0e bf 07 00 00 0f f3 07 00 00
4422000,00 84 04 10 00 00 00 00 00 01 00 00 00 00 02 00 00 00 00 03 00 00 00 00 04 00 00 00 00 05 00 00 00 00 06 00 00 00 00 07 00 00 00 00 08 00 00 00 00 09 00 00 00 00 0a 00 00 00 00 0b 00 00 00 00 0c 00 00 00 00 0d 00 00 00 00 0e 00 00 00 00 0f 00 00 00 00,00 84 04 10 00 f7 07 00 00 01 0c 08 00 00 02 c9 07 00 00 03 e0 07 00 00 04 f5 07 00 00 05 07 08 00 00 06 e7 07 00 00 07 db 07 00 00 08 fb 07 00 00 09 0d 08 00 00 0a f9 07 00 00 0b aa 07 00 00 0c f5 07 00 00 0d e0 07 00 00 0e bf 07 00 00 0f f3 07 00 00
4437000,00 84 04 10 00 00 00 00 00 01 00 00 00 00 02 00 00 00 00 03 00 00 00 00 04 00 00 00 00 05 00 00 00 00 06 00 00 00 00 07 00 00 00 00 08 00 00 00 00 09 00 00 00 00 0a 00 00 00 00 0b 00 00 00 00 0c 00 00 00 00 0d 00 00 00 00 0e 00 00 00 00 0f 00 00 00 00,00 84 04 10 00 f7 07 00 00 01 0c 08 00 00 02 c9 07 00 00 03 e0 07 00 00 04 f5 07 00 00 05 07 08 00 00 06 e7 07 00 00 07 db 07 00 00 08 fb 07 00 00 09 0d 08 00 00 0a f9 07 00 00 0b aa 07 00 00 0c f5 07 00 00 0d e0 07 00 00 0e bf 07 00 00 0f f3 07 00 00
4453000,00 84 04 10 00 00 00 00 00 01 00 00 00 00 02 00 00 00 00 03 00 00 00 00 04 00 00 00 00 05 00 00 00 00 06 00 00 00 00 07 00 00 00 00 08 00 00 00 00 09 00 00 00 00 0a 00 00 00 00 0b 00 00 00 00 0c 00 00 00 00 0d 00 00 00 00 0e 00 00 00 00 0f 00 00 00 00,00 84 04 10 00 f7 07 00 00 01 0c 08 00 00 02 c9 07 00 00 03 e0 07 00 00 04 f5 07 00 00 05 07 08 00 00 06 e7 07 00 00 07 db 07 00 00 08 fb 07 00 00 09 0d 08 00 00 0a f9 07 00 00 0b aa 07 00 00 0c f5 07 00 00 0d e0 07 00 00 0e bf 07 00 00 0f f3 07 00 00
4469000,00 84 04 10 00 00 00 00 00 01 00 00 00 00 02 00 00 00 00 03 00 00 00 00 04 00 00 00 00 05 00 00 00 00 06 00 00 00 00 07 00 00 00 00 08 00 00 00 00 09 00 00 00 00 0a 00 00 00 00 0b 00 00 00 00 0c 00 00 00 00 0d 00 00 00 00 0e 00 00 00 00 0f 00 00 00 00,00 84 04 10 00 f7 07 00 00 01 0c 08 00 00 02 c9 07 00 00 03 e0 07 00 00 04 f5 07 00 00 05 07 08 00 00 06 e7 07 00 00 07 db 07 00 00 08 fb 07 00 00 09 0d 08 00 00 0a f9 07 00 00 0b aa 07 00 00 0c f5 07 00 00 0d e0 07 00 00 0e bf 07 00 00 0f f3 07 00 00
4469000,00 84 04 10 00 00 00 00 00 01 00 00 00 00 02 00 00 00 00 03 00 00 00 00 04 00 00 00 00 05 00 00 00 00 06 00 00 00 00 07 00 00 00 00 08 00 00 00 00 09 00 00 00 00 0a 00 00 00 00 0b 00 00 00 00 0c 00 00 00 00 0d 00 00 00 00 0e 00 00 00 00 0f 00 00 00 00,00 84 04 10 00 f7 07 00 00 01 0c 08 00 00 02 c9 07 00 00 03 e0 07 00 00 04 f5 07 00 00 05 07 08 00 00 06 e7 07 00 00 07 db 07 00 00 08 fb 07 00 00 09 0d 08 00 00 0a f9 07 00 00 0b aa 07 00 00 0c f5 07 00 00 0d e0 07 00 00 0e bf 07 00 00 0f f3 07 00 00
4484000,00 84 04 10 00 00 00 00 00 01 00 00 00 00 02 00 00 00 00 03 00 00 00 00 04 00 00 00 00 05 00 00 00 00 06 00 00 00 00 07 00 00 00 00 08 00 00 00 00 09 00 00 00 00 0a 00 00 00 00 0b 00 00 00 00 0c 00 00 00 00 0d 00 00 00 00 0e 00 00 00 00 0f 00 00 00 00,00 84 04 10 00 f7 07 00 00 01 0c 08 00 00 02 c9 07 00 00 03 e0 07 00 00 04 f5 07 00 00 05 07 08 00 00 06 e7 07 00 00 07 db 07 00 00 08 fb 07 00 00 09 0d 08 00 00 0a f9 07 00 00 0b aa 07 00 00 0c f5 07 00 00 0d e0 07 00 00 0e bf 07 00 00 0f f3 07 00 00
4500000,00 84 04 10 00 00 00 00 00 01 00 00 00 00 02 00 00 00 00 03 00 00 00 00 04 00 00 00 00 05 00 00 00 00 06 00 00 00 00 07 00 00 00 00 08 00 00 00 00 09 00 00 00 00 0a 00 00 00 00 0b 00 00 00 00 0c 00 00 00 00 0d 00 00 00 00 0e 00 00 00 00 0f 00 00 00 00,00 84 04 10 00 f7 07 00 00 01 0c 08 00 00 02 c9 07 00 00 03 e0 07 00 00 04 f5 07 00 00 05 07 08 00 00 06 e7 07 00 00 07 db 07 00 00 08 fb 07 00 00 09 0d 08 00 00 0a f9 07 00 00 0b aa 07 00 00 0c f5 07 00 00 0d e0 07 00 00 0e bf 07 00 00 0f f3 07 00 00
4500000,00 84 04 10 00 00 00 00 00 01 00 00 00 00 02 00 00 00 00 03 00 00 00 00 04 00 00 00 00 05 00 00 00 00 06 00 00 00 00 07 00 00 00 00 08 00 00 00 00 09 00 00 00 00 0a 00 00 00 00 0b 00 00 00 00 0c 00 00 00 00 0d 00 00 00 00 0e 00 00 00 00 0f 00 00 00 00,00 84 04 10 00 f7 07 00 00 01 0c 08 00 00 02 c9 07 00 00 03 e0 07 00 00 04 f5 07 00 00 05 07 08 00 00 06 e7 07 00 00 07 db 07 00 00 08 fb 07 00 00 09 0d 08 00 00 0a f9 07 00 00 0b aa 07 00 00 0c f5 07 00 00 0d e0 07 00 00 0e bf 07 00 00 0f f3 07 00 00
4515000,00 84 04 10 00 00 00 00 00 01 00 00 00 00 02 00 00 00 00 03 00 00 00 00 04 00 00 00 00 05 00 00 00 00 06 00 00 00 00 07 00 00 00 00 08 00 00 00 00 09 00 00 00 00 0a 00 00 00 00 0b 00 00 00 00 0c 00 00 00 00 0d 00 00 00 00 0e 00 00 00 00 0f 00 00 00 00,00 84 04 10 00 f7 07 00 00 01 0c 08 00 00 02 c9 07 00 00 03 e0 07 00 00 04 f5 07 00 00 05 07 08 00 00 06 e7 07 00 00 07 db 07 00 00 08 fb 07 00 00 09 0d 08 00 00 0a f9 07 00 00 0b aa 07 00 00 0c f5 07 00 00 0d e0 07 00 00 0e bf 07 00 00 0f f3 07 00 00
4515000,00 84 04 10 00 00 00 00 00 01 00 00 00 00 02 00 00 00 00 03 00 00 00 00 04 00 00 00 00 05 00 00 00 00 06 00 00 00 00 07 00 00 00 00 08 00 00 00 00 09 00 00 00 00 0a 00 00 00 00 0b 00 00 00 00 0c 00 00 00 00 0d 00 00 00 00 0e 00 00 00 00 0f 00 00 00 00,00 84 04 10 00 f7 07 00 00 01 0c 08 00 00 02 c9 07 00 00 03 e0 07 00 00 04 f5 07 00 00 05 07 08 00 00 06 e7 07 00 00 07 db 07 00 00 08 fb 07 00 00 09 0d 08 00 00 0a f9 07 00 00 0b aa 07 00 00 0c f5 07 00 00 0d e0 07 00 00 0e bf 07 00 00 0f f3 07 00 00
4531000,00 84 04 10 00 00 00 00 00 01 00 00 00 00 02 00 00 00 00 03 00 00 00 00 04 00 00 00 00 05 00 00 00 00 06 00 00 00 00 07 00 00 00 00 08 00 00 00 00 09 00 00 00 00 0a 00 00 00 00 0b 00 00 00 00 0c 00 00 00 00 0d 00 00 00 00 0e 00 00 00 00 0f 00 00 00 00,00 84 04 10 00 f7 07 00 00 01 0c 08 00 00 02 c9 07 00 00 03 e0 07 00 00 04 f5 07 00 00 05 07 08 00 00 06 e7 07 00 00 07 db 07 00 00 08 fb 07 00 00 09 0d 08 00 00 0a f9 07 00 00 0b aa 07 00 00 0c f5 07 00 00 0d e0 07 00 00 0e bf 07 00 00 0f f3 07 00 00
4547000,00 84 04 10 00 00 00 00 00 01 00 00 00 00 02 00 00 00 00 03 00 00 00 00 04 00 00 00 00 05 00 00 00 00 06 00 00 00 00 07 00 00 00 00 08 00 00 00 00 09 00 00 00 00 0a 00 00 00 00 0b 00 00 00 00 0c 00 00 00 00 0d 00 00 00 00 0e 00 00 00 00 0f 00 00 00 00,00 84 04 10 00 f7 07 00 00 01 0c 08 00 00 02 c9 07 00 00 03 e0 07 00 00 04 f5 07 00 00 05 07 08 00 00 06 e7 07 00 00 07 db 07 00 00 08 fb 07 00 00 09 0d 08 00 00 0a f9 07 00 00 0b aa 07 00 00 0c f5 07 00 00 0d e0 07 00 00 0e bf 07 00 00 0f f3 07 00 00
4547000,00 84 04 10 00 00 00 00 00 01 00 00 00 00 02 00 00 00 00 03 00 00 00 00 04 00 00 00 00 05 00 00 00 00 06 00 00 00 00 07 00 00 00 00 08 00 00 00 00 09 00 00 00 00 0a 00 00 00 00 0b 00 00 00 00 0c 00 00 00 00 0d 00 00 00 00 0e 00 00 00 00 0f 00 00 00 00,00 84 04 10 00 f7 07 00 00 01 0c 08 00 00 02 c9 07 00 00 03 e0 07 00 00 04 f5 07 00 00 05 07 08 00 00 06 e7 07 00 00 07 db 07 00 00 08 fb 07 00 00 09 0d 08 00 00 0a f9 07 00 00 0b aa 07 00 00 0c f5 07 00 00 0d e0 07 00 00 0e bf 07 00 00 0f f3 07 00 00
4562000,00 84 04 10 00 00 00 00 00 01 00 00 00 00 02 00 00 00 00 03 00 00 00 00 04 00 00 00 00 05 00 00 00 00 06 00 00 00 00 07 00 00 00 00 08 00 00 00 00 09 00 00 00 00 0a 00 00 00 00 0b 00 00 00 00 0c 00 00 00 00 0d 00 00 00 00 0e 00 00 00 00 0f 00 00 00 00,00 84 04 10 00 f7 07 00 00 01 0c 08 00 00 02 c9 07 00 00 03 e0 07 00 00 04 f5 07 00 00 05 07 08 00 00 06 e7 07 00 00 07 db 07 00 00 08 fb 07 00 00 09 0d 08 00 00 0a f9 07 00 00 0b aa 07 00 00 0c f5 07 00 00 0d e0 07 00 00 0e bf 07 00 00 0f f3 07 00 00
4578000,00 84 04 10 00 00 00 00 00 01 00 00 00 00 02 00 00 00 00 03 00 00 00 00 04 00 00 00 00 05 00 00 00 00 06 00 00 00 00 07 00 00 00 00 08 00 00 00 00 09 00 00 00 00 0a 00 00 00 00 0b 00 00 00 00 0c 00 00 00 00 0d 00 00 00 00 0e 00 00 00 00 0f 00 00 00 00,00 84 04 10 00 f7 07 00 00 01 0c 08 00 00 02 c9 07 00 00 03 e0 07 00 00 04 f5 07 00 00 05 07 08 00 00 06 e7 07 00 00 07 db 07 00 00 08 fb 07 00 00 09 0d 08 00 00 0a f9 07 00 00 0b aa 07 00 00 0c f5 07 00 00 0d e0 07 00 00 0e bf 07 00 00 0f f3 07 00 00
4578000,00 84 04 10 00 00 00 00 00 01 00 00 00 00 02 00 00 00 00 03 00 00 00 00 04 00 00 00 00 05 00 00 00 00 06 00 00 00 00 07 00 00 00 00 08 00 00 00 00 09 00 00 00 00 0a 00 00 00 00 0b 00 00 00 00 0c 00 00 00 00 0d 00 00 00 00 0e 00 00 00 00 0f 00 00 00 00,00 84 04 10 00 f7 07 00 00 01 0c 08 00 00 02 c9 07 00 00 03 e0 07 00 00 04 f5 07 00 00 05 07 08 00 00 06 e7 07 00 00 07 db 07 00 00 08 fb 07 00 00 09 0d 08 00 00 0a f9 07 00 00 0b aa 07 00 00 0c f5 07 00 00 0d e0 07 00 00 0e bf 07 00 00 0f f3 07 00 00
4594000,00 84 04 10 00 00 00 00 00 01 00 00 00 00 02 00 00 00 00 03 00 00 00 00 04 00 00 00 00 05 00 00 00 00 06 00 00 00 00 07 00 00 00 00 08 00 00 00 00 09 00 00 00 00 0a 00 00 00 00 0b 00 00 00 00 0c 00 00 00 00 0d 00 00 00 00 0e 00 00 00 00 0f 00 00 00 00,00 84 04 10 00 f7 07 00 00 01 0c 08 00 00 02 c9 07 00 00 03 e0 07 00 00 04 f5 07 00 00 05 07 08 00 00 06 e7 07 00 00 07 db 07 00 00 08 fb 07 00 00 09 0d 08 00 00 0a f9 07 00 00 0b aa 07 00 00 0c f5 07 00 00 0d e0 07 00 00 0e bf 07 00 00 0f f3 07 00 00
4594000,00 84 04 10 00 00 00 00 00 01 00 00 00 00 02 00 00 00 00 03 00 00 00 00 04 00 00 00 00 05 00 00 00 00 06 00 00 00 00 07 00 00 00 00 08 00 00 00 00 09 00 00 00 00 0a 00 00 00 00 0b 00 00 00 00 0c 00 00 00 00 0d 00 00 00 00 0e 00 00 00 00 0f 00 00 00 00,00 84 04 10 00 f7 07 00 00 01 0c 08 00 00 02 c9 07 00 00 03 e0 07 00 00 04 f5 07 00 00 05 07 08 00 00 06 e7 07 00 00 07 db 07 00 00 08 fb 07 00 00 09 0d 08 00 00 0a f9 07 00 00 0b aa 07 00 00 0c f5 07 00 00 0d e0 07 00 00 0e bf 07 00 00 0f f3 07 00 00
4609000,00 84 04 10 00 00 00 00 00 01 00 00 00 00 02 00 00 00 00 03 00 00 00 00 04 00 00 00 00 05 00 00 00 00 06 00 00 00 00 07 00 00 00 00 08 00 00 00 00 09 00 00 00 00 0a 00 00 00 00 0b 00 00 00 00 0c 00 00 00 00 0d 00 00 00 00 0e 00 00 00 00 0f 00 00 00 00,00 84 04 10 00 f7 07 00 00 01 0c 08 00 00 02 c9 07 00 00 03 e0 07 00 00 04 f5 07 00 00 05 07 08 00 00 06 e7 07 00 00 07 db 07 00 00 08 fb 07 00 00 09 0d 08 00 00 0a f9 07 00 00 0b aa 07 00 00 0c f5 07 00 00 0d e0 07 00 00 0e bf 07 00 00 0f f3 07 00 00
4625000,00 84 04 10 00 00 00 00 00 01 00 00 00 00 02 00 00 00 00 03 00 00 00 00 04 00 00 00 00 05 00 00 00 00 06 00 00 00 00 07 00 00 00 00 08 00 00 00 00 09 00 00 00 00 0a 00 00 00 00 0b 00 00 00 00 0c 00 00 00 00 0d 00 00 00 00 0e 00 00 00 00 0f 00 00 00 00,00 84 04 10 00 f7 07 00 00 01 0c 08 00 00 02 c9 07 00 00 03 e0 07 00 00 04 f5 07 00 00 05 07 08 00 00 06 e7 07 00 00 07 db 07 00 00 08 fb 07 00 00 09 0d 08 00 00 0a f9 07 00 00 0b aa 07 00 00 0c f5 07 00 00 0d e0 07 00 00 0e bf 07 00 00 0f f3 07 00 00
4625000,00 84 04 10 00 00 00 00 00 01 00 00 00 00 02 00 00 00 00 03 00 00 00 00 04 00 00 00 00 05 00 00 00 00 06 00 00 00 00 07 00 00 00 00 08 00 00 00 00 09 00 00 00 00 0a 00 00 00 00 0b 00 00 00 00 0c 00 00 00 00 0d 00 00 00 00 0e 00 00 00 00 0f 00 00 00 00,00 84 04 10 00 f7 07 00 00 01 0c 08 00 00 02 c9 07 00 00 03 e0 07 00 00 04 f5 07 00 00 05 07 08 00 00 06 e7 07 00 00 07 db 07 00 00 08 fb 07 00 00 09 0d 08 00 00 0a f9 07 00 00 0b aa 07 00 00 0c f5 07 00 00 0d e0 07 00 00 0e bf 07 00 00 0f f3 07 00 00
4640000,00 84 04 10 00 00 00 00 00 01 00 00 00 00 02 00 00 00 00 03 00 00 00 00 04 00 00 00 00 05 00 00 00 00 06 00 00 00 00 07 00 00 00 00 08 00 00 00 00 09 00 00 00 00 0a 00 00 00 00 0b 00 00 00 00 0c 00 00 00 00 0d 00 00 00 00 0e 00 00 00 00 0f 00 00 00 00,00 84 04 10 00 f7 07 00 00 01 0c 08 00 00 02 c9 07 00 00 03 e0 07 00 00 04 f5 07 00 00 05 07 08 00 00 06 e7 07 00 00 07 db 07 00 00 08 fb 07 00 00 09 0d 08 00 00 0a f9 07 00 00 0b aa 07 00 00 0c f5 07 00 00 0d e0 07 00 00 0e bf 07 00 00 0f f3 07 00 00
4656000,00 84 04 10 00 00 00 00 00 01 00 00 00 00 02 00 00 00 00 03 00 00 00 00 04 00 00 00 00 05 00 00 00 00 06 00 00 00 00 07 00 00 00 00 08 00 00 00 00 09 00 00 00 00 0a 00 00 00 00 0b 00 00 00 00 0c 00 00 00 00 0d 00 00 00 00 0e 00 00 00 00 0f 00 00 00 00,00 84 04 10 00 f7 07 00 00 01 0c 08 00 00 02 c9 07 00 00 03 e0 07 00 00 04 f5 07 00 00 05 07 08 00 00 06 e7 07 00 00 07 db 07 00 00 08 fb 07 00 00 09 0d 08 00 00 0a f9 07 00 00 0b aa 07 00 00 0c f5 07 00 00 0d e0 07 00 00 0e bf 07 00 00 0f f3 07 00 00
4656000,00 84 04 10 00 00 00 00 00 01 00 00 00 00 02 00 00 00 00 03 00 00 00 00 04 00 00 00 00 05 00 00 00 00 06 00 00 00 00 07 00 00 00 00 08 00 00 00 00 09 00 00 00 00 0a 00 00 00 00 0b 00 00 00 00 0c 00 00 00 00 0d 00 00 00 00 0e 00 00 00 00 0f 00 00 00 00,00 84 04 10 00 f7 07 00 00 01 0c 08 00 00 02 c9 07 00 00 03 e0 07 00 00 04 f5 07 00 00 05 07 08 00 00 06 e7 07 00 00 07 db 07 00 00 08 fb 07 00 00 09 0d 08 00 00 0a f9 07 00 00 0b aa 07 00 00 0c f5 07 00 00 0d e0 07 00 00 0e bf 07 00 00 0f f3 07 00 00
4672000,00 84 04 10 00 00 00 00 00 01 00 00 00 00 02 00 00 00 00 03 00 00 00 00 04 00 00 00 00 05 00 00 00 00 06 00 00 00 00 07 00 00 00 00 08 00 00 00 00 09 00 00 00 00 0a 00 00 00 00 0b 00 00 00 00 0c 00 00 00 00 0d 00 00 00 00 0e 00 00 00 00 0f 00 00 00 00,00 84 04 10 00 f7 07 00 00 01 0c 08 00 00 02 c9 07 00 00 03 e0 07 00 00 04 f5 07 00 00 05 07 08 00 00 06 e7 07 00 00 07 db 07 00 00 08 fb 07 00 00 09 0d 08 00 00 0a f9 07 00 00 0b aa 07 00 00 0c f5 07 00 00 0d e0 07 00 00 0e bf 07 00 00 0f f3 07 00 00
4672000,00 84 04 10 00 00 00 00 00 01 00 00 00 00 02 00 00 00 00 03 00 00 00 00 04 00 00 00 00 05 00 00 00 00 06 00 00 00 00 07 00 00 00 00 08 00 00 00 00 09 00 00 00 00 0a 00 00 00 00 0b 00 00 00 00 0c 00 00 00 00 0d 00 00 00 00 0e 00 00 00 00 0f 00 00 00 00,00 84 04 10 00 f7 07 00 00 01 0c 08 00 00 02 c9 07 00 00 03 e0 07 00 00 04 f5 07 00 00 05 07 08 00 00 06 e7 07 00 00 07 db 07 00 00 08 fb 07 00 00 09 0d 08 00 00 0a f9 07 00 00 0b aa 07 00 00 0c f5 07 00 00 0d e0 07 00 00 0e bf 07 00 00 0f f3 07 00 00
4687000,00 84 04 10 00 00 00 00 00 01 00 00 00 00 02 00 00 00 00 03 00 00 00 00 04 00 00 00 00 05 00 00 00 00 06 00 00 00 00 07 00 00 00 00 08 00 00 00 00 09 00 00 00 00 0a 00 00 00 00 0b 00 00 00 00 0c 00 00 00 00 0d 00 00 00 00 0e 00 00 00 00 0f 00 00 00 00,00 84 04 10 00 f7 07 00 00 01 0c 08 00 00 02 c9 07 00 00 03 e0 07 00 00 04 f5 07 00 00 05 07 08 00 00 06 e7 07 00 00 07 db 07 00 00 08 fb 07 00 00 09 0d 08 00 00 0a f9 07 00 00 0b aa 07 00 00 0c f5 07 00 00 0d e0 07 00 00 0e bf 07 00 00 0f f3 07 00 00
4703000,00 84 04 10 00 00 00 00 00 01 00 00 00 00 02 00 00 00 00 03 00 00 00 00 04 00 00 00 00 05 00 00 00 00 06 00 00 00 00 07 00 00 00 00 08 00 00 00 00 09 00 00 00 00 0a 00 00 00 00 0b 00 00 00 00 0c 00 00 00 00 0d 00 00 00 00 0e 00 00 00 00 0f 00 00 00 00,00 84 04 10 00 f7 07 00 00 01 0c 08 00 00 02 c9 07 00 00 03 e0 07 00 00 04 f5 07 00 00 05 07 08 00 00 06 e7 07 00 00 07 db 07 00 00 08 fb 07 00 00 09 0d 08 00 00 0a f9 07 00 00 0b aa 07 00 00 0c f5 07 00 00 0d e0 07 00 00 0e bf 07 00 00 0f f3 07 00 00
4703000,00 84 04 10 00 00 00 00 00 01 00 00 00 00 02 00 00 00 00 03 00 00 00 00 04 00 00 00 00 05 00 00 00 00 06 00 00 00 00 07 00 00 00 00 08 00 00 00 00 09 00 00 00 00 0a 00 00 00 00 0b 00 00 00 00 0c 00 00 00 00 0d 00 00 00 00 0e 00 00 00 00 0f 00 00 00 00,00 84 04 10 00 f7 07 00 00 01 0c 08 00 00 02 c9 07 00 00 03 e0 07 00 00 04 f5 07 00 00 05 07 08 00 00 06 e6 07 00 00 07 db 07 00 00 08 fb 07 00 00 09 0d 08 00 00 0a f9 07 00 00 0b aa 07 00 00 0c f5 07 00 00 0d e0 07 00 00 0e bf 07 00 00 0f f3 07 00 00
4719000,00 84 04 10 00 00 00 00 00 01 00 00 00 00 02 00 00 00 00 03 00 00 00 00 04 00 00 00 00 05 00 00 00 00 06 00 00 00 00 07 00 00 00 00 08 00 00 00 00 09 00 00 00 00 0a 00 00 00 00 0b 00 00 00 00 0c 00 00 00 00 0d 00 00 00 00 0e 00 00 00 00 0f 00 00 00 00,00 84 04 10 00 f7 07 00 00 01 0c 08 00 00 02 c9 07 00 00 03 e0 07 00 00 04 f5 07 00 00 05 07 08 00 00 06 e7 07 00 00 07 db 07 00 00 08 fb 07 00 00 09 0d 08 00 00 0a f9 07 00 00 0b aa 07 00 00 0c f5 07 00 00 0d e0 07 00 00 0e bf 07 00 00 0f f3 07 00 00
4734000,00 84 04 10 00 00 00 00 00 01 00 00 00 00 02 00 00 00 00 03 00 00 00 00 04 00 00 00 00 05 00 00 00 00 06 00 00 00 00 07 00 00 00 00 08 00 00 00 00 09 00 00 00 00 0a 00 00 00 00 0b 00 00 00 00 0c 00 00 00 00 0d 00 00 00 00 0e 00 00 00 00 0f 00 00 00 00,00 84 04 10 00 f7 07 00 00 01 0c 08 00 00 02 c9 07 00 00 03 e0 07 00 00 04 f5 07 00 00 05 07 08 00 00 06 e7 07 00 00 07 db 07 00 00 08 fb 07 00 00 09 0d 08 00 00 0a f9 07 00 00 0b aa 07 00 00 0c f5 07 00 00 0d e0 07 00 00 0e bf 07 00 00 0f f3 07 00 00
4750000,00 84 04 10 00 00 00 00 00 01 00 00 00 00 02 00 00 00 00 03 00 00 00 00 04 00 00 00 00 05 00 00 00 00 06 00 00 00 00 07 00 00 00 00 08 00 00 00 00 09 00 00 00 00 0a 00 00 00 00 0b 00 00 00 00 0c 00 00 00 00 0d 00 00 00 00 0e 00 00 00 00 0f 00 00 00 00,00 84 04 10 00 f7 07 00 00 01 0c 08 00 00 02 c9 07 00 00 03 e0 07 00 00 04 f5 07 00 00 05 07 08 00 00 06 e7 07 00 00 07 db 07 00 00 08 fb 07 00 00 09 0d 08 00 00 0a f9 07 00 00 0b aa 07 00 00 0c f5 07 00 00 0d e0 07 00 00 0e bf 07 00 00 0f f3 07 00 00
4750000,00 84 04 10 00 00 00 00 00 01 00 00 00 00 02 00 00 00 00 03 00 00 00 00 04 00 00 00 00 05 00 00 00 00 06 00 00 00 00 07 00 00 00 00 08 00 00 00 00 09 00 00 00 00 0a 00 00 00 00 0b 00 00 00 00 0c 00 00 00 00 0d 00 00 00 00 0e 00 00 00 00 0f 00 00 00 00,00 84 04 10 00 f7 07 00 00 01 0c 08 00 00 02 c9 07 00 00 03 e0 07 00 00 04 f5 07 00 00 05 07 08 00 00 06 e7 07 00 00 07 db 07 00 00 08 fb 07 00 00 09 0d 08 00 00 0a f9 07 00 00 0b aa 07 00 00 0c f5 07 00 00 0d e0 07 00 00 0e bf 07 00 00 0f f3 07 00 00
4765000,00 84 04 10 00 00 00 00 00 01 00 00 00 00 02 00 00 00 00 03 00 00 00 00 04 00 00 00 00 05 00 00 00 00 06 00 00 00 00 07 00 00 00 00 08 00 00 00 00 09 00 00 00 00 0a 00 00 00 00 0b 00 00 00 00 0c 00 00 00 00 0d 00 00 00 00 0e 00 00 00 00 0f 00 00 00 00,00 84 04 10 00 f7 07 00 00 01 0c 08 00 00 02 c9 07 00 00 03 e0 07 00 00 04 f5 07 00 00 05 07 08 00 00 06 e7 07 00 00 07 db 07 00 00 08 fb 07 00 00 09 0d 08 00 00 0a f9 07 00 00 0b aa 07 00 00 0c f5 07 00 00 0d e0 07 00 00 0e bf 07 00 00 0f f3 07 00 00
4781000,00 84 04 10 00 00 00 00 00 01 00 00 00 00 02 00 00 00 00 03 00 00 00 00 04 00 00 00 00 05 00 00 00 00 06 00 00 00 00 07 00 00 00 00 08 00 00 00 00 09 00 00 00 00 0a 00 00 00 00 0b 00 00 00 00 0c 00 00 00 00 0d 00 00 00 00 0e 00 00 00 00 0f 00 00 00 00,00 84 04 10 00 f7 07 00 00 01 0c 08 00 00 02 c9 07 00 00 03 e0 07 00 00 04 f5 07 00 00 05 07 08 00 00 06 e7 07 00 00 07 db 07 00 00 08 fb 07 00 00 09 0d 08 00 00 0a f9 07 00 00 0b aa 07 00 00 0c f5 07 00 00 0d e0 07 00 00 0e bf 07 00 00 0f f3 07 00 00
4781000,00 84 04 10 00 00 00 00 00 01 00 00 00 00 02 00 00 00 00 03 00 00 00 00 04 00 00 00 00 05 00 00 00 00 06 00 00 00 00 07 00 00 00 00 08 00 00 00 00 09 00 00 00 00 0a 00 00 00 00 0b 00 00 00 00 0c 00 00 00 00 0d 00 00 00 00 0e 00 00 00 00 0f 00 00 00 00,00 84 04 10 00 f7 07 00 00 01 0c 08 00 00 02 c9 07 00 00 03 e0 07 00 00 04 f5 07 00 00 05 07 08 00 00 06 e7 07 00 00 07 db 07 00 00 08 fb 07 00 00 09 0d 08 00 00 0a f9 07 00 00 0b aa 07 00 00 0c f5 07 00 00 0d e0 07 00 00 0e bf 07 00 00 0f f3 07 00 00
4797000,00 84 04 10 00 00 00 00 00 01 00 00 00 00 02 00 00 00 00 03 00 00 00 00 04 00 00 00 00 05 00 00 00 00 06 00 00 00 00 07 00 00 00 00 08 00 00 00 00 09 00 00 00 00 0a 00 00 00 00 0b 00 00 00 00 0c 00 00 00 00 0d 00 00 00 00 0e 00 00 00 00 0f 00 00 00 00,00 84 04 10 00 f7 07 00 00 01 0c 08 00 00 02 c9 07 00 00 03 e0 07 00 00 04 f5 07 00 00 05 07 08 00 00 06 e7 07 00 00 07 db 07 00 00 08 fb 07 00 00 09 0d 08 00 00 0a f9 07 00 00 0b aa 07 00 00 0c f5 07 00 00 0d e0 07 00 00 0e bf 07 00 00 0f f3 07 00 00
4812000,00 84 04 10 00 00 00 00 00 01 00 00 00 00 02 00 00 00 00 03 00 00 00 00 04 00 00 00 00 05 00 00 00 00 06 00 00 00 00 07 00 00 00 00 08 00 00 00 00 09 00 00 00 00 0a 00 00 00 00 0b 00 00 00 00 0c 00 00 00 00 0d 00 00 00 00 0e 00 00 00 00 0f 00 00 00 00,00 84 04 10 00 f7 07 00 00 01 0c 08 00 00 02 c9 07 00 00 03 e0 07 00 00 04 f5 07 00 00 05 07 08 00 00 06 e7 07 00 00 07 db 07 00 00 08 fb 07 00 00 09 0d 08 00 00 0a f9 07 00 00 0b aa 07 00 00 0c f5 07 00 00 0d e0 07 00 00 0e bf 07 00 00 0f f3 07 00 00
4812000,00 84 04 10 00 00 00 00 00 01 00 00 00 00 02 00 00 00 00 03 00 00 00 00 04 00 00 00 00 05 00 00 00 00 06 00 00 00 00 07 00 00 00 00 08 00 00 00 00 09 00 00 00 00 0a 00 00 00 00 0b 00 00 00 00 0c 00 00 00 00 0d 00 00 00 00 0e 00 00 00 00 0f 00 00 00 00,00 84 04 10 00 f7 07 00 00 01 0c 08 00 00 02 c9 07 00 00 03 e0 07 00 00 04 f5 07 00 00 05 07 08 00 00 06 e7 07 00 00 07 db 07 00 00 08 fb 07 00 00 09 0d 08 00 00 0a f9 07 00 00 0b aa 07 00 00 0c f5 07 00 00 0d e0 07 00 00 0e bf 07 00 00 0f f3 07 00 00
4828000,00 84 04 10 00 00 00 00 00 01 00 00 00 00 02 00 00 00 00 03 00 00 00 00 04 00 00 00 00 05 00 00 00 00 06 00 00 00 00 07 00 00 00 00 08 00 00 00 00 09 00 00 00 00 0a 00 00 00 00 0b 00 00 00 00 0c 00 00 00 00 0d 00 00 00 00 0e 00 00 00 00 0f 00 00 00 00,00 84 04 10 00 f7 07 00 00 01 0c 08 00 00 02 c9 07 00 00 03 e0 07 00 00 04 f5 07 00 00 05 07 08 00 00 06 e7 07 00 00 07 db 07 00 00 08 fb 07 00 00 09 0d 08 00 00 0a f9 07 00 00 0b aa 07 00 00 0c f5 07 00 00 0d e0 07 00 00 0e bf 07 00 00 0f f3 07 00 00
4828000,00 84 04 10 00 00 00 00 00 01 00 00 00 00 02 00 00 00 00 03 00 00 00 00 04 00 00 00 00 05 00 00 00 00 06 00 00 00 00 07 00 00 00 00 08 00 00 00 00 09 00 00 00 00 0a 00 00 00 00 0b 00 00 00 00 0c 00 00 00 00 0d 00 00 00 00 0e 00 00 00 00 0f 00 00 00 00,00 84 04 10 00 f7 07 00 00 01 0c 08 00 00 02 c9 07 00 00 03 e0 07 00 00 04 f5 07 00 00 05 07 08 00 00 06 e7 07 00 00 07 db 07 00 00 08 fb 07 00 00 09 0d 08 00 00 0a f9 07 00 00 0b aa 07 00 00 0c f5 07 00 00 0d e0 07 00 00 0e bf 07 00 00 0f f3 07 00 00
4844000,00 84 04 10 00 00 00 00 00 01 00 00 00 00 02 00 00 00 00 03 00 00 00 00 04 00 00 00 00 05 00 00 00 00 06 00 00 00 00 07 00 00 00 00 08 00 00 00 00 09 00 00 00 00 0a 00 00 00 00 0b 00 00 00 00 0c 00 00 00 00 0d 00 00 00 00 0e 00 00 00 00 0f 00 00 00 00,00 84 04 10 00 f7 07 00 00 01 0c 08 00 00 02 c9 07 00 00 03 e0 07 00 00 04 f5 07 00 00 05 07 08 00 00 06 e7 07 00 00 07 db 07 00 00 08 fb 07 00 00 09 0d 08 00 00 0a f9 07 00 00 0b aa 07 00 00 0c f5 07 00 00 0d e0 07 00 00 0e bf 07 00 00 0f f3 07 00 00
4859000,00 84 04 10 00 00 00 00 00 01 00 00 00 00 02 00 00 00 00 03 00 00 00 00 04 00 00 00 00 05 00 00 00 00 06 00 00 00 00 07 00 00 00 00 08 00 00 00 00 09 00 00 00 00 0a 00 00 00 00 0b 00 00 00 00 0c 00 00 00 00 0d 00 00 00 00 0e 00 00 00 00 0f 00 00 00 00,00 84 04 10 00 f7 07 00 00 01 0c 08 00 00 02 c9 07 00 00 03 e0 07 00 00 04 f5 07 00 00 05 07 08 00 00 06 e7 07 00 00 07 db 07 00 00 08 fb 07 00 00 09 0d 08 00 00 0a f9 07 00 00 0b aa 07 00 00 0c f5 07 00 00 0d e0 07 00 00 0e bf 07 00 00 0f f3 07 00 00
4859000,00 84 04 10 00 00 00 00 00 01 00 00 00 00 02 00 00 00 00 03 00 00 00 00 04 00 00 00 00 05 00 00 00 00 06 00 00 00 00 07 00 00 00 00 08 00 00 00 00 09 00 00 00 00 0a 00 00 00 00 0b 00 00 00 00 0c 00 00 00 00 0d 00 00 00 00 0e 00 00 00 00 0f 00 00 00 00,00 84 04 10 00 f7 07 00 00 01 0c 08 00 00 02 c9 07 00 00 03 e0 07 00 00 04 f5 07 00 00 05 07 08 00 00 06 e7 07 00 00 07 db 07 00 00 08 fb 07 00 00 09 0d 08 00 00 0a f9 07 00 00 0b aa 07 00 00 0c f5 07 00 00 0d e0 07 00 00 0e bf 07 00 00 0f f3 07 00 00
4875000,00 84 04 10 00 00 00 00 00 01 00 00 00 00 02 00 00 00 00 03 00 00 00 00 04 00 00 00 00 05 00 00 00 00 06 00 00 00 00 07 00 00 00 00 08 00 00 00 00 09 00 00 00 00 0a 00 00 00 00 0b 00 00 00 00 0c 00 00 00 00 0d 00 00 00 00 0e 00 00 00 00 0f 00 00 00 00,00 84 04 10 00 f7 07 00 00 01 0c 08 00 00 02 c9 07 00 00 03 e0 07 00 00 04 f5 07 00 00 05 07 08 00 00 06 e7 07 00 00 07 db 07 00 00 08 fb 07 00 00 09 0d 08 00 00 0a f9 07 00 00 0b aa 07 00 00 0c f5 07 00 00 0d e0 07 00 00 0e bf 07 00 00 0f f3 07 00 00
4890000,00 84 04 10 00 00 00 00 00 01 00 00 00 00 02 00 00 00 00 03 00 00 00 00 04 00 00 00 00 05 00 00 00 00 06 00 00 00 00 07 00 00 00 00 08 00 00 00 00 09 00 00 00 00 0a 00 00 00 00 0b 00 00 00 00 0c 00 00 00 00 0d 00 00 00 00 0e 00 00 00 00 0f 00 00 00 00,00 84 04 10 00 f7 07 00 00 01 0c 08 00 00 02 c9 07 00 00 03 e0 07 00 00 04 f5 07 00 00 05 07 08 00 00 06 e7 07 00 00 07 db 07 00 00 08 fb 07 00 00 09 0d 08 00 00 0a f9 07 00 00 0b aa 07 00 00 0c f5 07 00 00 0d e0 07 00 00 0e bf 07 00 00 0f f3 07 00 00
4890000,00 84 04 10 00 00 00 00 00 01 00 00 00 00 02 00 00 00 00 03 00 00 00 00 04 00 00 00 00 05 00 00 00 00 06 00 00 00 00 07 00 00 00 00 08 00 00 00 00 09 00 00 00 00 0a 00 00 00 00 0b 00 00 00 00 0c 00 00 00 00 0d 00 00 00 00 0e 00 00 00 00 0f 00 00 00 00,00 84 04 10 00 f7 07 00 00 01 0c 08 00 00 02 c9 07 00 00 03 e0 07 00 00 04 f5 07 00 00 05 07 08 00 00 06 e7 07 00 00 07 db 07 00 00 08 fb 07 00 00 09 0d 08 00 00 0a f9 07 00 00 0b aa 07 00 00 0c f5 07 00 00 0d e0 07 00 00 0e bf 07 00 00 0f f3 07 00 00
4906000,00 84 04 10 00 00 00 00 00 01 00 00 00 00 02 00 00 00 00 03 00 00 00 00 04 00 00 00 00 05 00 00 00 00 06 00 00 00 00 07 00 00 00 00 08 00 00 00 00 09 00 00 00 00 0a 00 00 00 00 0b 00 00 00 00 0c 00 00 00 00 0d 00 00 00 00 0e 00 00 00 00 0f 00 00 00 00,00 84 04 10 00 f7 07 00 00 01 0c 08 00 00 02 c9 07 00 00 03 e0 07 00 00 04 f5 07 00 00 05 07 08 00 00 06 e7 07 00 00 07 db 07 00 00 08 fb 07 00 00 09 0d 08 00 00 0a f9 07 00 00 0b aa 07 00 00 0c f5 07 00 00 0d e0 07 00 00 0e bf 07 00 00 0f f3 07 00 00
4922000,00 84 04 10 00 00 00 00 00 01 00 00 00 00 02 00 00 00 00 03 00 00 00 00 04 00 00 00 00 05 00 00 00 00 06 00 00 00 00 07 00 00 00 00 08 00 00 00 00 09 00 00 00 00 0a 00 00 00 00 0b 00 00 00 00 0c 00 00 00 00 0d 00 00 00 00 0e 00 00 00 00 0f 00 00 00 00,00 84 04 10 00 f7 07 00 00 01 0c 08 00 00 02 c9 07 00 00 03 e0 07 00 00 04 f5 07 00 00 05 07 08 00 00 06 e7 07 00 00 07 db 07 00 00 08 fb 07 00 00 09 0d 08 00 00 0a f9 07 00 00 0b aa 07 00 00 0c f5 07 00 00 0d e0 07 00 00 0e bf 07 00 00 0f f3 07 00 00
4922000,00 84 04 10 00 00 00 00 00 01 00 00 00 00 02 00 00 00 00 03 00 00 00 00 04 00 00 00 00 05 00 00 00 00 06 00 00 00 00 07 00 00 00 00 08 00 00 00 00 09 00 00 00 00 0a 00 00 00 00 0b 00 00 00 00 0c 00 00 00 00 0d 00 00 00 00 0e 00 00 00 00 0f 00 00 00 00,00 84 04 10 00 f7 07 00 00 01 0c 08 00 00 02 c9 07 00 00 03 e0 07 00 00 04 f5 07 00 00 05 07 08 00 00 06 e7 07 00 00 07 db 07 00 00 08 fb 07 00 00 09 0d 08 00 00 0a f9 07 00 00 0b aa 07 00 00 0c f5 07 00 00 0d e0 07 00 00 0e bf 07 00 00 0f f3 07 00 00
4937000,00 84 04 10 00 00 00 00 00 01 00 00 00 00 02 00 00 00 00 03 00 00 00 00 04 00 00 00 00 05 00 00 00 00 06 00 00 00 00 07 00 00 00 00 08 00 00 00 00 09 00 00 00 00 0a 00 00 00 00 0b 00 00 00 00 0c 00 00 00 00 0d 00 00 00 00 0e 00 00 00 00 0f 00 00 00 00,00 84 04 10 00 f7 07 00 00 01 0c 08 00 00 02 c9 07 00 00 03 e0 07 00 00 04 f5 07 00 00 05 07 08 00 00 06 e7 07 00 00 07 db 07 00 00 08 fb 07 00 00 09 0d 08 00 00 0a f9 07 00 00 0b aa 07 00 00 0c f5 07 00 00 0d e0 07 00 00 0e bf 07 00 00 0f f3 07 00 00
4953000,00 84 04 10 00 00 00 00 00 01 00 00 00 00 02 00 00 00 00 03 00 00 00 00 04 00 00 00 00 05 00 00 00 00 06 00 00 00 00 07 00 00 00 00 08 00 00 00 00 09 00 00 00 00 0a 00 00 00 00 0b 00 00 00 00 0c 00 00 00 00 0d 00 00 00 00 0e 00 00 00 00 0f 00 00 00 00,00 84 04 10 00 f7 07 00 00 01 0c 08 00 00 02 c9 07 00 00 03 e0 07 00 00 04 f5 07 00 00 05 07 08 00 00 06 e7 07 00 00 07 db 07 00 00 08 fb 07 00 00 09 0d 08 00 00 0a f9 07 00 00 0b aa 07 00 00 0c f5 07 00 00 0d e0 07 00 00 0e bf 07 00 00 0f f3 07 00 00
4953000,00 84 04 10 00 00 00 00 00 01 00 00 00 00 02 00 00 00 00 03 00 00 00 00 04 00 00 00 00 05 00 00 00 00 06 00 00 00 00 07 00 00 00 00 08 00 00 00 00 09 00 00 00 00 0a 00 00 00 00 0b 00 00 00 00 0c 00 00 00 00 0d 00 00 00 00 0e 00 00 00 00 0f 00 00 00 00,00 84 04 10 00 f7 07 00 00 01 0c 08 00 00 02 c9 07 00 00 03 e0 07 00 00 04 f5 07 00 00 05 07 08 00 00 06 e7 07 00 00 07 db 07 00 00 08 fb 07 00 00 09 0d 08 00 00 0a f9 07 00 00 0b aa 07 00 00 0c f5 07 00 00 0d e0 07 00 00 0e bf 07 00 00 0f f3 07 00 00
4969000,00 84 04 10 00 00 00 00 00 01 00 00 00 00 02 00 00 00 00 03 00 00 00 00 04 00 00 00 00 05 00 00 00 00 06 00 00 00 00 07 00 00 00 00 08 00 00 00 00 09 00 00 00 00 0a 00 00 00 00 0b 00 00 00 00 0c 00 00 00 00 0d 00 00 00 00 0e 00 00 00 00 0f 00 00 00 00,00 84 04 10 00 f7 07 00 00 01 0c 08 00 00 02 c9 07 00 00 03 e0 07 00 00 04 f5 07 00 00 05 07 08 00 00 06 e7 07 00 00 07 db 07 00 00 08 fb 07 00 00 09 0d 08 00 00 0a f9 07 00 00 0b aa 07 00 00 0c f5 07 00 00 0d e0 07 00 00 0e bf 07 00 00 0f f3 07 00 00
4984000,00 84 04 10 00 00 00 00 00 01 00 00 00 00 02 00 00 00 00 03 00 00 00 00 04 00 00 00 00 05 00 00 00 00 06 00 00 00 00 07 00 00 00 00 08 00 00 00 00 09 00 00 00 00 0a 00 00 00 00 0b 00 00 00 00 0c 00 00 00 00 0d 00 00 00 00 0e 00 00 00 00 0f 00 00 00 00,00 84 04 10 00 f7 07 00 00 01 0c 08 00 00 02 c9 07 00 00 03 e0 07 00 00 04 f5 07 00 00 05 07 08 00 00 06 e7 07 00 00 07 db 07 00 00 08 fb 07 00 00 09 0d 08 00 00 0a f9 07 00 00 0b aa 07 00 00 0c f5 07 00 00 0d e0 07 00 00 0e bf 07 00 00 0f f3 07 00 00
4984000,00 84 04 10 00 00 00 00 00 01 00 00 00 00 02 00 00 00 00 03 00 00 00 00 04 00 00 00 00 05 00 00 00 00 06 00 00 00 00 07 00 00 00 00 08 00 00 00 00 09 00 00 00 00 0a 00 00 00 00 0b 00 00 00 00 0c 00 00 00 00 0d 00 00 00 00 0e 00 00 00 00 0f 00 00 00 00,00 84 04 10 00 f7 07 00 00 01 0c 08 00 00 02 c9 07 00 00 03 e0 07 00 00 04 f5 07 00 00 05 07 08 00 00 06 e7 07 00 00 07 db 07 00 00 08 fb 07 00 00 09 0d 08 00 00 0a f9 07 00 00 0b aa 07 00 00 0c f5 07 00 00 0d e0 07 00 00 0e bf 07 00 00 0f f3 07 00 00
5000000,00 84 04 10 00 00 00 00 00 01 00 00 00 00 02 00 00 00 00 03 00 00 00 00 04 00 00 00 00 05 00 00 00 00 06 00 00 00 00 07 00 00 00 00 08 00 00 00 00 09 00 00 00 00 0a 00 00 00 00 0b 00 00 00 00 0c 00 00 00 00 0d 00 00 00 00 0e 00 00 00 00 0f 00 00 00 00,00 84 04 10 00 f7 07 00 00 01 0c 08 00 00 02 c9 07 00 00 03 e0 07 00 00 04 f5 07 00 00 05 07 08 00 00 06 e7 07 00 00 07 db 07 00 00 08 fb 07 00 00 09 0d 08 00 00 0a f9 07 00 00 0b aa 07 00 00 0c f5 07 00 00 0d e0 07 00 00 0e bf 07 00 00 0f f3 07 00 00
5015000,00 84 04 10 00 00 00 00 00 01 00 00 00 00 02 00 00 00 00 03 00 00 00 00 04 00 00 00 00 05 00 00 00 00 06 00 00 00 00 07 00 00 00 00 08 00 00 00 00 09 00 00 00 00 0a 00 00 00 00 0b 00 00 00 00 0c 00 00 00 00 0d 00 00 00 00 0e 00 00 00 00 0f 00 00 00 00,00 84 04 10 00 f7 07 00 00 01 0c 08 00 00 02 c9 07 00 00 03 e0 07 00 00 04 f5 07 00 00 05 07 08 00 00 06 e7 07 00 00 07 db 07 00 00 08 fb 07 00 00 09 0d 08 00 00 0a f9 07 00 00 0b aa 07 00 00 0c f5 07 00 00 0d e0 07 00 00 0e bf 07 00 00 0f f3 07 00 00
5015000,00 84 04 10 00 00 00 00 00 01 00 00 00 00 02 00 00 00 00 03 00 00 00 00 04 00 00 00 00 05 00 00 00 00 06 00 00 00 00 07 00 00 00 00 08 00 00 00 00 09 00 00 00 00 0a 00 00 00 00 0b 00 00 00 00 0c 00 00 00 00 0d 00 00 00 00 0e 00 00 00 00 0f 00 00 00 00,00 84 04 10 00 f7 07 00 00 01 0c 08 00 00 02 c9 07 00 00 03 e0 07 00 00 04 f5 07 00 00 05 07 08 00 00 06 e7 07 00 00 07 db 07 00 00 08 fb 07 00 00 09 0d 08 00 00 0a f9 07 00 00 0b aa 07 00 00 0c f5 07 00 00 0d e0 07 00 00 0e bf 07 00 00 0f f3 07 00 00
5031000,00 84 04 10 00 00 00 00 00 01 00 00 00 00 02 00 00 00 00 03 00 00 00 00 04 00 00 00 00 05 00 00 00 00 06 00 00 00 00 07 00 00 00 00 08 00 00 00 00 09 00 00 00 00 0a 00 00 00 00 0b 00 00 00 00 0c 00 00 00 00 0d 00 00 00 00 0e 00 00 00 00 0f 00 00 00 00,00 84 04 10 00 f7 07 00 00 01 0c 08 00 00 02 c9 07 00 00 03 e0 07 00 00 04 f5 07 00 00 05 07 08 00 00 06 e7 07 00 00 07 db 07 00 00 08 fb 07 00 00 09 0d 08 00 00 0a f9 07 00 00 0b aa 07 00 00 0c f5 07 00 00 0d e0 07 00 00 0e bf 07 00 00 0f f3 07 00 00
5047000,00 84 04 10 00 00 00 00 00 01 00 00 00 00 02 00 00 00 00 03 00 00 00 00 04 00 00 00 00 05 00 00 00 00 06 00 00 00 00 07 00 00 00 00 08 00 00 00 00 09 00 00 00 00 0a 00 00 00 00 0b 00 00 00 00 0c 00 00 00 00 0d 00 00 00 00 0e 00 00 00 00 0f 00 00 00 00,00 84 04 10 00 f7 07 00 00 01 0c 08 00 00 02 c9 07 00 00 03 e0 07 00 00 04 f5 07 00 00 05 07 08 00 00 06 e7 07 00 00 07 db 07 00 00 08 fb 07 00 00 09 0d 08 00 00 0a f9 07 00 00 0b aa 07 00 00 0c f5 07 00 00 0d e0 07 00 00 0e bf 07 00 00 0f f3 07 00 00
5047000,00 84 04 10 00 00 00 00 00 01 00 00 00 00 02 00 00 00 00 03 00 00 00 00 04 00 00 00 00 05 00 00 00 00 06 00 00 00 00 07 00 00 00 00 08 00 00 00 00 09 00 00 00 00 0a 00 00 00 00 0b 00 00 00 00 0c 00 00 00 00 0d 00 00 00 00 0e 00 00 00 00 0f 00 00 00 00,00 84 04 10 00 f7 07 00 00 01 0c 08 00 00 02 c9 07 00 00 03 e0 07 00 00 04 f5 07 00 00 05 07 08 00 00 06 e7 07 00 00 07 db 07 00 00 08 fb 07 00 00 09 0d 08 00 00 0a f9 07 00 00 0b aa 07 00 00 0c f5 07 00 00 0d e0 07 00 00 0e bf 07 00 00 0f f3 07 00 00
5062000,00 84 04 10 00 00 00 00 00 01 00 00 00 00 02 00 00 00 00 03 00 00 00 00 04 00 00 00 00 05 00 00 00 00 06 00 00 00 00 07 00 00 00 00 08 00 00 00 00 09 00 00 00 00 0a 00 00 00 00 0b 00 00 00 00 0c 00 00 00 00 0d 00 00 00 00 0e 00 00 00 00 0f 00 00 00 00,00 84 04 10 00 f7 07 00 00 01 0c 08 00 00 02 c9 07 00 00 03 e0 07 00 00 04 f5 07 00 00 05 07 08 00 00 06 e7 07 00 00 07 db 07 00 00 08 fb 07 00 00 09 0d 08 00 00 0a f9 07 00 00 0b aa 07 00 00 0c f5 07 00 00 0d e0 07 00 00 0e bf 07 00 00 0f f3 07 00 00
5078000,00 84 04 10 00 00 00 00 00 01 00 00 00 00 02 00 00 00 00 03 00 00 00 00 04 00 00 00 00 05 00 00 00 00 06 00 00 00 00 07 00 00 00 00 08 00 00 00 00 09 00 00 00 00 0a 00 00 00 00 0b 00 00 00 00 0c 00 00 00 00 0d 00 00 00 00 0e 00 00 00 00 0f 00 00 00 00,00 84 04 10 00 f7 07 00 00 01 0c 08 00 00 02 c9 07 00 00 03 e0 07 00 00 04 f5 07 00 00 05 07 08 00 00 06 e7 07 00 00 07 db 07 00 00 08 fb 07 00 00 09 0d 08 00 00 0a f9 07 00 00 0b aa 07 00 00 0c f5 07 00 00 0d e0 07 00 00 0e bf 07 00 00 0f f3 07 00 00
5094000,00 84 04 10 00 00 00 00 00 01 00 00 00 00 02 00 00 00 00 03 00 00 00 00 04 00 00 00 00 05 00 00 00 00 06 00 00 00 00 07 00 00 00 00 08 00 00 00 00 09 00 00 00 00 0a 00 00 00 00 0b 00 00 00 00 0c 00 00 00 00 0d 00 00 00 00 0e 00 00 00 00 0f 00 00 00 00,00 84 04 10 00 f7 07 00 00 01 0c 08 00 00 02 c9 07 00 00 03 e0 07 00 00 04 f5 07 00 00 05 07 08 00 00 06 e7 07 00 00 07 db 07 00 00 08 fb 07 00 00 09 0d 08 00 00 0a f9 07 00 00 0b aa 07 00 00 0c f5 07 00 00 0d e0 07 00 00 0e bf 07 00 00 0f f3 07 00 00
5094000,00 84 04 10 00 00 00 00 00 01 00 00 00 00 02 00 00 00 00 03 00 00 00 00 04 00 00 00 00 05 00 00 00 00 06 00 00 00 00 07 00 00 00 00 08 00 00 00 00 09 00 00 00 00 0a 00 00 00 00 0b 00 00 00 00 0c 00 00 00 00 0d 00 00 00 00 0e 00 00 00 00 0f 00 00 00 00,00 84 04 10 00 f7 07 00 00 01 0c 08 00 00 02 c9 07 00 00 03 e0 07 00 00 04 f5 07 00 00 05 07 08 00 00 06 e7 07 00 00 07 db 07 00 00 08 fb 07 00 00 09 0d 08 00 00 0a f9 07 00 00 0b aa 07 00 00 0c f5 07 00 00 0d e0 07 00 00 0e bf 07 00 00 0f f3 07 00 00
5109000,00 84 04 10 00 00 00 00 00 01 00 00 00 00 02 00 00 00 00 03 00 00 00 00 04 00 00 00 00 05 00 00 00 00 06 00 00 00 00 07 00 00 00 00 08 00 00 00 00 09 00 00 00 00 0a 00 00 00 00 0b 00 00 00 00 0c 00 00 00 00 0d 00 00 00 00 0e 00 00 00 00 0f 00 00 00 00,00 84 04 10 00 f7 07 00 00 01 0c 08 00 00 02 c9 07 00 00 03 e0 07 00 00 04 f5 07 00 00 05 07 08 00 00 06 e6 07 00 00 07 db 07 00 00 08 fb 07 00 00 09 0d 08 00 00 0a f9 07 00 00 0b aa 07 00 00 0c f5 07 00 00 0d e0 07 00 00 0e bf 07 00 00 0f f3 07 00 00
5109000,00 84 04 10 00 00 00 00 00 01 00 00 00 00 02 00 00 00 00 03 00 00 00 00 04 00 00 00 00 05 00 00 00 00 06 00 00 00 00 07 00 00 00 00 08 00 00 00 00 09 00 00 00 00 0a 00 00 00 00 0b 00 00 00 00 0c 00 00 00 00 0d 00 00 00 00 0e 00 00 00 00 0f 00 00 00 00,00 84 04 10 00 f7 07 00 00 01 0c 08 00 00 02 c9 07 00 00 03 e0 07 00 00 04 f5 07 00 00 05 07 08 00 00 06 e7 07 00 00 07 db 07 00 00 08 fb 07 00 00 09 0d 08 00 00 0a f9 07 00 00 0b aa 07 00 00 0c f5 07 00 00 0d e0 07 00 00 0e bf 07 00 00 0f f3 07 00 00
5125000,00 84 04 10 00 00 00 00 00 01 00 00 00 00 02 00 00 00 00 03 00 00 00 00 04 00 00 00 00 05 00 00 00 00 06 00 00 00 00 07 00 00 00 00 08 00 00 00 00 09 00 00 00 00 0a 00 00 00 00 0b 00 00 00 00 0c 00 00 00 00 0d 00 00 00 00 0e 00 00 00 00 0f 00 00 00 00,00 84 04 10 00 f7 07 00 00 01 0c 08 00 00 02 c9 07 00 00 03 e0 07 00 00 04 f5 07 00 00 05 07 08 00 00 06 e7 07 00 00 07 db 07 00 00 08 fb 07 00 00 09 0d 08 00 00 0a f9 07 00 00 0b aa 07 00 00 0c f5 07 00 00 0d e0 07 00 00 0e bf 07 00 00 0f f3 07 00 00
5140000,00 84 04 10 00 00 00 00 00 01 00 00 00 00 02 00 00 00 00 03 00 00 00 00 04 00 00 00 00 05 00 00 00 00 06 00 00 00 00 07 00 00 00 00 08 00 00 00 00 09 00 00 00 00 0a 00 00 00 00 0b 00 00 00 00 0c 00 00 00 00 0d 00 00 00 00 0e 00 00 00 00 0f 00 00 00 00,00 84 04 10 00 f7 07 00 00 01 0c 08 00 00 02 c9 07 00 00 03 e0 07 00 00 04 f5 07 00 00 05 07 08 00 00 06 e7 07 00 00 07 db 07 00 00 08 fb 07 00 00 09 0d 08 00 00 0a f9 07 00 00 0b aa 07 00 00 0c f5 07 00 00 0d e0 07 00 00 0e bf 07 00 00 0f f3 07 00 00
5140000,00 84 04 10 00 00 00 00 00 01 00 00 00 00 02 00 00 00 00 03 00 00 00 00 04 00 00 00 00 05 00 00 00 00 06 00 00 00 00 07 00 00 00 00 08 00 00 00 00 09 00 00 00 00 0a 00 00 00 00 0b 00 00 00 00 0c 00 00 00 00 0d 00 00 00 00 0e 00 00 00 00 0f 00 00 00 00,00 84 04 10 00 f7 07 00 00 01 0c 08 00 00 02 c9 07 00 00 03 e0 07 00 00 04 f5 07 00 00 05 07 08 00 00 06 e7 07 00 00 07 db 07 00 00 08 fb 07 00 00 09 0d 08 00 00 0a f9 07 00 00 0b aa 07 00 00 0c f5 07 00 00 0d e0 07 00 00 0e bf 07 00 00 0f f3 07 00 00
5156000,00 84 04 10 00 00 00 00 00 01 00 00 00 00 02 00 00 00 00 03 00 00 00 00 04 00 00 00 00 05 00 00 00 00 06 00 00 00 00 07 00 00 00 00 08 00 00 00 00 09 00 00 00 00 0a 00 00 00 00 0b 00 00 00 00 0c 00 00 00 00 0d 00 00 00 00 0e 00 00 00 00 0f 00 00 00 00,00 84 04 10 00 f7 07 00 00 01 0c 08 00 00 02 c9 07 00 00 03 e0 07 00 00 04 f5 07 00 00 05 07 08 00 00 06 e7 07 00 00 07 db 07 00 00 08 fb 07 00 00 09 0d 08 00 00 0a f9 07 00 00 0b aa 07 00 00 0c f5 07 00 00 0d e0 07 00 00 0e bf 07 00 00 0f f3 07 00 00
5172000,00 84 04 10 00 00 00 00 00 01 00 00 00 00 02 00 00 00 00 03 00 00 00 00 04 00 00 00 00 05 00 00 00 00 06 00 00 00 00 07 00 00 00 00 08 00 00 00 00 09 00 00 00 00 0a 00 00 00 00 0b 00 00 00 00 0c 00 00 00 00 0d 00 00 00 00 0e 00 00 00 00 0f 00 00 00 00,00 84 04 10 00 f7 07 00 00 01 0c 08 00 00 02 c9 07 00 00 03 e0 07 00 00 04 f5 07 00 00 05 07 08 00 00 06 e7 07 00 00 07 db 07 00 00 08 fb 07 00 00 09 0d 08 00 00 0a f9 07 00 00 0b aa 07 00 00 0c f5 07 00 00 0d e0 07 00 00 0e bf 07 00 00 0f f3 07 00 00
5172000,00 84 04 10 00 00 00 00 00 01 00 00 00 00 02 00 00 00 00 03 00 00 00 00 04 00 00 00 00 05 00 00 00 00 06 00 00 00 00 07 00 00 00 00 08 00 00 00 00 09 00 00 00 00 0a 00 00 00 00 0b 00 00 00 00 0c 00 00 00 00 0d 00 00 00 00 0e 00 00 00 00 0f 00 00 00 00,00 84 04 10 00 f7 07 00 00 01 0c 08 00 00 02 c9 07 00 00 03 e0 07 00 00 04 f5 07 00 00 05 07 08 00 00 06 e7 07 00 00 07 db 07 00 00 08 fb 07 00 00 09 0d 08 00 00 0a f9 07 00 00 0b aa 07 00 00 0c f5 07 00 00 0d e0 07 00 00 0e bf 07 00 00 0f f3 07 00 00
5187000,00 84 04 10 00 00 00 00 00 01 00 00 00 00 02 00 00 00 00 03 00 00 00 00 04 00 00 00 00 05 00 00 00 00 06 00 00 00 00 07 00 00 00 00 08 00 00 00 00 09 00 00 00 00 0a 00 00 00 00 0b 00 00 00 00 0c 00 00 00 00 0d 00 00 00 00 0e 00 00 00 00 0f 00 00 00 00,00 84 04 10 00 f7 07 00 00 01 0c 08 00 00 02 c9 07 00 00 03 e0 07 00 00 04 f5 07 00 00 05 07 08 00 00 06 e7 07 00 00 07 db 07 00 00 08 fb 07 00 00 09 0d 08 00 00 0a f9 07 00 00 0b aa 07 00 00 0c f5 07 00 00 0d e0 07 00 00 0e bf 07 00 00 0f f3 07 00 00
5187000,00 84 04 10 00 00 00 00 00 01 00 00 00 00 02 00 00 00 00 03 00 00 00 00 04 00 00 00 00 05 00 00 00 00 06 00 00 00 00 07 00 00 00 00 08 00 00 00 00 09 00 00 00 00 0a 00 00 00 00 0b 00 00 00 00 0c 00 00 00 00 0d 00 00 00 00 0e 00 00 00 00 0f 00 00 00 00,00 84 04 10 00 f7 07 00 00 01 0c 08 00 00 02 c9 07 00 00 03 e0 07 00 00 04 f5 07 00 00 05 07 08 00 00 06 e7 07 00 00 07 db 07 00 00 08 fb 07 00 00 09 0d 08 00 00 0a f9 07 00 00 0b aa 07 00 00 0c f5 07 00 00 0d e0 07 00 00 0e bf 07 00 00 0f f3 07 00 00
5203000,00 84 04 10 00 00 00 00 00 01 00 00 00 00 02 00 00 00 00 03 00 00 00 00 04 00 00 00 00 05 00 00 00 00 06 00 00 00 00 07 00 00 00 00 08 00 00 00 00 09 00 00 00 00 0a 00 00 00 00 0b 00 00 00 00 0c 00 00 00 00 0d 00 00 00 00 0e 00 00 00 00 0f 00 00 00 00,00 84 04 10 00 f7 07 00 00 01 0c 08 00 00 02 c9 07 00 00 03 e0 07 00 00 04 f5 07 00 00 05 07 08 00 00 06 e7 07 00 00 07 db 07 00 00 08 fb 07 00 00 09 0d 08 00 00 0a f9 07 00 00 0b aa 07 00 00 0c f5 07 00 00 0d e0 07 00 00 0e bf 07 00 00 0f f3 07 00 00
5219000,00 84 04 10 00 00 00 00 00 01 00 00 00 00 02 00 00 00 00 03 00 00 00 00 04 00 00 00 00 05 00 00 00 00 06 00 00 00 00 07 00 00 00 00 08 00 00 00 00 09 00 00 00 00 0a 00 00 00 00 0b 00 00 00 00 0c 00 00 00 00 0d 00 00 00 00 0e 00 00 00 00 0f 00 00 00 00,00 84 04 10 00 f7 07 00 00 01 0c 08 00 00 02 c9 07 00 00 03 e0 07 00 00 04 f5 07 00 00 05 07 08 00 00 06 e7 07 00 00 07 db 07 00 00 08 fb 07 00 00 09 0d 08 00 00 0a f9 07 00 00 0b aa 07 00 00 0c f5 07 00 00 0d e0 07 00 00 0e bf 07 00 00 0f f3 07 00 00
5219000,00 84 04 10 00 00 00 00 00 01 00 00 00 00 02 00 00 00 00 03 00 00 00 00 04 00 00 00 00 05 00 00 00 00 06 00 00 00 00 07 00 00 00 00 08 00 00 00 00 09 00 00 00 00 0a 00 00 00 00 0b 00 00 00 00 0c 00 00 00 00 0d 00 00 00 00 0e 00 00 00 00 0f 00 00 00 00,00 84 04 10 00 f7 07 00 00 01 0c 08 00 00 02 c9 07 00 00 03 e0 07 00 00 04 f5 07 00 00 05 07 08 00 00 06 e7 07 00 00 07 db 07 00 00 08 fb 07 00 00 09 0d 08 00 00 0a f9 07 00 00 0b aa 07 00 00 0c f5 07 00 00 0d e0 07 00 00 0e bf 07 00 00 0f f3 07 00 00
5234000,00 84 04 10 00 00 00 00 00 01 00 00 00 00 02 00 00 00 00 03 00 00 00 00 04 00 00 00 00 05 00 00 00 00 06 00 00 00 00 07 00 00 00 00 08 00 00 00 00 09 00 00 00 00 0a 00 00 00 00 0b 00 00 00 00 0c 00 00 00 00 0d 00 00 00 00 0e 00 00 00 00 0f 00 00 00 00,00 84 04 10 00 f7 07 00 00 01 0c 08 00 00 02 c9 07 00 00 03 e0 07 00 00 04 f5 07 00 00 05 07 08 00 00 06 e7 07 00 00 07 db 07 00 00 08 fb 07 00 00 09 0d 08 00 00 0a f9 07 00 00 0b aa 07 00 00 0c f5 07 00 00 0d e0 07 00 00 0e bf 07 00 00 0f f3 07 00 00
5250000,00 84 04 10 00 00 00 00 00 01 00 00 00 00 02 00 00 00 00 03 00 00 00 00 04 00 00 00 00 05 00 00 00 00 06 00 00 00 00 07 00 00 00 00 08 00 00 00 00 09 00 00 00 00 0a 00 00 00 00 0b 00 00 00 00 0c 00 00 00 00 0d 00 00 00 00 0e 00 00 00 00 0f 00 00 00 00,00 84 04 10 00 f7 07 00 00 01 0c 08 00 00 02 c9 07 00 00 03 e0 07 00 00 04 f5 07 00 00 05 07 08 00 00 06 e7 07 00 00 07 db 07 00 00 08 fb 07 00 00 09 0d 08 00 00 0a f9 07 00 00 0b aa 07 00 00 0c f5 07 00 00 0d e0 07 00 00 0e bf 07 00 00 0f f3 07 00 00
5250000,00 84 04 10 00 00 00 00 00 01 00 00 00 00 02 00 00 00 00 03 00 00 00 00 04 00 00 00 00 05 00 00 00 00 06 00 00 00 00 07 00 00 00 00 08 00 00 00 00 09 00 00 00 00 0a 00 00 00 00 0b 00 00 00 00 0c 00 00 00 00 0d 00 00 00 00 0e 00 00 00 00 0f 00 00 00 00,00 84 04 10 00 f7 07 00 00 01 0c 08 00 00 02 c9 07 00 00 03 e0 07 00 00 04 f5 07 00 00 05 07 08 00 00 06 e7 07 00 00 07 db 07 00 00 08 fb 07 00 00 09 0d 08 00 00 0a f9 07 00 00 0b aa 07 00 00 0c f5 07 00 00 0d e0 07 00 00 0e bf 07 00 00 0f f3 07 00 00
5265000,00 84 04 10 00 00 00 00 00 01 00 00 00 00 02 00 00 00 00 03 00 00 00 00 04 00 00 00 00 05 00 00 00 00 06 00 00 00 00 07 00 00 00 00 08 00 00 00 00 09 00 00 00 00 0a 00 00 00 00 0b 00 00 00 00 0c 00 00 00 00 0d 00 00 00 00 0e 00 00 00 00 0f 00 00 00 00,00 84 04 10 00 f7 07 00 00 01 0c 08 00 00 02 c9 07 00 00 03 e0 07 00 00 04 f5 07 00 00 05 07 08 00 00 06 e7 07 00 00 07 db 07 00 00 08 fb 07 00 00 09 0d 08 00 00 0a f9 07 00 00 0b aa 07 00 00 0c f5 07 00 00 0d e0 07 00 00 0e bf 07 00 00 0f f3 07 00 00
5265000,00 84 04 10 00 00 00 00 00 01 00 00 00 00 02 00 00 00 00 03 00 00 00 00 04 00 00 00 00 05 00 00 00 00 06 00 00 00 00 07 00 00 00 00 08 00 00 00 00 09 00 00 00 00 0a 00 00 00 00 0b 00 00 00 00 0c 00 00 00 00 0d 00 00 00 00 0e 00 00 00 00 0f 00 00 00 00,00 84 04 10 00 f7 07 00 00 01 0c 08 00 00 02 c9 07 00 00 03 e0 07 00 00 04 f5 07 00 00 05 07 08 00 00 06 e7 07 00 00 07 db 07 00 00 08 fb 07 00 00 09 0d 08 00 00 0a f9 07 00 00 0b aa 07 00 00 0c f5 07 00 00 0d e0 07 00 00 0e bf 07 00 00 0f f3 07 00 00
5281000,00 84 04 10 00 00 00 00 00 01 00 00 00 00 02 00 00 00 00 03 00 00 00 00 04 00 00 00 00 05 00 00 00 00 06 00 00 00 00 07 00 00 00 00 08 00 00 00 00 09 00 00 00 00 0a 00 00 00 00 0b 00 00 00 00 0c 00 00 00 00 0d 00 00 00 00 0e 00 00 00 00 0f 00 00 00 00,00 84 04 10 00 f7 07 00 00 01 0c 08 00 00 02 c9 07 00 00 03 e0 07 00 00 04 f5 07 00 00 05 07 08 00 00 06 e7 07 00 00 07 db 07 00 00 08 fb 07 00 00 09 0d 08 00 00 0a f9 07 00 00 0b aa 07 00 00 0c f5 07 00 00 0d e0 07 00 00 0e bf 07 00 00 0f f3 07 00 00
5297000,00 84 04 10 00 00 00 00 00 01 00 00 00 00 02 00 00 00 00 03 00 00 00 00 04 00 00 00 00 05 00 00 00 00 06 00 00 00 00 07 00 00 00 00 08 00 00 00 00 09 00 00 00 00 0a 00 00 00 00 0b 00 00 00 00 0c 00 00 00 00 0d 00 00 00 00 0e 00 00 00 00 0f 00 00 00 00,00 84 04 10 00 f7 07 00 00 01 0c 08 00 00 02 c9 07 00 00 03 e0 07 00 00 04 f5 07 00 00 05 07 08 00 00 06 e7 07 00 00 07 db 07 00 00 08 fb 07 00 00 09 0d 08 00 00 0a f9 07 00 00 0b aa 07 00 00 0c f5 07 00 00 0d e0 07 00 00 0e bf 07 00 00 0f f3 07 00 00
5297000,00 84 04 10 00 00 00 00 00 01 00 00 00 00 02 00 00 00 00 03 00 00 00 00 04 00 00 00 00 05 00 00 00 00 06 00 00 00 00 07 00 00 00 00 08 00 00 00 00 09 00 00 00 00 0a 00 00 00 00 0b 00 00 00 00 0c 00 00 00 00 0d 00 00 00 00 0e 00 00 00 00 0f 00 00 00 00,00 84 04 10 00 f7 07 00 00 01 0c 08 00 00 02 c9 07 00 00 03 e0 07 00 00 04 f5 07 00 00 05 07 08 00 00 06 e7 07 00 00 07 db 07 00 00 08 fb 07 00 00 09 0d 08 00 00 0a f9 07 00 00 0b aa 07 00 00 0c f5 07 00 00 0d e0 07 00 00 0e bf 07 00 00 0f f3 07 00 00
5312000,00 84 04 10 00 00 00 00 00 01 00 00 00 00 02 00 00 00 00 03 00 00 00 00 04 00 00 00 00 05 00 00 00 00 06 00 00 00 00 07 00 00 00 00 08 00 00 00 00 09 00 00 00 00 0a 00 00 00 00 0b 00 00 00 00 0c 00 00 00 00 0d 00 00 00 00 0e 00 00 00 00 0f 00 00 00 00,00 84 04 10 00 f7 07 00 00 01 0c 08 00 00 02 c9 07 00 00 03 e0 07 00 00 04 f5 07 00 00 05 07 08 00 00 06 e7 07 00 00 07 db 07 00 00 08 fb 07 00 00 09 0d 08 00 00 0a f9 07 00 00 0b aa 07 00 00 0c f5 07 00 00 0d e0 07 00 00 0e bf 07 00 00 0f f3 07 00 00
5328000,00 84 04 10 00 00 00 00 00 01 00 00 00 00 02 00 00 00 00 03 00 00 00 00 04 00 00 00 00 05 00 00 00 00 06 00 00 00 00 07 00 00 00 00 08 00 00 00 00 09 00 00 00 00 0a 00 00 00 00 0b 00 00 00 00 0c 00 00 00 00 0d 00 00 00 00 0e 00 00 00 00 0f 00 00 00 00,00 84 04 10 00 f7 07 00 00 01 0c 08 00 00 02 c9 07 00 00 03 e0 07 00 00 04 f5 07 00 00 05 07 08 00 00 06 e7 07 00 00 07 db 07 00 00 08 fb 07 00 00 09 0d 08 00 00 0a f9 07 00 00 0b aa 07 00 00 0c f5 07 00 00 0d e0 07 00 00 0e bf 07 00 00 0f f3 07 00 00
5328000,00 84 04 10 00 00 00 00 00 01 00 00 00 00 02 00 00 00 00 03 00 00 00 00 04 00 00 00 00 05 00 00 00 00 06 00 00 00 00 07 00 00 00 00 08 00 00 00 00 09 00 00 00 00 0a 00 00 00 00 0b 00 00 00 00 0c 00 00 00 00 0d 00 00 00 00 0e 00 00 00 00 0f 00 00 00 00,00 84 04 10 00 f7 07 00 00 01 0c 08 00 00 02 c9 07 00 00 03 e0 07 00 00 04 f5 07 00 00 05 07 08 00 00 06 e7 07 00 00 07 db 07 00 00 08 fb 07 00 00 09 0d 08 00 00 0a f9 07 00 00 0b aa 07 00 00 0c f5 07 00 00 0d e0 07 00 00 0e bf 07 00 00 0f f3 07 00 00
5344000,00 84 04 10 00 00 00 00 00 01 00 00 00 00 02 00 00 00 00 03 00 00 00 00 04 00 00 00 00 05 00 00 00 00 06 00 00 00 00 07 00 00 00 00 08 00 00 00 00 09 00 00 00 00 0a 00 00 00 00 0b 00 00 00 00 0c 00 00 00 00 0d 00 00 00 00 0e 00 00 00 00 0f 00 00 00 00,00 84 04 10 00 f7 07 00 00 01 0c 08 00 00 02 c9 07 00 00 03 e0 07 00 00 04 f5 07 00 00 05 07 08 00 00 06 e7 07 00 00 07 db 07 00 00 08 fb 07 00 00 09 0d 08 00 00 0a f9 07 00 00 0b aa 07 00 00 0c f5 07 00 00 0d e0 07 00 00 0e bf 07 00 00 0f f3 07 00 00
5359000,00 84 04 10 00 00 00 00 00 01 00 00 00 00 02 00 00 00 00 03 00 00 00 00 04 00 00 00 00 05 00 00 00 00 06 00 00 00 00 07 00 00 00 00 08 00 00 00 00 09 00 00 00 00 0a 00 00 00 00 0b 00 00 00 00 0c 00 00 00 00 0d 00 00 00 00 0e 00 00 00 00 0f 00 00 00 00,00 84 04 10 00 f7 07 00 00 01 0c 08 00 00 02 c9 07 00 00 03 e0 07 00 00 04 f5 07 00 00 05 07 08 00 00 06 e7 07 00 00 07 db 07 00 00 08 fb 07 00 00 09 0d 08 00 00 0a f9 07 00 00 0b aa 07 00 00 0c f5 07 00 00 0d e0 07 00 00 0e bf 07 00 00 0f f3 07 00 00
5359000,00 84 04 10 00 00 00 00 00 01 00 00 00 00 02 00 00 00 00 03 00 00 00 00 04 00 00 00 00 05 00 00 00 00 06 00 00 00 00 07 00 00 00 00 08 00 00 00 00 09 00 00 00 00 0a 00 00 00 00 0b 00 00 00 00 0c 00 00 00 00 0d 00 00 00 00 0e 00 00 00 00 0f 00 00 00 00,00 84 04 10 00 f7 07 00 00 01 0c 08 00 00 02 c9 07 00 00 03 e0 07 00 00 04 f5 07 00 00 05 07 08 00 00 06 e7 07 00 00 07 db 07 00 00 08 fb 07 00 00 09 0d 08 00 00 0a f9 07 00 00 0b aa 07 00 00 0c f5 07 00 00 0d e0 07 00 00 0e bf 07 00 00 0f f3 07 00 00
5375000,00 84 04 10 00 00 00 00 00 01 00 00 00 00 02 00 00 00 00 03 00 00 00 00 04 00 00 00 00 05 00 00 00 00 06 00 00 00 00 07 00 00 00 00 08 00 00 00 00 09 00 00 00 00 0a 00 00 00 00 0b 00 00 00 00 0c 00 00 00 00 0d 00 00 00 00 0e 00 00 00 00 0f 00 00 00 00,00 84 04 10 00 f7 07 00 00 01 0c 08 00 00 02 c9 07 00 00 03 e0 07 00 00 04 f5 07 00 00 05 07 08 00 00 06 e7 07 00 00 07 db 07 00 00 08 fb 07 00 00 09 0d 08 00 00 0a f9 07 00 00 0b aa 07 00 00 0c f5 07 00 00 0d e0 07 00 00 0e bf 07 00 00 0f f3 07 00 00
5375000,00 84 04 10 00 00 00 00 00 01 00 00 00 00 02 00 00 00 00 03 00 00 00 00 04 00 00 00 00 05 00 00 00 00 06 00 00 00 00 07 00 00 00 00 08 00 00 00 00 09 00 00 00 00 0a 00 00 00 00 0b 00 00 00 00 0c 00 00 00 00 0d 00 00 00 00 0e 00 00 00 00 0f 00 00 00 00,00 84 04 10 00 f7 07 00 00 01 0c 08 00 00 02 c9 07 00 00 03 e0 07 00 00 04 f5 07 00 00 05 07 08 00 00 06 e7 07 00 00 07 db 07 00 00 08 fb 07 00 00 09 0d 08 00 00 0a f9 07 00 00 0b aa 07 00 00 0c f5 07 00 00 0d e0 07 00 00 0e bf 07 00 00 0f f3 07 00 00
5390000,00 84 04 10 00 00 00 00 00 01 00 00 00 00 02 00 00 00 00 03 00 00 00 00 04 00 00 00 00 05 00 00 00 00 06 00 00 00 00 07 00 00 00 00 08 00 00 00 00 09 00 00 00 00 0a 00 00 00 00 0b 00 00 00 00 0c 00 00 00 00 0d 00 00 00 00 0e 00 00 00 00 0f 00 00 00 00,00 84 04 10 00 f7 07 00 00 01 0c 08 00 00 02 c9 07 00 00 03 e0 07 00 00 04 f5 07 00 00 05 07 08 00 00 06 e7 07 00 00 07 db 07 00 00 08 fb 07 00 00 09 0d 08 00 00 0a f9 07 00 00 0b aa 07 00 00 0c f5 07 00 00 0d e0 07 00 00 0e bf 07 00 00 0f f3 07 00 00
5406000,00 84 04 10 00 00 00 00 00 01 00 00 00 00 02 00 00 00 00 03 00 00 00 00 04 00 00 00 00 05 00 00 00 00 06 00 00 00 00 07 00 00 00 00 08 00 00 00 00 09 00 00 00 00 0a 00 00 00 00 0b 00 00 00 00 0c 00 00 00 00 0d 00 00 00 00 0e 00 00 00 00 0f 00 00 00 00,00 84 04 10 00 f7 07 00 00 01 0c 08 00 00 02 c9 07 00 00 03 e0 07 00 00 04 f5 07 00 00 05 07 08 00 00 06 e7 07 00 00 07 db 07 00 00 08 fb 07 00 00 09 0d 08 00 00 0a f9 07 00 00 0b aa 07 00 00 0c f5 07 00 00 0d e0 07 00 00 0e bf 07 00 00 0f f3 07 00 00
5422000,00 84 04 10 00 00 00 00 00 01 00 00 00 00 02 00 00 00 00 03 00 00 00 00 04 00 00 00 00 05 00 00 00 00 06 00 00 00 00 07 00 00 00 00 08 00 00 00 00 09 00 00 00 00 0a 00 00 00 00 0b 00 00 00 00 0c 00 00 00 00 0d 00 00 00 00 0e 00 00 00 00 0f 00 00 00 00,00 84 04 10 00 f7 07 00 00 01 0c 08 00 00 02 c9 07 00 00 03 e0 07 00 00 04 f5 07 00 00 05 07 08 00 00 06 e6 07 00 00 07 db 07 00 00 08 fb 07 00 00 09 0d 08 00 00 0a f9 07 00 00 0b aa 07 00 00 0c f5 07 00 00 0d e0 07 00 00 0e bf 07 00 00 0f f3 07 00 00
5422000,00 84 04 10 00 00 00 00 00 01 00 00 00 00 02 00 00 00 00 03 00 00 00 00 04 00 00 00 00 05 00 00 00 00 06 00 00 00 00 07 00 00 00 00 08 00 00 00 00 09 00 00 00 00 0a 00 00 00 00 0b 00 00 00 00 0c 00 00 00 00 0d 00 00 00 00 0e 00 00 00 00 0f 00 00 00 00,00 84 04 10 00 f7 07 00 00 01 0c 08 00 00 02 c9 07 00 00 03 e0 07 00 00 04 f5 07 00 00 05 07 08 00 00 06 e7 07 00 00 07 db 07 00 00 08 fb 07 00 00 09 0d 08 00 00 0a f9 07 00 00 0b aa 07 00 00 0c f5 07 00 00 0d e0 07 00 00 0e bf 07 00 00 0f f3 07 00 00
5437000,00 84 04 10 00 00 00 00 00 01 00 00 00 00 02 00 00 00 00 03 00 00 00 00 04 00 00 00 00 05 00 00 00 00 06 00 00 00 00 07 00 00 00 00 08 00 00 00 00 09 00 00 00 00 0a 00 00 00 00 0b 00 00 00 00 0c 00 00 00 00 0d 00 00 00 00 0e 00 00 00 00 0f 00 00 00 00,00 84 04 10 00 f7 07 00 00 01 0c 08 00 00 02 c9 07 00 00 03 e0 07 00 00 04 f5 07 00 00 05 07 08 00 00 06 e7 07 00 00 07 db 07 00 00 08 fb 07 00 00 09 0d 08 00 00 0a f9 07 00 00 0b aa 07 00 00 0c f5 07 00 00 0d e0 07 00 00 0e bf 07 00 00 0f f3 07 00 00
5437000,00 84 04 10 00 00 00 00 00 01 00 00 00 00 02 00 00 00 00 03 00 00 00 00 04 00 00 00 00 05 00 00 00 00 06 00 00 00 00 07 00 00 00 00 08 00 00 00 00 09 00 00 00 00 0a 00 00 00 00 0b 00 00 00 00 0c 00 00 00 00 0d 00 00 00 00 0e 00 00 00 00 0f 00 00 00 00,00 84 04 10 00 f7 07 00 00 01 0c 08 00 00 02 c9 07 00 00 03 e0 07 00 00 04 f5 07 00 00 05 07 08 00 00 06 e7 07 00 00 07 db 07 00 00 08 fb 07 00 00 09 0d 08 00 00 0a f9 07 00 00 0b aa 07 00 00 0c f5 07 00 00 0d e0 07 00 00 0e bf 07 00 00 0f f3 07 00 00
5453000,00 84 04 10 00 00 00 00 00 01 00 00 00 00 02 00 00 00 00 03 00 00 00 00 04 00 00 00 00 05 00 00 00 00 06 00 00 00 00 07 00 00 00 00 08 00 00 00 00 09 00 00 00 00 0a 00 00 00 00 0b 00 00 00 00 0c 00 00 00 00 0d 00 00 00 00 0e 00 00 00 00 0f 00 00 00 00,00 84 04 10 00 f7 07 00 00 01 0c 08 00 00 02 c9 07 00 00 03 e0 07 00 00 04 f5 07 00 00 05 07 08 00 00 06 e7 07 00 00 07 db 07 00 00 08 fb 07 00 00 09 0d 08 00 00 0a f9 07 00 00 0b aa 07 00 00 0c f5 07 00 00 0d e0 07 00 00 0e bf 07 00 00 0f f3 07 00 00
5469000,00 84 04 10 00 00 00 00 00 01 00 00 00 00 02 00 00 00 00 03 00 00 00 00 04 00 00 00 00 05 00 00 00 00 06 00 00 00 00 07 00 00 00 00 08 00 00 00 00 09 00 00 00 00 0a 00 00 00 00 0b 00 00 00 00 0c 00 00 00 00 0d 00 00 00 00 0e 00 00 00 00 0f 00 00 00 00,00 84 04 10 00 f7 07 00 00 01 0c 08 00 00 02 c9 07 00 00 03 e0 07 00 00 04 f5 07 00 00 05 07 08 00 00 06 e7 07 00 00 07 db 07 00 00 08 fb 07 00 00 09 0d 08 00 00 0a f9 07 00 00 0b aa 07 00 00 0c f5 07 00 00 0d e0 07 00 00 0e bf 07 00 00 0f f3 07 00 00
5469000,00 84 04 10 00 00 00 00 00 01 00 00 00 00 02 00 00 00 00 03 00 00 00 00 04 00 00 00 00 05 00 00 00 00 06 00 00 00 00 07 00 00 00 00 08 00 00 00 00 09 00 00 00 00 0a 00 00 00 00 0b 00 00 00 00 0c 00 00 00 00 0d 00 00 00 00 0e 00 00 00 00 0f 00 00 00 00,00 84 04 10 00 f7 07 00 00 01 0c 08 00 00 02 c9 07 00 00 03 e0 07 00 00 04 f5 07 00 00 05 07 08 00 00 06 e7 07 00 00 07 db 07 00 00 08 fb 07 00 00 09 0d 08 00 00 0a f9 07 00 00 0b aa 07 00 00 0c f5 07 00 00 0d e0 07 00 00 0e bf 07 00 00 0f f3 07 00 00
5484000,00 84 04 10 00 00 00 00 00 01 00 00 00 00 02 00 00 00 00 03 00 00 00 00 04 00 00 00 00 05 00 00 00 00 06 00 00 00 00 07 00 00 00 00 08 00 00 00 00 09 00 00 00 00 0a 00 00 00 00 0b 00 00 00 00 0c 00 00 00 00 0d 00 00 00 00 0e 00 00 00 00 0f 00 00 00 00,00 84 04 10 00 f7 07 00 00 01 0c 08 00 00 02 c9 07 00 00 03 e0 07 00 00 04 f5 07 00 00 05 07 08 00 00 06 e7 07 00 00 07 db 07 00 00 08 fb 07 00 00 09 0d 08 00 00 0a f9 07 00 00 0b aa 07 00 00 0c f5 07 00 00 0d e0 07 00 00 0e bf 07 00 00 0f f3 07 00 00
5500000,00 84 04 10 00 00 00 00 00 01 00 00 00 00 02 00 00 00 00 03 00 00 00 00 04 00 00 00 00 05 00 00 00 00 06 00 00 00 00 07 00 00 00 00 08 00 00 00 00 09 00 00 00 00 0a 00 00 00 00 0b 00 00 00 00 0c 00 00 00 00 0d 00 00 00 00 0e 00 00 00 00 0f 00 00 00 00,00 84 04 10 00 f7 07 00 00 01 0c 08 00 00 02 c9 07 00 00 03 e0 07 00 00 04 f5 07 00 00 05 07 08 00 00 06 e7 07 00 00 07 db 07 00 00 08 fb 07 00 00 09 0d 08 00 00 0a f9 07 00 00 0b aa 07 00 00 0c f5 07 00 00 0d e0 07 00 00 0e bf 07 00 00 0f f3 07 00 00
5500000,00 84 04 10 00 00 00 00 00 01 00 00 00 00 02 00 00 00 00 03 00 00 00 00 04 00 00 00 00 05 00 00 00 00 06 00 00 00 00 07 00 00 00 00 08 00 00 00 00 09 00 00 00 00 0a 00 00 00 00 0b 00 00 00 00 0c 00 00 00 00 0d 00 00 00 00 0e 00 00 00 00 0f 00 00 00 00,00 84 04 10 00 f7 07 00 00 01 0c 08 00 00 02 c9 07 00 00 03 e0 07 00 00 04 f5 07 00 00 05 07 08 00 00 06 e7 07 00 00 07 db 07 00 00 08 fb 07 00 00 09 0d 08 00 00 0a f9 07 00 00 0b aa 07 00 00 0c f5 07 00 00 0d e0 07 00 00 0e bf 07 00 00 0f f3 07 00 00
5515000,00 84 04 10 00 00 00 00 00 01 00 00 00 00 02 00 00 00 00 03 00 00 00 00 04 00 00 00 00 05 00 00 00 00 06 00 00 00 00 07 00 00 00 00 08 00 00 00 00 09 00 00 00 00 0a 00 00 00 00 0b 00 00 00 00 0c 00 00 00 00 0d 00 00 00 00 0e 00 00 00 00 0f 00 00 00 00,00 84 04 10 00 f7 07 00 00 01 0c 08 00 00 02 c9 07 00 00 03 e0 07 00 00 04 f5 07 00 00 05 07 08 00 00 06 e7 07 00 00 07 db 07 00 00 08 fb 07 00 00 09 0d 08 00 00 0a f9 07 00 00 0b aa 07 00 00 0c f5 07 00 00 0d e0 07 00 00 0e bf 07 00 00 0f f3 07 00 00
5531000,00 84 04 10 00 00 00 00 00 01 00 00 00 00 02 00 00 00 00 03 00 00 00 00 04 00 00 00 00 05 00 00 00 00 06 00 00 00 00 07 00 00 00 00 08 00 00 00 00 09 00 00 00 00 0a 00 00 00 00 0b 00 00 00 00 0c 00 00 00 00 0d 00 00 00 00 0e 00 00 00 00 0f 00 00 00 00,00 84 04 10 00 f7 07 00 00 01 0c 08 00 00 02 c9 07 00 00 03 e0 07 00 00 04 f5 07 00 00 05 07 08 00 00 06 e7 07 00 00 07 db 07 00 00 08 fb 07 00 00 09 0d 08 00 00 0a f9 07 00 00 0b aa 07 00 00 0c f5 07 00 00 0d e0 07 00 00 0e bf 07 00 00 0f f3 07 00 00
5531000,00 84 04 10 00 00 00 00 00 01 00 00 00 00 02 00 00 00 00 03 00 00 00 00 04 00 00 00 00 05 00 00 00 00 06 00 00 00 00 07 00 00 00 00 08 00 00 00 00 09 00 00 00 00 0a 00 00 00 00 0b 00 00 00 00 0c 00 00 00 00 0d 00 00 00 00 0e 00 00 00 00 0f 00 00 00 00,00 84 04 10 00 f7 07 00 00 01 0c 08 00 00 02 c9 07 00 00 03 e0 07 00 00 04 f5 07 00 00 05 07 08 00 00 06 e7 07 00 00 07 db 07 00 00 08 fb 07 00 00 09 0d 08 00 00 0a f9 07 00 00 0b aa 07 00 00 0c f5 07 00 00 0d e0 07 00 00 0e bf 07 00 00 0f f3 07 00 00
5547000,00 84 04 10 00 00 00 00 00 01 00 00 00 00 02 00 00 00 00 03 00 00 00 00 04 00 00 00 00 05 00 00 00 00 06 00 00 00 00 07 00 00 00 00 08 00 00 00 00 09 00 00 00 00 0a 00 00 00 00 0b 00 00 00 00 0c 00 00 00 00 0d 00 00 00 00 0e 00 00 00 00 0f 00 00 00 00,00 84 04 10 00 f7 07 00 00 01 0c 08 00 00 02 c9 07 00 00 03 e0 07 00 00 04 f5 07 00 00 05 07 08 00 00 06 e7 07 00 00 07 db 07 00 00 08 fb 07 00 00 09 0d 08 00 00 0a f9 07 00 00 0b aa 07 00 00 0c f5 07 00 00 0d e0 07 00 00 0e bf 07 00 00 0f f3 07 00 00
5562000,00 84 04 10 00 00 00 00 00 01 00 00 00 00 02 00 00 00 00 03 00 00 00 00 04 00 00 00 00 05 00 00 00 00 06 00 00 00 00 07 00 00 00 00 08 00 00 00 00 09 00 00 00 00 0a 00 00 00 00 0b 00 00 00 00 0c 00 00 00 00 0d 00 00 00 00 0e 00 00 00 00 0f 00 00 00 00,00 84 04 10 00 f7 07 00 00 01 0c 08 00 00 02 c9 07 00 00 03 e0 07 00 00 04 f5 07 00 00 05 07 08 00 00 06 e7 07 00 00 07 db 07 00 00 08 fb 07 00 00 09 0d 08 00 00 0a f9 07 00 00 0b aa 07 00 00 0c f5 07 00 00 0d e0 07 00 00 0e bf 07 00 00 0f f3 07 00 00
5562000,00 84 04 10 00 00 00 00 00 01 00 00 00 00 02 00 00 00 00 03 00 00 00 00 04 00 00 00 00 05 00 00 00 00 06 00 00 00 00 07 00 00 00 00 08 00 00 00 00 09 00 00 00 00 0a 00 00 00 00 0b 00 00 00 00 0c 00 00 00 00 0d 00 00 00 00 0e 00 00 00 00 0f 00 00 00 00,00 84 04 10 00 f7 07 00 00 01 0c 08 00 00 02 c9 07 00 00 03 e0 07 00 00 04 f5 07 00 00 05 07 08 00 00 06 e7 07 00 00 07 db 07 00 00 08 fb 07 00 00 09 0d 08 00 00 0a f9 07 00 00 0b aa 07 00 00 0c f5 07 00 00 0d e0 07 00 00 0e bf 07 00 00 0f f3 07 00 00
5578000,00 84 04 10 00 00 00 00 00 01 00 00 00 00 02 00 00 00 00 03 00 00 00 00 04 00 00 00 00 05 00 00 00 00 06 00 00 00 00 07 00 00 00 00 08 00 00 00 00 09 00 00 00 00 0a 00 00 00 00 0b 00 00 00 00 0c 00 00 00 00 0d 00 00 00 00 0e 00 00 00 00 0f 00 00 00 00,00 84 04 10 00 f7 07 00 00 01 0c 08 00 00 02 c9 07 00 00 03 e0 07 00 00 04 f5 07 00 00 05 07 08 00 00 06 e7 07 00 00 07 db 07 00 00 08 fb 07 00 00 09 0d 08 00 00 0a f9 07 00 00 0b aa 07 00 00 0c f5 07 00 00 0d e0 07 00 00 0e bf 07 00 00 0f f3 07 00 00
5594000,00 84 04 10 00 00 00 00 00 01 00 00 00 00 02 00 00 00 00 03 00 00 00 00 04 00 00 00 00 05 00 00 00 00 06 00 00 00 00 07 00 00 00 00 08 00 00 00 00 09 00 00 00 00 0a 00 00 00 00 0b 00 00 00 00 0c 00 00 00 00 0d 00 00 00 00 0e 00 00 00 00 0f 00 00 00 00,00 84 04 10 00 f7 07 00 00 01 0c 08 00 00 02 c9 07 00 00 03 e0 07 00 00 04 f5 07 00 00 05 07 08 00 00 06 e7 07 00 00 07 db 07 00 00 08 fb 07 00 00 09 0d 08 00 00 0a f9 07 00 00 0b aa 07 00 00 0c f5 07 00 00 0d e0 07 00 00 0e bf 07 00 00 0f f3 07 00 00
5594000,00 84 04 10 00 00 00 00 00 01 00 00 00 00 02 00 00 00 00 03 00 00 00 00 04 00 00 00 00 05 00 00 00 00 06 00 00 00 00 07 00 00 00 00 08 00 00 00 00 09 00 00 00 00 0a 00 00 00 00 0b 00 00 00 00 0c 00 00 00 00 0d 00 00 00 00 0e 00 00 00 00 0f 00 00 00 00,00 84 04 10 00 f7 07 00 00 01 0c 08 00 00 02 c9 07 00 00 03 e0 07 00 00 04 f5 07 00 00 05 07 08 00 00 06 e7 07 00 00 07 db 07 00 00 08 fb 07 00 00 09 0d 08 00 00 0a f9 07 00 00 0b aa 07 00 00 0c f5 07 00 00 0d e0 07 00 00 0e bf 07 00 00 0f f3 07 00 00
5609000,00 84 04 10 00 00 00 00 00 01 00 00 00 00 02 00 00 00 00 03 00 00 00 00 04 00 00 00 00 05 00 00 00 00 06 00 00 00 00 07 00 00 00 00 08 00 00 00 00 09 00 00 00 00 0a 00 00 00 00 0b 00 00 00 00 0c 00 00 00 00 0d 00 00 00 00 0e 00 00 00 00 0f 00 00 00 00,00 84 04 10 00 f7 07 00 00 01 0c 08 00 00 02 c9 07 00 00 03 e0 07 00 00 04 f5 07 00 00 05 07 08 00 00 06 e7 07 00 00 07 db 07 00 00 08 fb 07 00 00 09 0d 08 00 00 0a f9 07 00 00 0b aa 07 00 00 0c f5 07 00 00 0d e0 07 00 00 0e bf 07 00 00 0f f3 07 00 00
5625000,00 84 04 10 00 00 00 00 00 01 00 00 00 00 02 00 00 00 00 03 00 00 00 00 04 00 00 00 00 05 00 00 00 00 06 00 00 00 00 07 00 00 00 00 08 00 00 00 00 09 00 00 00 00 0a 00 00 00 00 0b 00 00 00 00 0c 00 00 00 00 0d 00 00 00 00 0e 00 00 00 00 0f 00 00 00 00,00 84 04 10 00 f7 07 00 00 01 0c 08 00 00 02 c9 07 00 00 03 e0 07 00 00 04 f5 07 00 00 05 07 08 00 00 06 e7 07 00 00 07 db 07 00 00 08 fb 07 00 00 09 0d 08 00 00 0a f9 07 00 00 0b aa 07 00 00 0c f5 07 00 00 0d e0 07 00 00 0e bf 07 00 00 0f f3 07 00 00
5625000,00 84 04 10 00 00 00 00 00 01 00 00 00 00 02 00 00 00 00 03 00 00 00 00 04 00 00 00 00 05 00 00 00 00 06 00 00 00 00 07 00 00 00 00 08 00 00 00 00 09 00 00 00 00 0a 00 00 00 00 0b 00 00 00 00 0c 00 00 00 00 0d 00 00 00 00 0e 00 00 00 00 0f 00 00 00 00,00 84 04 10 00 f7 07 00 00 01 0c 08 00 00 02 c9 07 00 00 03 e0 07 00 00 04 f5 07 00 00 05 07 08 00 00 06 e7 07 00 00 07 db 07 00 00 08 fb 07 00 00 09 0d 08 00 00 0a f9 07 00 00 0b aa 07 00 00 0c f5 07 00 00 0d e0 07 00 00 0e bf 07 00 00 0f f3 07 00 00
5640000,00 84 04 10 00 00 00 00 00 01 00 00 00 00 02 00 00 00 00 03 00 00 00 00 04 00 00 00 00 05 00 00 00 00 06 00 00 00 00 07 00 00 00 00 08 00 00 00 00 09 00 00 00 00 0a 00 00 00 00 0b 00 00 00 00 0c 00 00 00 00 0d 00 00 00 00 0e 00 00 00 00 0f 00 00 00 00,00 84 04 10 00 f7 07 00 00 01 0c 08 00 00 02 c9 07 00 00 03 e0 07 00 00 04 f5 07 00 00 05 07 08 00 00 06 e7 07 00 00 07 db 07 00 00 08 fb 07 00 00 09 0d 08 00 00 0a f9 07 00 00 0b aa 07 00 00 0c f5 07 00 00 0d e0 07 00 00 0e bf 07 00 00 0f f3 07 00 00
5640000,00 84 04 10 00 00 00 00 00 01 00 00 00 00 02 00 00 00 00 03 00 00 00 00 04 00 00 00 00 05 00 00 00 00 06 00 00 00 00 07 00 00 00 00 08 00 00 00 00 09 00 00 00 00 0a 00 00 00 00 0b 00 00 00 00 0c 00 00 00 00 0d 00 00 00 00 0e 00 00 00 00 0f 00 00 00 00,00 84 04 10 00 f7 07 00 00 01 0c 08 00 00 02 c9 07 00 00 03 e0 07 00 00 04 f5 07 00 00 05 07 08 00 00 06 e7 07 00 00 07 db 07 00 00 08 fb 07 00 00 09 0d 08 00 00 0a f9 07 00 00 0b aa 07 00 00 0c f5 07 00 00 0d e0 07 00 00 0e bf 07 00 00 0f f3 07 00 00
5656000,00 84 04 10 00 00 00 00 00 01 00 00 00 00 02 00 00 00 00 03 00 00 00 00 04 00 00 00 00 05 00 00 00 00 06 00 00 00 00 07 00 00 00 00 08 00 00 00 00 09 00 00 00 00 0a 00 00 00 00 0b 00 00 00 00 0c 00 00 00 00 0d 00 00 00 00 0e 00 00 00 00 0f 00 00 00 00,00 84 04 10 00 f7 07 00 00 01 0c 08 00 00 02 c9 07 00 00 03 e0 07 00 00 04 f5 07 00 00 05 07 08 00 00 06 e7 07 00 00 07 db 07 00 00 08 fb 07 00 00 09 0d 08 00 00 0a f9 07 00 00 0b aa 07 00 00 0c f5 07 00 00 0d e0 07 00 00 0e bf 07 00 00 0f f3 07 00 00
5672000,00 84 04 10 00 00 00 00 00 01 00 00 00 00 02 00 00 00 00 03 00 00 00 00 04 00 00 00 00 05 00 00 00 00 06 00 00 00 00 07 00 00 00 00 08 00 00 00 00 09 00 00 00 00 0a 00 00 00 00 0b 00 00 00 00 0c 00 00 00 00 0d 00 00 00 00 0e 00 00 00 00 0f 00 00 00 00,00 84 04 10 00 f7 07 00 00 01 0c 08 00 00 02 c9 07 00 00 03 e0 07 00 00 04 f5 07 00 00 05 07 08 00 00 06 e6 07 00 00 07 db 07 00 00 08 fb 07 00 00 09 0d 08 00 00 0a f9 07 00 00 0b aa 07 00 00 0c f5 07 00 00 0d e0 07 00 00 0e bf 07 00 00 0f f3 07 00 00
5672000,00 84 04 10 00 00 00 00 00 01 00 00 00 00 02 00 00 00 00 03 00 00 00 00 04 00 00 00 00 05 00 00 00 00 06 00 00 00 00 07 00 00 00 00 08 00 00 00 00 09 00 00 00 00 0a 00 00 00 00 0b 00 00 00 00 0c 00 00 00 00 0d 00 00 00 00 0e 00 00 00 00 0f 00 00 00 00,00 84 04 10 00 f7 07 00 00 01 0c 08 00 00 02 c9 07 00 00 03 e0 07 00 00 04 f5 07 00 00 05 07 08 00 00 06 e7 07 00 00 07 db 07 00 00 08 fb 07 00 00 09 0d 08 00 00 0a f9 07 00 00 0b aa 07 00 00 0c f5 07 00 00 0d e0 07 00 00 0e bf 07 00 00 0f f3 07 00 00
5687000,00 84 04 10 00 00 00 00 00 01 00 00 00 00 02 00 00 00 00 03 00 00 00 00 04 00 00 00 00 05 00 00 00 00 06 00 00 00 00 07 00 00 00 00 08 00 00 00 00 09 00 00 00 00 0a 00 00 00 00 0b 00 00 00 00 0c 00 00 00 00 0d 00 00 00 00 0e 00 00 00 00 0f 00 00 00 00,00 84 04 10 00 f7 07 00 00 01 0c 08 00 00 02 c9 07 00 00 03 e0 07 00 00 04 f5 07 00 00 05 07 08 00 00 06 e7 07 00 00 07 db 07 00 00 08 fb 07 00 00 09 0d 08 00 00 0a f9 07 00 00 0b aa 07 00 00 0c f5 07 00 00 0d e0 07 00 00 0e bf 07 00 00 0f f3 07 00 00
5687000,00 84 04 10 00 00 00 00 00 01 00 00 00 00 02 00 00 00 00 03 00 00 00 00 04 00 00 00 00 05 00 00 00 00 06 00 00 00 00 07 00 00 00 00 08 00 00 00 00 09 00 00 00 00 0a 00 00 00 00 0b 00 00 00 00 0c 00 00 00 00 0d 00 00 00 00 0e 00 00 00 00 0f 00 00 00 00,00 84 04 10 00 f7 07 00 00 01 0c 08 00 00 02 c9 07 00 00 03 e0 07 00 00 04 f5 07 00 00 05 07 08 00 00 06 e7 07 00 00 07 db 07 00 00 08 fb 07 00 00 09 0d 08 00 00 0a f9 07 00 00 0b aa 07 00 00 0c f5 07 00 00 0d e0 07 00 00 0e bf 07 00 00 0f f3 07 00 00
5703000,00 84 04 10 00 00 00 00 00 01 00 00 00 00 02 00 00 00 00 03 00 00 00 00 04 00 00 00 00 05 00 00 00 00 06 00 00 00 00 07 00 00 00 00 08 00 00 00 00 09 00 00 00 00 0a 00 00 00 00 0b 00 00 00 00 0c 00 00 00 00 0d 00 00 00 00 0e 00 00 00 00 0f 00 00 00 00,00 84 04 10 00 f7 07 00 00 01 0c 08 00 00 02 c9 07 00 00 03 e0 07 00 00 04 f5 07 00 00 05 07 08 00 00 06 e7 07 00 00 07 db 07 00 00 08 fb 07 00 00 09 0d 08 00 00 0a f9 07 00 00 0b aa 07 00 00 0c f5 07 00 00 0d e0 07 00 00 0e bf 07 00 00 0f f3 07 00 00
5719000,00 84 04 10 00 00 00 00 00 01 00 00 00 00 02 00 00 00 00 03 00 00 00 00 04 00 00 00 00 05 00 00 00 00 06 00 00 00 00 07 00 00 00 00 08 00 00 00 00 09 00 00 00 00 0a 00 00 00 00 0b 00 00 00 00 0c 00 00 00 00 0d 00 00 00 00 0e 00 00 00 00 0f 00 00 00 00,00 84 04 10 00 f7 07 00 00 01 0c 08 00 00 02 c9 07 00 00 03 e0 07 00 00 04 f5 07 00 00 05 07 08 00 00 06 e7 07 00 00 07 db 07 00 00 08 fb 07 00 00 09 0d 08 00 00 0a f9 07 00 00 0b aa 07 00 00 0c f5 07 00 00 0d e0 07 00 00 0e bf 07 00 00 0f f3 07 00 00
5719000,00 84 04 10 00 00 00 00 00 01 00 00 00 00 02 00 00 00 00 03 00 00 00 00 04 00 00 00 00 05 00 00 00 00 06 00 00 00 00 07 00 00 00 00 08 00 00 00 00 09 00 00 00 00 0a 00 00 00 00 0b 00 00 00 00 0c 00 00 00 00 0d 00 00 00 00 0e 00 00 00 00 0f 00 00 00 00,00 84 04 10 00 f7 07 00 00 01 0c 08 00 00 02 c9 07 00 00 03 e0 07 00 00 04 f5 07 00 00 05 07 08 00 00 06 e7 07 00 00 07 db 07 00 00 08 fb 07 00 00 09 0d 08 00 00 0a f9 07 00 00 0b aa 07 00 00 0c f5 07 00 00 0d e0 07 00 00 0e bf 07 00 00 0f f3 07 00 00
5734000,00 84 04 10 00 00 00 00 00 01 00 00 00 00 02 00 00 00 00 03 00 00 00 00 04 00 00 00 00 05 00 00 00 00 06 00 00 00 00 07 00 00 00 00 08 00 00 00 00 09 00 00 00 00 0a 00 00 00 00 0b 00 00 00 00 0c 00 00 00 00 0d 00 00 00 00 0e 00 00 00 00 0f 00 00 00 00,00 84 04 10 00 f7 07 00 00 01 0c 08 00 00 02 c9 07 00 00 03 e0 07 00 00 04 f5 07 00 00 05 07 08 00 00 06 e7 07 00 00 07 db 07 00 00 08 fb 07 00 00 09 0d 08 00 00 0a f9 07 00 00 0b aa 07 00 00 0c f5 07 00 00 0d e0 07 00 00 0e bf 07 00 00 0f f3 07 00 00
5750000,00 84 04 10 00 00 00 00 00 01 00 00 00 00 02 00 00 00 00 03 00 00 00 00 04 00 00 00 00 05 00 00 00 00 06 00 00 00 00 07 00 00 00 00 08 00 00 00 00 09 00 00 00 00 0a 00 00 00 00 0b 00 00 00 00 0c 00 00 00 00 0d 00 00 00 00 0e 00 00 00 00 0f 00 00 00 00,00 84 04 10 00 f7 07 00 00 01 0c 08 00 00 02 c9 07 00 00 03 e0 07 00 00 04 f5 07 00 00 05 07 08 00 00 06 e7 07 00 00 07 db 07 00 00 08 fb 07 00 00 09 0d 08 00 00 0a f9 07 00 00 0b aa 07 00 00 0c f5 07 00 00 0d e0 07 00 00 0e bf 07 00 00 0f f3 07 00 00
5750000,00 84 04 10 00 00 00 00 00 01 00 00 00 00 02 00 00 00 00 03 00 00 00 00 04 00 00 00 00 05 00 00 00 00 06 00 00 00 00 07 00 00 00 00 08 00 00 00 00 09 00 00 00 00 0a 00 00 00 00 0b 00 00 00 00 0c 00 00 00 00 0d 00 00 00 00 0e 00 00 00 00 0f 00 00 00 00,00 84 04 10 00 f7 07 00 00 01 0c 08 00 00 02 c9 07 00 00 03 e0 07 00 00 04 f5 07 00 00 05 07 08 00 00 06 e7 07 00 00 07 db 07 00 00 08 fb 07 00 00 09 0d 08 00 00 0a f9 07 00 00 0b aa 07 00 00 0c f5 07 00 00 0d e0 07 00 00 0e bf 07 00 00 0f f3 07 00 00
5765000,00 84 04 10 00 00 00 00 00 01 00 00 00 00 02 00 00 00 00 03 00 00 00 00 04 00 00 00 00 05 00 00 00 00 06 00 00 00 00 07 00 00 00 00 08 00 00 00 00 09 00 00 00 00 0a 00 00 00 00 0b 00 00 00 00 0c 00 00 00 00 0d 00 00 00 00 0e 00 00 00 00 0f 00 00 00 00,00 84 04 10 00 f7 07 00 00 01 0c 08 00 00 02 c9 07 00 00 03 e0 07 00 00 04 f5 07 00 00 05 07 08 00 00 06 e7 07 00 00 07 db 07 00 00 08 fb 07 00 00 09 0d 08 00 00 0a f9 07 00 00 0b aa 07 00 00 0c f5 07 00 00 0d e0 07 00 00 0e bf 07 00 00 0f f3 07 00 00
5781000,00 84 04 10 00 00 00 00 00 01 00 00 00 00 02 00 00 00 00 03 00 00 00 00 04 00 00 00 00 05 00 00 00 00 06 00 00 00 00 07 00 00 00 00 08 00 00 00 00 09 00 00 00 00 0a 00 00 00 00 0b 00 00 00 00 0c 00 00 00 00 0d 00 00 00 00 0e 00 00 00 00 0f 00 00 00 00,00 84 04 10 00 f7 07 00 00 01 0c 08 00 00 02 c9 07 00 00 03 e0 07 00 00 04 f5 07 00 00 05 07 08 00 00 06 e7 07 00 00 07 db 07 00 00 08 fb 07 00 00 09 0d 08 00 00 0a f9 07 00 00 0b aa 07 00 00 0c f5 07 00 00 0d e0 07 00 00 0e bf 07 00 00 0f f3 07 00 00
5781000,00 84 04 10 00 00 00 00 00 01 00 00 00 00 02 00 00 00 00 03 00 00 00 00 04 00 00 00 00 05 00 00 00 00 06 00 00 00 00 07 00 00 00 00 08 00 00 00 00 09 00 00 00 00 0a 00 00 00 00 0b 00 00 00 00 0c 00 00 00 00 0d 00 00 00 00 0e 00 00 00 00 0f 00 00 00 00,00 84 04 10 00 f7 07 00 00 01 0c 08 00 00 02 c9 07 00 00 03 e0 07 00 00 04 f5 07 00 00 05 07 08 00 00 06 e7 07 00 00 07 db 07 00 00 08 fb 07 00 00 09 0d 08 00 00 0a f9 07 00 00 0b aa 07 00 00 0c f5 07 00 00 0d e0 07 00 00 0e bf 07 00 00 0f f3 07 00 00
5797000,00 84 04 10 00 00 00 00 00 01 00 00 00 00 02 00 00 00 00 03 00 00 00 00 04 00 00 00 00 05 00 00 00 00 06 00 00 00 00 07 00 00 00 00 08 00 00 00 00 09 00 00 00 00 0a 00 00 00 00 0b 00 00 00 00 0c 00 00 00 00 0d 00 00 00 00 0e 00 00 00 00 0f 00 00 00 00,00 84 04 10 00 f7 07 00 00 01 0c 08 00 00 02 c9 07 00 00 03 e0 07 00 00 04 f5 07 00 00 05 07 08 00 00 06 e7 07 00 00 07 db 07 00 00 08 fb 07 00 00 09 0d 08 00 00 0a f9 07 00 00 0b aa 07 00 00 0c f5 07 00 00 0d e0 07 00 00 0e bf 07 00 00 0f f3 07 00 00
5812000,00 84 04 10 00 00 00 00 00 01 00 00 00 00 02 00 00 00 00 03 00 00 00 00 04 00 00 00 00 05 00 00 00 00 06 00 00 00 00 07 00 00 00 00 08 00 00 00 00 09 00 00 00 00 0a 00 00 00 00 0b 00 00 00 00 0c 00 00 00 00 0d 00 00 00 00 0e 00 00 00 00 0f 00 00 00 00,00 84 04 10 00 f7 07 00 00 01 0c 08 00 00 02 c9 07 00 00 03 e0 07 00 00 04 f5 07 00 00 05 07 08 00 00 06 e7 07 00 00 07 db 07 00 00 08 fb 07 00 00 09 0d 08 00 00 0a f9 07 00 00 0b aa 07 00 00 0c f5 07 00 00 0d e0 07 00 00 0e bf 07 00 00 0f f3 07 00 00
5812000,00 84 04 10 00 00 00 00 00 01 00 00 00 00 02 00 00 00 00 03 00 00 00 00 04 00 00 00 00 05 00 00 00 00 06 00 00 00 00 07 00 00 00 00 08 00 00 00 00 09 00 00 00 00 0a 00 00 00 00 0b 00 00 00 00 0c 00 00 00 00 0d 00 00 00 00 0e 00 00 00 00 0f 00 00 00 00,00 84 04 10 00 f7 07 00 00 01 0c 08 00 00 02 c9 07 00 00 03 e0 07 00 00 04 f5 07 00 00 05 07 08 00 00 06 e7 07 00 00 07 db 07 00 00 08 fb 07 00 00 09 0d 08 00 00 0a f9 07 00 00 0b aa 07 00 00 0c f5 07 00 00 0d e0 07 00 00 0e bf 07 00 00 0f f3 07 00 00
5828000,00 84 04 10 00 00 00 00 00 01 00 00 00 00 02 00 00 00 00 03 00 00 00 00 04 00 00 00 00 05 00 00 00 00 06 00 00 00 00 07 00 00 00 00 08 00 00 00 00 09 00 00 00 00 0a 00 00 00 00 0b 00 00 00 00 0c 00 00 00 00 0d 00 00 00 00 0e 00 00 00 00 0f 00 00 00 00,00 84 04 10 00 f7 07 00 00 01 0c 08 00 00 02 c9 07 00 00 03 e0 07 00 00 04 f5 07 00 00 05 07 08 00 00 06 e7 07 00 00 07 db 07 00 00 08 fb 07 00 00 09 0d 08 00 00 0a f9 07 00 00 0b aa 07 00 00 0c f5 07 00 00 0d e0 07 00 00 0e bf 07 00 00 0f f3 07 00 00
5828000,00 84 04 10 00 00 00 00 00 01 00 00 00 00 02 00 00 00 00 03 00 00 00 00 04 00 00 00 00 05 00 00 00 00 06 00 00 00 00 07 00 00 00 00 08 00 00 00 00 09 00 00 00 00 0a 00 00 00 00 0b 00 00 00 00 0c 00 00 00 00 0d 00 00 00 00 0e 00 00 00 00 0f 00 00 00 00,00 84 04 10 00 f7 07 00 00 01 0c 08 00 00 02 c9 07 00 00 03 e0 07 00 00 04 f5 07 00 00 05 07 08 00 00 06 e7 07 00 00 07 db 07 00 00 08 fb 07 00 00 09 0d 08 00 00 0a f9 07 00 00 0b aa 07 00 00 0c f5 07 00 00 0d e0 07 00 00 0e bf 07 00 00 0f f3 07 00 00
5844000,00 84 04 10 00 00 00 00 00 01 00 00 00 00 02 00 00 00 00 03 00 00 00 00 04 00 00 00 00 05 00 00 00 00 06 00 00 00 00 07 00 00 00 00 08 00 00 00 00 09 00 00 00 00 0a 00 00 00 00 0b 00 00 00 00 0c 00 00 00 00 0d 00 00 00 00 0e 00 00 00 00 0f 00 00 00 00,00 84 04 10 00 f7 07 00 00 01 0c 08 00 00 02 c9 07 00 00 03 e0 07 00 00 04 f5 07 00 00 05 07 08 00 00 06 e7 07 00 00 07 db 07 00 00 08 fb 07 00 00 09 0d 08 00 00 0a f9 07 00 00 0b aa 07 00 00 0c f5 07 00 00 0d e0 07 00 00 0e bf 07 00 00 0f f3 07 00 00
5859000,00 84 04 10 00 00 00 00 00 01 00 00 00 00 02 00 00 00 00 03 00 00 00 00 04 00 00 00 00 05 00 00 00 00 06 00 00 00 00 07 00 00 00 00 08 00 00 00 00 09 00 00 00 00 0a 00 00 00 00 0b 00 00 00 00 0c 00 00 00 00 0d 00 00 00 00 0e 00 00 00 00 0f 00 00 00 00,00 84 04 10 00 f7 07 00 00 01 0c 08 00 00 02 c9 07 00 00 03 e0 07 00 00 04 f5 07 00 00 05 07 08 00 00 06 e7 07 00 00 07 db 07 00 00 08 fb 07 00 00 09 0d 08 00 00 0a f9 07 00 00 0b aa 07 00 00 0c f5 07 00 00 0d e0 07 00 00 0e bf 07 00 00 0f f3 07 00 00
5859000,00 84 04 10 00 00 00 00 00 01 00 00 00 00 02 00 00 00 00 03 00 00 00 00 04 00 00 00 00 05 00 00 00 00 06 00 00 00 00 07 00 00 00 00 08 00 00 00 00 09 00 00 00 00 0a 00 00 00 00 0b 00 00 00 00 0c 00 00 00 00 0d 00 00 00 00 0e 00 00 00 00 0f 00 00 00 00,00 84 04 10 00 f7 07 00 00 01 0c 08 00 00 02 c9 07 00 00 03 e0 07 00 00 04 f5 07 00 00 05 07 08 00 00 06 e7 07 00 00 07 db 07 00 00 08 fb 07 00 00 09 0d 08 00 00 0a f9 07 00 00 0b aa 07 00 00 0c f5 07 00 00 0d e0 07 00 00 0e bf 07 00 00 0f f3 07 00 00
5875000,00 84 04 10 00 00 00 00 00 01 00 00 00 00 02 00 00 00 00 03 00 00 00 00 04 00 00 00 00 05 00 00 00 00 06 00 00 00 00 07 00 00 00 00 08 00 00 00 00 09 00 00 00 00 0a 00 00 00 00 0b 00 00 00 00 0c 00 00 00 00 0d 00 00 00 00 0e 00 00 00 00 0f 00 00 00 00,00 84 04 10 00 f7 07 00 00 01 0c 08 00 00 02 c9 07 00 00 03 e0 07 00 00 04 f5 07 00 00 05 07 08 00 00 06 e7 07 00 00 07 db 07 00 00 08 fb 07 00 00 09 0d 08 00 00 0a f9 07 00 00 0b aa 07 00 00 0c f5 07 00 00 0d e0 07 00 00 0e bf 07 00 00 0f f3 07 00 00
5890000,00 84 04 10 00 00 00 00 00 01 00 00 00 00 02 00 00 00 00 03 00 00 00 00 04 00 00 00 00 05 00 00 00 00 06 00 00 00 00 07 00 00 00 00 08 00 00 00 00 09 00 00 00 00 0a 00 00 00 00 0b 00 00 00 00 0c 00 00 00 00 0d 00 00 00 00 0e 00 00 00 00 0f 00 00 00 00,00 84 04 10 00 f7 07 00 00 01 0c 08 00 00 02 c9 07 00 00 03 e0 07 00 00 04 f5 07 00 00 05 07 08 00 00 06 e7 07 00 00 07 db 07 00 00 08 fb 07 00 00 09 0d 08 00 00 0a f9 07 00 00 0b aa 07 00 00 0c f5 07 00 00 0d e0 07 00 00 0e bf 07 00 00 0f f3 07 00 00
5906000,00 84 04 10 00 00 00 00 00 01 00 00 00 00 02 00 00 00 00 03 00 00 00 00 04 00 00 00 00 05 00 00 00 00 06 00 00 00 00 07 00 00 00 00 08 00 00 00 00 09 00 00 00 00 0a 00 00 00 00 0b 00 00 00 00 0c 00 00 00 00 0d 00 00 00 00 0e 00 00 00 00 0f 00 00 00 00,00 84 04 10 00 f7 07 00 00 01 0c 08 00 00 02 c9 07 00 00 03 e0 07 00 00 04 f5 07 00 00 05 07 08 00 00 06 e7 07 00 00 07 db 07 00 00 08 fb 07 00 00 09 0d 08 00 00 0a f9 07 00 00 0b aa 07 00 00 0c f5 07 00 00 0d e0 07 00 00 0e bf 07 00 00 0f f3 07 00 00
5906000,00 84 04 10 00 00 00 00 00 01 00 00 00 00 02 00 00 00 00 03 00 00 00 00 04 00 00 00 00 05 00 00 00 00 06 00 00 00 00 07 00 00 00 00 08 00 00 00 00 09 00 00 00 00 0a 00 00 00 00 0b 00 00 00 00 0c 00 00 00 00 0d 00 00 00 00 0e 00 00 00 00 0f 00 00 00 00,00 84 04 10 00 f7 07 00 00 01 0c 08 00 00 02 c9 07 00 00 03 e0 07 00 00 04 f5 07 00 00 05 07 08 00 00 06 e7 07 00 00 07 db 07 00 00 08 fb 07 00 00 09 0d 08 00 00 0a f9 07 00 00 0b aa 07 00 00 0c f5 07 00 00 0d e0 07 00 00 0e bf 07 00 00 0f f3 07 00 00
5922000,00 84 04 10 00 00 00 00 00 01 00 00 00 00 02 00 00 00 00 03 00 00 00 00 04 00 00 00 00 05 00 00 00 00 06 00 00 00 00 07 00 00 00 00 08 00 00 00 00 09 00 00 00 00 0a 00 00 00 00 0b 00 00 00 00 0c 00 00 00 00 0d 00 00 00 00 0e 00 00 00 00 0f 00 00 00 00,00 84 04 10 00 f7 07 00 00 01 0c 08 00 00 02 c9 07 00 00 03 e0 07 00 00 04 f5 07 00 00 05 07 08 00 00 06 e7 07 00 00 07 db 07 00 00 08 fb 07 00 00 09 0d 08 00 00 0a f9 07 00 00 0b aa 07 00 00 0c f5 07 00 00 0d e0 07 00 00 0e bf 07 00 00 0f f3 07 00 00
5937000,00 84 04 10 00 00 00 00 00 01 00 00 00 00 02 00 00 00 00 03 00 00 00 00 04 00 00 00 00 05 00 00 00 00 06 00 00 00 00 07 00 00 00 00 08 00 00 00 00 09 00 00 00 00 0a 00 00 00 00 0b 00 00 00 00 0c 00 00 00 00 0d 00 00 00 00 0e 00 00 00 00 0f 00 00 00 00,00 84 04 10 00 f7 07 00 00 01 0c 08 00 00 02 c9 07 00 00 03 e0 07 00 00 04 f5 07 00 00 05 07 08 00 00 06 e7 07 00 00 07 db 07 00 00 08 fb 07 00 00 09 0d 08 00 00 0a f9 07 00 00 0b aa 07 00 00 0c f4 07 00 00 0d e0 07 00 00 0e bf 07 00 00 0f f3 07 00 00
5937000,00 84 04 10 00 00 00 00 00 01 00 00 00 00 02 00 00 00 00 03 00 00 00 00 04 00 00 00 00 05 00 00 00 00 06 00 00 00 00 07 00 00 00 00 08 00 00 00 00 09 00 00 00 00 0a 00 00 00 00 0b 00 00 00 00 0c 00 00 00 00 0d 00 00 00 00 0e 00 00 00 00 0f 00 00 00 00,00 84 04 10 00 f7 07 00 00 01 0c 08 00 00 02 c9 07 00 00 03 e0 07 00 00 04 f5 07 00 00 05 07 08 00 00 06 e7 07 00 00 07 db 07 00 00 08 fb 07 00 00 09 0d 08 00 00 0a f9 07 00 00 0b aa 07 00 00 0c f5 07 00 00 0d e0 07 00 00 0e bf 07 00 00 0f f3 07 00 00
5953000,00 84 04 10 00 00 00 00 00 01 00 00 00 00 02 00 00 00 00 03 00 00 00 00 04 00 00 00 00 05 00 00 00 00 06 00 00 00 00 07 00 00 00 00 08 00 00 00 00 09 00 00 00 00 0a 00 00 00 00 0b 00 00 00 00 0c 00 00 00 00 0d 00 00 00 00 0e 00 00 00 00 0f 00 00 00 00,00 84 04 10 00 f7 07 00 00 01 0c 08 00 00 02 c9 07 00 00 03 e0 07 00 00 04 f5 07 00 00 05 07 08 00 00 06 e7 07 00 00 07 db 07 00 00 08 fb 07 00 00 09 0d 08 00 00 0a f9 07 00 00 0b aa 07 00 00 0c f5 07 00 00 0d e0 07 00 00 0e bf 07 00 00 0f f3 07 00 00
5969000,00 84 04 10 00 00 00 00 00 01 00 00 00 00 02 00 00 00 00 03 00 00 00 00 04 00 00 00 00 05 00 00 00 00 06 00 00 00 00 07 00 00 00 00 08 00 00 00 00 09 00 00 00 00 0a 00 00 00 00 0b 00 00 00 00 0c 00 00 00 00 0d 00 00 00 00 0e 00 00 00 00 0f 00 00 00 00,00 84 04 10 00 f7 07 00 00 01 0c 08 00 00 02 c9 07 00 00 03 e0 07 00 00 04 f5 07 00 00 05 07 08 00 00 06 e7 07 00 00 07 db 07 00 00 08 fb 07 00 00 09 0d 08 00 00 0a f9 07 00 00 0b aa 07 00 00 0c f5 07 00 00 0d e0 07 00 00 0e bf 07 00 00 0f f3 07 00 00
5969000,00 84 04 10 00 00 00 00 00 01 00 00 00 00 02 00 00 00 00 03 00 00 00 00 04 00 00 00 00 05 00 00 00 00 06 00 00 00 00 07 00 00 00 00 08 00 00 00 00 09 00 00 00 00 0a 00 00 00 00 0b 00 00 00 00 0c 00 00 00 00 0d 00 00 00 00 0e 00 00 00 00 0f 00 00 00 00,00 84 04 10 00 f7 07 00 00 01 0c 08 00 00 02 c9 07 00 00 03 e0 07 00 00 04 f5 07 00 00 05 07 08 00 00 06 e7 07 00 00 07 db 07 00 00 08 fb 07 00 00 09 0d 08 00 00 0a f9 07 00 00 0b aa 07 00 00 0c f5 07 00 00 0d e0 07 00 00 0e bf 07 00 00 0f f3 07 00 00
5984000,00 84 04 10 00 00 00 00 00 01 00 00 00 00 02 00 00 00 00 03 00 00 00 00 04 00 00 00 00 05 00 00 00 00 06 00 00 00 00 07 00 00 00 00 08 00 00 00 00 09 00 00 00 00 0a 00 00 00 00 0b 00 00 00 00 0c 00 00 00 00 0d 00 00 00 00 0e 00 00 00 00 0f 00 00 00 00,00 84 04 10 00 f7 07 00 00 01 0c 08 00 00 02 c9 07 00 00 03 e0 07 00 00 04 f5 07 00 00 05 07 08 00 00 06 e7 07 00 00 07 db 07 00 00 08 fb 07 00 00 09 0d 08 00 00 0a f9 07 00 00 0b aa 07 00 00 0c f5 07 00 00 0d e0 07 00 00 0e bf 07 00 00 0f f3 07 00 00
6000000,00 84 04 10 00 00 00 00 00 01 00 00 00 00 02 00 00 00 00 03 00 00 00 00 04 00 00 00 00 05 00 00 00 00 06 00 00 00 00 07 00 00 00 00 08 00 00 00 00 09 00 00 00 00 0a 00 00 00 00 0b 00 00 00 00 0c 00 00 00 00 0d 00 00 00 00 0e 00 00 00 00 0f 00 00 00 00,00 84 04 10 00 f7 07 00 00 01 0c 08 00 00 02 c9 07 00 00 03 e0 07 00 00 04 f5 07 00 00 05 07 08 00 00 06 e7 07 00 00 07 db 07 00 00 08 fb 07 00 00 09 0d 08 00 00 0a f9 07 00 00 0b aa 07 00 00 0c f5 07 00 00 0d e0 07 00 00 0e bf 07 00 00 0f f3 07 00 00
6000000,00 84 04 10 00 00 00 00 00 01 00 00 00 00 02 00 00 00 00 03 00 00 00 00 04 00 00 00 00 05 00 00 00 00 06 00 00 00 00 07 00 00 00 00 08 00 00 00 00 09 00 00 00 00 0a 00 00 00 00 0b 00 00 00 00 0c 00 00 00 00 0d 00 00 00 00 0e 00 00 00 00 0f 00 00 00 00,00 84 04 10 00 f7 07 00 00 01 0c 08 00 00 02 c9 07 00 00 03 e0 07 00 00 04 f5 07 00 00 05 07 08 00 00 06 e7 07 00 00 07 db 07 00 00 08 fb 07 00 00 09 0d 08 00 00 0a f9 07 00 00 0b aa 07 00 00 0c f5 07 00 00 0d e0 07 00 00 0e bf 07 00 00 0f f3 07 00 00
6015000,00 84 04 10 00 00 00 00 00 01 00 00 00 00 02 00 00 00 00 03 00 00 00 00 04 00 00 00 00 05 00 00 00 00 06 00 00 00 00 07 00 00 00 00 08 00 00 00 00 09 00 00 00 00 0a 00 00 00 00 0b 00 00 00 00 0c 00 00 00 00 0d 00 00 00 00 0e 00 00 00 00 0f 00 00 00 00,00 84 04 10 00 f7 07 00 00 01 0c 08 00 00 02 c9 07 00 00 03 e0 07 00 00 04 f5 07 00 00 05 07 08 00 00 06 e7 07 00 00 07 db 07 00 00 08 fb 07 00 00 09 0d 08 00 00 0a f9 07 00 00 0b aa 07 00 00 0c f5 07 00 00 0d e0 07 00 00 0e bf 07 00 00 0f f3 07 00 00
6031000,00 84 04 10 00 00 00 00 00 01 00 00 00 00 02 00 00 00 00 03 00 00 00 00 04 00 00 00 00 05 00 00 00 00 06 00 00 00 00 07 00 00 00 00 08 00 00 00 00 09 00 00 00 00 0a 00 00 00 00 0b 00 00 00 00 0c 00 00 00 00 0d 00 00 00 00 0e 00 00 00 00 0f 00 00 00 00,00 84 04 10 00 f7 07 00 00 01 0c 08 00 00 02 c9 07 00 00 03 e0 07 00 00 04 f5 07 00 00 05 07 08 00 00 06 e7 07 00 00 07 db 07 00 00 08 fb 07 00 00 09 0d 08 00 00 0a f9 07 00 00 0b aa 07 00 00 0c f5 07 00 00 0d e0 07 00 00 0e bf 07 00 00 0f f3 07 00 00
6047000,00 84 04 10 00 00 00 00 00 01 00 00 00 00 02 00 00 00 00 03 00 00 00 00 04 00 00 00 00 05 00 00 00 00 06 00 00 00 00 07 00 00 00 00 08 00 00 00 00 09 00 00 00 00 0a 00 00 00 00 0b 00 00 00 00 0c 00 00 00 00 0d 00 00 00 00 0e 00 00 00 00 0f 00 00 00 00,00 84 04 10 00 f7 07 00 00 01 0c 08 00 00 02 c9 07 00 00 03 e0 07 00 00 04 f5 07 00 00 05 07 08 00 00 06 e7 07 00 00 07 db 07 00 00 08 fb 07 00 00 09 0d 08 00 00 0a f9 07 00 00 0b aa 07 00 00 0c f5 07 00 00 0d e0 07 00 00 0e bf 07 00 00 0f f3 07 00 00
6047000,00 84 04 10 00 00 00 00 00 01 00 00 00 00 02 00 00 00 00 03 00 00 00 00 04 00 00 00 00 05 00 00 00 00 06 00 00 00 00 07 00 00 00 00 08 00 00 00 00 09 00 00 00 00 0a 00 00 00 00 0b 00 00 00 00 0c 00 00 00 00 0d 00 00 00 00 0e 00 00 00 00 0f 00 00 00 00,00 84 04 10 00 f7 07 00 00 01 0c 08 00 00 02 c9 07 00 00 03 e0 07 00 00 04 f5 07 00 00 05 07 08 00 00 06 e7 07 00 00 07 db 07 00 00 08 fb 07 00 00 09 0d 08 00 00 0a f9 07 00 00 0b aa 07 00 00 0c f5 07 00 00 0d e0 07 00 00 0e bf 07 00 00 0f f3 07 00 00
6062000,00 84 04 10 00 00 00 00 00 01 00 00 00 00 02 00 00 00 00 03 00 00 00 00 04 00 00 00 00 05 00 00 00 00 06 00 00 00 00 07 00 00 00 00 08 00 00 00 00 09 00 00 00 00 0a 00 00 00 00 0b 00 00 00 00 0c 00 00 00 00 0d 00 00 00 00 0e 00 00 00 00 0f 00 00 00 00,00 84 04 10 00 f7 07 00 00 01 0c 08 00 00 02 c9 07 00 00 03 e0 07 00 00 04 f5 07 00 00 05 07 08 00 00 06 e7 07 00 00 07 db 07 00 00 08 fb 07 00 00 09 0d 08 00 00 0a f9 07 00 00 0b aa 07 00 00 0c f5 07 00 00 0d e0 07 00 00 0e bf 07 00 00 0f f3 07 00 00
6078000,00 84 04 10 00 00 00 00 00 01 00 00 00 00 02 00 00 00 00 03 00 00 00 00 04 00 00 00 00 05 00 00 00 00 06 00 00 00 00 07 00 00 00 00 08 00 00 00 00 09 00 00 00 00 0a 00 00 00 00 0b 00 00 00 00 0c 00 00 00 00 0d 00 00 00 00 0e 00 00 00 00 0f 00 00 00 00,00 84 04 10 00 f7 07 00 00 01 0c 08 00 00 02 c9 07 00 00 03 e0 07 00 00 04 f5 07 00 00 05 07 08 00 00 06 e7 07 00 00 07 db 07 00 00 08 fb 07 00 00 09 0d 08 00 00 0a f9 07 00 00 0b aa 07 00 00 0c f5 07 00 00 0d e0 07 00 00 0e bf 07 00 00 0f f3 07 00 00
6094000,00 84 04 10 00 00 00 00 00 01 00 00 00 00 02 00 00 00 00 03 00 00 00 00 04 00 00 00 00 05 00 00 00 00 06 00 00 00 00 07 00 00 00 00 08 00 00 00 00 09 00 00 00 00 0a 00 00 00 00 0b 00 00 00 00 0c 00 00 00 00 0d 00 00 00 00 0e 00 00 00 00 0f 00 00 00 00,00 84 04 10 00 f7 07 00 00 01 0c 08 00 00 02 c9 07 00 00 03 e0 07 00 00 04 f5 07 00 00 05 07 08 00 00 06 e7 07 00 00 07 db 07 00 00 08 fb 07 00 00 09 0d 08 00 00 0a f9 07 00 00 0b aa 07 00 00 0c f5 07 00 00 0d e0 07 00 00 0e bf 07 00 00 0f f3 07 00 00
6094000,00 84 04 10 00 00 00 00 00 01 00 00 00 00 02 00 00 00 00 03 00 00 00 00 04 00 00 00 00 05 00 00 00 00 06 00 00 00 00 07 00 00 00 00 08 00 00 00 00 09 00 00 00 00 0a 00 00 00 00 0b 00 00 00 00 0c 00 00 00 00 0d 00 00 00 00 0e 00 00 00 00 0f 00 00 00 00,00 84 04 10 00 f7 07 00 00 01 0c 08 00 00 02 c9 07 00 00 03 e0 07 00 00 04 f5 07 00 00 05 07 08 00 00 06 e7 07 00 00 07 db 07 00 00 08 fb 07 00 00 09 0d 08 00 00 0a f9 07 00 00 0b aa 07 00 00 0c f5 07 00 00 0d e0 07 00 00 0e bf 07 00 00 0f f3 07 00 00
6125000,00 84 04 10 00 00 00 00 00 01 00 00 00 00 02 00 00 00 00 03 00 00 00 00 04 00 00 00 00 05 00 00 00 00 06 00 00 00 00 07 00 00 00 00 08 00 00 00 00 09 00 00 00 00 0a 00 00 00 00 0b 00 00 00 00 0c 00 00 00 00 0d 00 00 00 00 0e 00 00 00 00 0f 00 00 00 00,00 84 04 10 00 f7 07 00 00 01 0c 08 00 00 02 c9 07 00 00 03 e0 07 00 00 04 f5 07 00 00 05 07 08 00 00 06 e7 07 00 00 07 db 07 00 00 08 fb 07 00 00 09 0d 08 00 00 0a f9 07 00 00 0b aa 07 00 00 0c f5 07 00 00 0d e0 07 00 00 0e bf 07 00 00 0f f3 07 00 00
6125000,00 84 04 10 00 00 00 00 00 01 00 00 00 00 02 00 00 00 00 03 00 00 00 00 04 00 00 00 00 05 00 00 00 00 06 00 00 00 00 07 00 00 00 00 08 00 00 00 00 09 00 00 00 00 0a 00 00 00 00 0b 00 00 00 00 0c 00 00 00 00 0d 00 00 00 00 0e 00 00 00 00 0f 00 00 00 00,00 84 04 10 00 f7 07 00 00 01 0c 08 00 00 02 c9 07 00 00 03 e0 07 00 00 04 f5 07 00 00 05 07 08 00 00 06 e7 07 00 00 07 db 07 00 00 08 fb 07 00 00 09 0d 08 00 00 0a f9 07 00 00 0b aa 07 00 00 0c f5 07 00 00 0d e0 07 00 00 0e bf 07 00 00 0f f3 07 00 00
6140000,00 84 04 10 00 00 00 00 00 01 00 00 00 00 02 00 00 00 00 03 00 00 00 00 04 00 00 00 00 05 00 00 00 00 06 00 00 00 00 07 00 00 00 00 08 00 00 00 00 09 00 00 00 00 0a 00 00 00 00 0b 00 00 00 00 0c 00 00 00 00 0d 00 00 00 00 0e 00 00 00 00 0f 00 00 00 00,00 84 04 10 00 f7 07 00 00 01 0c 08 00 00 02 c9 07 00 00 03 e0 07 00 00 04 f5 07 00 00 05 07 08 00 00 06 e7 07 00 00 07 db 07 00 00 08 fb 07 00 00 09 0d 08 00 00 0a f9 07 00 00 0b aa 07 00 00 0c f5 07 00 00 0d e0 07 00 00 0e bf 07 00 00 0f f3 07 00 00
6156000,00 84 04 10 00 00 00 00 00 01 00 00 00 00 02 00 00 00 00 03 00 00 00 00 04 00 00 00 00 05 00 00 00 00 06 00 00 00 00 07 00 00 00 00 08 00 00 00 00 09 00 00 00 00 0a 00 00 00 00 0b 00 00 00 00 0c 00 00 00 00 0d 00 00 00 00 0e 00 00 00 00 0f 00 00 00 00,00 84 04 10 00 f7 07 00 00 01 0c 08 00 00 02 c9 07 00 00 03 e0 07 00 00 04 f5 07 00 00 05 07 08 00 00 06 e7 07 00 00 07 db 07 00 00 08 fb 07 00 00 09 0d 08 00 00 0a f9 07 00 00 0b aa 07 00 00 0c f5 07 00 00 0d e0 07 00 00 0e bf 07 00 00 0f f3 07 00 00
6156000,00 84 04 10 00 00 00 00 00 01 00 00 00 00 02 00 00 00 00 03 00 00 00 00 04 00 00 00 00 05 00 00 00 00 06 00 00 00 00 07 00 00 00 00 08 00 00 00 00 09 00 00 00 00 0a 00 00 00 00 0b 00 00 00 00 0c 00 00 00 00 0d 00 00 00 00 0e 00 00 00 00 0f 00 00 00 00,00 84 04 10 00 f7 07 00 00 01 0c 08 00 00 02 c9 07 00 00 03 e0 07 00 00 04 f5 07 00 00 05 07 08 00 00 06 e7 07 00 00 07 db 07 00 00 08 fb 07 00 00 09 0d 08 00 00 0a f9 07 00 00 0b aa 07 00 00 0c f5 07 00 00 0d e0 07 00 00 0e bf 07 00 00 0f f3 07 00 00
6172000,00 84 04 10 00 00 00 00 00 01 00 00 00 00 02 00 00 00 00 03 00 00 00 00 04 00 00 00 00 05 00 00 00 00 06 00 00 00 00 07 00 00 00 00 08 00 00 00 00 09 00 00 00 00 0a 00 00 00 00 0b 00 00 00 00 0c 00 00 00 00 0d 00 00 00 00 0e 00 00 00 00 0f 00 00 00 00,00 84 04 10 00 f7 07 00 00 01 0c 08 00 00 02 c9 07 00 00 03 e0 07 00 00 04 f5 07 00 00 05 07 08 00 00 06 e7 07 00 00 07 db 07 00 00 08 fb 07 00 00 09 0d 08 00 00 0a f9 07 00 00 0b aa 07 00 00 0c f5 07 00 00 0d e0 07 00 00 0e bf 07 00 00 0f f3 07 00 00
6187000,00 84 04 10 00 00 00 00 00 01 00 00 00 00 02 00 00 00 00 03 00 00 00 00 04 00 00 00 00 05 00 00 00 00 06 00 00 00 00 07 00 00 00 00 08 00 00 00 00 09 00 00 00 00 0a 00 00 00 00 0b 00 00 00 00 0c 00 00 00 00 0d 00 00 00 00 0e 00 00 00 00 0f 00 00 00 00,00 84 04 10 00 f7 07 00 00 01 0c 08 00 00 02 c9 07 00 00 03 e0 07 00 00 04 f5 07 00 00 05 07 08 00 00 06 e7 07 00 00 07 db 07 00 00 08 fb 07 00 00 09 0d 08 00 00 0a f9 07 00 00 0b aa 07 00 00 0c f5 07 00 00 0d e0 07 00 00 0e bf 07 00 00 0f f3 07 00 00
6187000,00 84 04 10 00 00 00 00 00 01 00 00 00 00 02 00 00 00 00 03 00 00 00 00 04 00 00 00 00 05 00 00 00 00 06 00 00 00 00 07 00 00 00 00 08 00 00 00 00 09 00 00 00 00 0a 00 00 00 00 0b 00 00 00 00 0c 00 00 00 00 0d 00 00 00 00 0e 00 00 00 00 0f 00 00 00 00,00 84 04 10 00 f7 07 00 00 01 0c 08 00 00 02 c9 07 00 00 03 e0 07 00 00 04 f5 07 00 00 05 07 08 00 00 06 e7 07 00 00 07 db 07 00 00 08 fb 07 00 00 09 0d 08 00 00 0a f9 07 00 00 0b aa 07 00 00 0c f5 07 00 00 0d e0 07 00 00 0e bf 07 00 00 0f f3 07 00 00
6203000,00 84 04 10 00 00 00 00 00 01 00 00 00 00 02 00 00 00 00 03 00 00 00 00 04 00 00 00 00 05 00 00 00 00 06 00 00 00 00 07 00 00 00 00 08 00 00 00 00 09 00 00 00 00 0a 00 00 00 00 0b 00 00 00 00 0c 00 00 00 00 0d 00 00 00 00 0e 00 00 00 00 0f 00 00 00 00,00 84 04 10 00 f7 07 00 00 01 0c 08 00 00 02 c9 07 00 00 03 e0 07 00 00 04 f5 07 00 00 05 07 08 00 00 06 e7 07 00 00 07 db 07 00 00 08 fb 07 00 00 09 0d 08 00 00 0a f9 07 00 00 0b aa 07 00 00 0c f5 07 00 00 0d e0 07 00 00 0e bf 07 00 00 0f f3 07 00 00
6219000,00 84 04 10 00 00 00 00 00 01 00 00 00 00 02 00 00 00 00 03 00 00 00 00 04 00 00 00 00 05 00 00 00 00 06 00 00 00 00 07 00 00 00 00 08 00 00 00 00 09 00 00 00 00 0a 00 00 00 00 0b 00 00 00 00 0c 00 00 00 00 0d 00 00 00 00 0e 00 00 00 00 0f 00 00 00 00,00 84 04 10 00 f7 07 00 00 01 0c 08 00 00 02 c9 07 00 00 03 e0 07 00 00 04 f5 07 00 00 05 07 08 00 00 06 e7 07 00 00 07 db 07 00 00 08 fb 07 00 00 09 0d 08 00 00 0a f9 07 00 00 0b aa 07 00 00 0c f5 07 00 00 0d e0 07 00 00 0e bf 07 00 00 0f f3 07 00 00
6234000,00 84 04 10 00 00 00 00 00 01 00 00 00 00 02 00 00 00 00 03 00 00 00 00 04 00 00 00 00 05 00 00 00 00 06 00 00 00 00 07 00 00 00 00 08 00 00 00 00 09 00 00 00 00 0a 00 00 00 00 0b 00 00 00 00 0c 00 00 00 00 0d 00 00 00 00 0e 00 00 00 00 0f 00 00 00 00,00 84 04 10 00 f7 07 00 00 01 0c 08 00 00 02 c9 07 00 00 03 e0 07 00 00 04 f5 07 00 00 05 07 08 00 00 06 e7 07 00 00 07 db 07 00 00 08 fb 07 00 00 09 0d 08 00 00 0a f9 07 00 00 0b aa 07 00 00 0c f5 07 00 00 0d e0 07 00 00 0e bf 07 00 00 0f f3 07 00 00
6234000,00 84 04 10 00 00 00 00 00 01 00 00 00 00 02 00 00 00 00 03 00 00 00 00 04 00 00 00 00 05 00 00 00 00 06 00 00 00 00 07 00 00 00 00 08 00 00 00 00 09 00 00 00 00 0a 00 00 00 00 0b 00 00 00 00 0c 00 00 00 00 0d 00 00 00 00 0e 00 00 00 00 0f 00 00 00 00,00 84 04 10 00 f7 07 00 00 01 0c 08 00 00 02 c9 07 00 00 03 e0 07 00 00 04 f5 07 00 00 05 07 08 00 00 06 e7 07 00 00 07 db 07 00 00 08 fb 07 00 00 09 0d 08 00 00 0a f9 07 00 00 0b aa 07 00 00 0c f5 07 00 00 0d e0 07 00 00 0e bf 07 00 00 0f f3 07 00 00
6250000,00 84 04 10 00 00 00 00 00 01 00 00 00 00 02 00 00 00 00 03 00 00 00 00 04 00 00 00 00 05 00 00 00 00 06 00 00 00 00 07 00 00 00 00 08 00 00 00 00 09 00 00 00 00 0a 00 00 00 00 0b 00 00 00 00 0c 00 00 00 00 0d 00 00 00 00 0e 00 00 00 00 0f 00 00 00 00,00 84 04 10 00 f7 07 00 00 01 0c 08 00 00 02 c9 07 00 00 03 e0 07 00 00 04 f5 07 00 00 05 07 08 00 00 06 e7 07 00 00 07 db 07 00 00 08 fb 07 00 00 09 0d 08 00 00 0a f9 07 00 00 0b aa 07 00 00 0c f5 07 00 00 0d e0 07 00 00 0e bf 07 00 00 0f f3 07 00 00
6250000,00 84 04 10 00 00 00 00 00 01 00 00 00 00 02 00 00 00 00 03 00 00 00 00 04 00 00 00 00 05 00 00 00 00 06 00 00 00 00 07 00 00 00 00 08 00 00 00 00 09 00 00 00 00 0a 00 00 00 00 0b 00 00 00 00 0c 00 00 00 00 0d 00 00 00 00 0e 00 00 00 00 0f 00 00 00 00,00 84 04 10 00 f7 07 00 00 01 0c 08 00 00 02 c9 07 00 00 03 e0 07 00 00 04 f5 07 00 00 05 07 08 00 00 06 e7 07 00 00 07 db 07 00 00 08 fb 07 00 00 09 0d 08 00 00 0a f9 07 00 00 0b aa 07 00 00 0c f5 07 00 00 0d e0 07 00 00 0e bf 07 00 00 0f f3 07 00 00
6265000,01 40 01 10 00 00 00 00 00 01 00 00 00 00 02 00 00 00 00 03 00 00 00 00 04 00 00 00 00 05 00 00 00 00 06 00 00 00 00 07 00 00 00 00 08 00 00 00 00 09 00 00 00 00 0a 00 00 00 00 0b 00 00 00 00 0c 00 00 00 00 0d 00 00 00 00 0e 00 00 00 00 0f 00 00 00 00,01 40 01 10 00 00 00 00 00 01 00 00 00 00 02 00 00 00 00 03 00 00 00 00 04 00 00 00 00 05 00 00 00 00 06 00 00 00 00 07 00 00 00 00 08 00 00 00 00 09 00 00 00 00 0a 00 00 00 00 0b 00 00 00 00 0c 00 00 00 00 0d 00 00 00 00 0e 00 00 00 00 0f 00 00 00 00
15000,01 26 02 10 00 96 00 00 00 01 96 00 00 00 02 96 00 00 00 03 96 00 00 00 04 96 00 00 00 05 96 00 00 00 06 96 00 00 00 07 96 00 00 00 08 96 00 00 00 09 96 00 00 00 0a 96 00 00 00 0b 96 00 00 00 0c 96 00 00 00 0d 96 00 00 00 0e 96 00 00 00 0f 96 00 00 00,01 26 02 10 00 96 00 00 00 01 96 00 00 00 02 96 00 00 00 03 96 00 00 00 04 96 00 00 00 05 96 00 00 00 06 96 00 00 00 07 96 00 00 00 08 96 00 00 00 09 96 00 00 00 0a 96 00 00 00 0b 96 00 00 00 0c 96 00 00 00 0d 96 00 00 00 0e 96 00 00 00 0f 96 00 00 00
15000,01 0b 01 10 00 03 00 00 00 01 03 00 00 00 02 03 00 00 00 03 03 00 00 00 04 03 00 00 00 05 03 00 00 00 06 03 00 00 00 07 03 00 00 00 08 03 00 00 00 09 03 00 00 00 0a 03 00 00 00 0b 03 00 00 00 0c 03 00 00 00 0d 03 00 00 00 0e 03 00 00 00 0f 03 00 00 00,01 0b 01 10 00 03 00 00 00 01 03 00 00 00 02 03 00 00 00 03 03 00 00 00 04 03 00 00 00 05 03 00 00 00 06 03 00 00 00 07 03 00 00 00 08 03 00 00 00 09 03 00 00 00 0a 03 00 00 00 0b 03 00 00 00 0c 03 00 00 00 0d 03 00 00 00 0e 03 00 00 00 0f 03 00 00 00
15000,01 40 01 10 00 01 00 00 00 01 01 00 00 00 02 01 00 00 00 03 01 00 00 00 04 01 00 00 00 05 01 00 00 00 06 01 00 00 00 07 01 00 00 00 08 01 00 00 00 09 01 00 00 00 0a 01 00 00 00 0b 01 00 00 00 0c 01 00 00 00 0d 01 00 00 00 0e 01 00 00 00 0f 01 00 00 00,01 40 01 10 00 01 00 00 00 01 01 00 00 00 02 01 00 00 00 03 01 00 00 00 04 01 00 00 00 05 01 00 00 00 06 01 00 00 00 07 01 00 00 00 08 01 00 00 00 09 01 00 00 00 0a 01 00 00 00 0b 01 00 00 00 0c 01 00 00 00 0d 01 00 00 00 0e 01 00 00 00 0f 01 00 00 00
15000,01 74 04 10 00 00 08 00 00 01 00 08 00 00 02 00 08 00 00 03 00 08 00 00 04 00 08 00 00 05 00 08 00 00 06 00 08 00 00 07 00 08 00 00 08 00 08 00 00 09 00 08 00 00 0a 00 08 00 00 0b 00 08 00 00 0c 00 08 00 00 0d 00 08 00 00 0e 00 08 00 00 0f 00 08 00 00,01 74 04 10 00 00 08 00 00 01 00 08 00 00 02 00 08 00 00 03 00 08 00 00 04 00 08 00 00 05 00 08 00 00 06 00 08 00 00 07 00 08 00 00 08 00 08 00 00 09 00 08 00 00 0a 00 08 00 00 0b 00 08 00 00 0c 00 08 00 00 0d 00 08 00 00 0e 00 08 00 00 0f 00 08 00 00
31000,00 84 04 10 00 00 00 00 00 01 00 00 00 00 02 00 00 00 00 03 00 00 00 00 04 00 00 00 00 05 00 00 00 00 06 00 00 00 00 07 00 00 00 00 08 00 00 00 00 09 00 00 00 00 0a 00 00 00 00 0b 00 00 00 00 0c 00 00 00 00 0d 00 00 00 00 0e 00 00 00 00 0f 00 00 00 00,00 84 04 10 00 f7 07 00 00 01 0c 08 00 00 02 c9 07 00 00 03 e0 07 00 00 04 f5 07 00 00 05 07 08 00 00 06 e7 07 00 00 07 db 07 00 00 08 fb 07 00 00 09 0d 08 00 00 0a f9 07 00 00 0b aa 07 00 00 0c f5 07 00 00 0d e0 07 00 00 0e bf 07 00 00 0f f3 07 00 00
31000,00 84 04 10 00 00 00 00 00 01 00 00 00 00 02 00 00 00 00 03 00 00 00 00 04 00 00 00 00 05 00 00 00 00 06 00 00 00 00 07 00 00 00 00 08 00 00 00 00 09 00 00 00 00 0a 00 00 00 00 0b 00 00 00 00 0c 00 00 00 00 0d 00 00 00 00 0e 00 00 00 00 0f 00 00 00 00,00 84 04 10 00 f7 07 00 00 01 0c 08 00 00 02 c9 07 00 00 03 e1 07 00 00 04 f5 07 00 00 05 07 08 00 00 06 e7 07 00 00 07 dc 07 00 00 08 fb 07 00 00 09 0d 08 00 00 0a fa 07 00 00 0b ab 07 00 00 0c f5 07 00 00 0d e0 07 00 00 0e c0 07 00 00 0f f3 07 00 00
47000,00 84 04 10 00 00 00 00 00 01 00 00 00 00 02 00 00 00 00 03 00 00 00 00 04 00 00 00 00 05 00 00 00 00 06 00 00 00 00 07 00 00 00 00 08 00 00 00 00 09 00 00 00 00 0a 00 00 00 00 0b 00 00 00 00 0c 00 00 00 00 0d 00 00 00 00 0e 00 00 00 00 0f 00 00 00 00,00 84 04 10 00 f7 07 00 00 01 0a 08 00 00 02 ce 07 00 00 03 e4 07 00 00 04 f7 07 00 00 05 05 08 00 00 06 e9 07 00 00 07 df 07 00 00 08 fb 07 00 00 09 0c 08 00 00 0a f9 07 00 00 0b b1 07 00 00 0c f5 07 00 00 0d e2 07 00 00 0e c5 07 00 00 0f f4 07 00 00
62000,00 84 04 10 00 00 00 00 00 01 00 00 00 00 02 00 00 00 00 03 00 00 00 00 04 00 00 00 00 05 00 00 00 00 06 00 00 00 00 07 00 00 00 00 08 00 00 00 00 09 00 00 00 00 0a 00 00 00 00 0b 00 00 00 00 0c 00 00 00 00 0d 00 00 00 00 0e 00 00 00 00 0f 00 00 00 00,00 84 04 10 00 f9 07 00 00 01 08 08 00 00 02 d5 07 00 00 03 e8 07 00 00 04 f7 07 00 00 05 04 08 00 00 06 ec 07 00 00 07 e4 07 00 00 08 fb 07 00 00 09 0b 08 00 00 0a f9 07 00 00 0b be 07 00 00 0c f7 07 00 00 0d e7 07 00 00 0e d0 07 00 00 0f f6 07 00 00
62000,00 84 04 10 00 00 00 00 00 01 00 00 00 00 02 00 00 00 00 03 00 00 00 00 04 00 00 00 00 05 00 00 00 00 06 00 00 00 00 07 00 00 00 00 08 00 00 00 00 09 00 00 00 00 0a 00 00 00 00 0b 00 00 00 00 0c 00 00 00 00 0d 00 00 00 00 0e 00 00 00 00 0f 00 00 00 00,00 84 04 10 00 fa 07 00 00 01 04 08 00 00 02 de 07 00 00 03 ec 07 00 00 04 f9 07 00 00 05 03 08 00 00 06 f0 07 00 00 07 e9 07 00 00 08 fb 07 00 00 09 09 08 00 00 0a f9 07 00 00 0b cd 07 00 00 0c f9 07 00 00 0d ec 07 00 00 0e da 07 00 00 0f f9 07 00 00
78000,00 84 04 10 00 00 00 00 00 01 00 00 00 00 02 00 00 00 00 03 00 00 00 00 04 00 00 00 00 05 00 00 00 00 06 00 00 00 00 07 00 00 00 00 08 00 00 00 00 09 00 00 00 00 0a 00 00 00 00 0b 00 00 00 00 0c 00 00 00 00 0d 00 00 00 00 0e 00 00 00 00 0f 00 00 00 00,00 84 04 10 00 fa 07 00 00 01 02 08 00 00 02 e5 07 00 00 03 f0 07 00 00 04 fa 07 00 00 05 02 08 00 00 06 f2 07 00 00 07 ee 07 00 00 08 fc 07 00 00 09 07 08 00 00 0a f9 07 00 00 0b da 07 00 00 0c fa 07 00 00 0d f0 07 00 00 0e e6 07 00 00 0f fa 07 00 00
93000,00 84 04 10 00 00 00 00 00 01 00 00 00 00 02 00 00 00 00 03 00 00 00 00 04 00 00 00 00 05 00 00 00 00 06 00 00 00 00 07 00 00 00 00 08 00 00 00 00 09 00 00 00 00 0a 00 00 00 00 0b 00 00 00 00 0c 00 00 00 00 0d 00 00 00 00 0e 00 00 00 00 0f 00 00 00 00,00 84 04 10 00 fb 07 00 00 01 ff 07 00 00 02 ea 07 00 00 03 f3 07 00 00 04 fb 07 00 00 05 ff 07 00 00 06 f4 07 00 00 07 f2 07 00 00 08 fc 07 00 00 09 06 08 00 00 0a f9 07 00 00 0b e4 07 00 00 0c fb 07 00 00 0d f2 07 00 00 0e ee 07 00 00 0f fc 07 00 00
93000,00 84 04 10 00 00 00 00 00 01 00 00 00 00 02 00 00 00 00 03 00 00 00 00 04 00 00 00 00 05 00 00 00 00 06 00 00 00 00 07 00 00 00 00 08 00 00 00 00 09 00 00 00 00 0a 00 00 00 00 0b 00 00 00 00 0c 00 00 00 00 0d 00 00 00 00 0e 00 00 00 00 0f 00 00 00 00,00 84 04 10 00 fc 07 00 00 01 fe 07 00 00 02 ed 07 00 00 03 f4 07 00 00 04 fc 07 00 00 05 ff 07 00 00 06 f4 07 00 00 07 f4 07 00 00 08 fd 07 00 00 09 04 08 00 00 0a f9 07 00 00 0b ed 07 00 00 0c fb 07 00 00 0d f4 07 00 00 0e f5 07 00 00 0f fe 07 00 00
109000,00 84 04 10 00 00 00 00 00 01 00 00 00 00 02 00 00 00 00 03 00 00 00 00 04 00 00 00 00 05 00 00 00 00 06 00 00 00 00 07 00 00 00 00 08 00 00 00 00 09 00 00 00 00 0a 00 00 00 00 0b 00 00 00 00 0c 00 00 00 00 0d 00 00 00 00 0e 00 00 00 00 0f 00 00 00 00,00 84 04 10 00 fc 07 00 00 01 fd 07 00 00 02 ef 07 00 00 03 f5 07 00 00 04 fd 07 00 00 05 fe 07 00 00 06 f5 07 00 00 07 f6 07 00 00 08 fe 07 00 00 09 03 08 00 00 0a f9 07 00 00 0b f2 07 00 00 0c fc 07 00 00 0d f6 07 00 00 0e fc 07 00 00 0f ff 07 00 00
125000,00 84 04 10 00 00 00 00 00 01 00 00 00 00 02 00 00 00 00 03 00 00 00 00 04 00 00 00 00 05 00 00 00 00 06 00 00 00 00 07 00 00 00 00 08 00 00 00 00 09 00 00 00 00 0a 00 00 00 00 0b 00 00 00 00 0c 00 00 00 00 0d 00 00 00 00 0e 00 00 00 00 0f 00 00 00 00,00 84 04 10 00 fd 07 00 00 01 fc 07 00 00 02 f0 07 00 00 03 f5 07 00 00 04 fd 07 00 00 05 fe 07 00 00 06 f5 07 00 00 07 f7 07 00 00 08 fe 07 00 00 09 01 08 00 00 0a f9 07 00 00 0b f5 07 00 00 0c fc 07 00 00 0d f8 07 00 00 0e ff 07 00 00 0f 00 08 00 00
125000,00 84 04 10 00 00 00 00 00 01 00 00 00 00 02 00 00 00 00 03 00 00 00 00 04 00 00 00 00 05 00 00 00 00 06 00 00 00 00 07 00 00 00 00 08 00 00 00 00 09 00 00 00 00 0a 00 00 00 00 0b 00 00 00 00 0c 00 00 00 00 0d 00 00 00 00 0e 00 00 00 00 0f 00 00 00 00,00 84 04 10 00 fd 07 00 00 01 fc 07 00 00 02 f1 07 00 00 03 f5 07 00 00 04 fd 07 00 00 05 fd 07 00 00 06 f5 07 00 00 07 f8 07 00 00 08 fe 07 00 00 09 01 08 00 00 0a f9 07 00 00 0b f7 07 00 00 0c fc 07 00 00 0d f8 07 00 00 0e 01 08 00 00 0f 00 08 00 00
140000,00 84 04 10 00 00 00 00 00 01 00 00 00 00 02 00 00 00 00 03 00 00 00 00 04 00 00 00 00 05 00 00 00 00 06 00 00 00 00 07 00 00 00 00 08 00 00 00 00 09 00 00 00 00 0a 00 00 00 00 0b 00 00 00 00 0c 00 00 00 00 0d 00 00 00 00 0e 00 00 00 00 0f 00 00 00 00,00 84 04 10 00 fd 07 00 00 01 fb 07 00 00 02 f1 07 00 00 03 f5 07 00 00 04 fd 07 00 00 05 fd 07 00 00 06 f5 07 00 00 07 f8 07 00 00 08 fe 07 00 00 09 01 08 00 00 0a f9 07 00 00 0b f7 07 00 00 0c fc 07 00 00 0d f8 07 00 00 0e 01 08 00 00 0f 00 08 00 00
140000,00 84 04 10 00 00 00 00 00 01 00 00 00 00 02 00 00 00 00 03 00 00 00 00 04 00 00 00 00 05 00 00 00 00 06 00 00 00 00 07 00 00 00 00 08 00 00 00 00 09 00 00 00 00 0a 00 00 00 00 0b 00 00 00 00 0c 00 00 00 00 0d 00 00 00 00 0e 00 00 00 00 0f 00 00 00 00,00 84 04 10 00 fd 07 00 00 01 fb 07 00 00 02 f1 07 00 00 03 f5 07 00 00 04 fd 07 00 00 05 fe 07 00 00 06 f5 07 00 00 07 f8 07 00 00 08 fe 07 00 00 09 ff 07 00 00 0a f9 07 00 00 0b f8 07 00 00 0c fc 07 00 00 0d f8 07 00 00 0e 01 08 00 00 0f 00 08 00 00
156000,00 84 04 10 00 00 00 00 00 01 00 00 00 00 02 00 00 00 00 03 00 00 00 00 04 00 00 00 00 05 00 00 00 00 06 00 00 00 00 07 00 00 00 00 08 00 00 00 00 09 00 00 00 00 0a 00 00 00 00 0b 00 00 00 00 0c 00 00 00 00 0d 00 00 00 00 0e 00 00 00 00 0f 00 00 00 00,00 84 04 10 00 fd 07 00 00 01 fc 07 00 00 02 f1 07 00 00 03 f5 07 00 00 04 fd 07 00 00 05 fe 07 00 00 06 f5 07 00 00 07 f8 07 00 00 08 fe 07 00 00 09 ff 07 00 00 0a fa 07 00 00 0b f8 07 00 00 0c fc 07 00 00 0d f8 07 00 00 0e 01 08 00 00 0f 00 08 00 00
172000,00 84 04 10 00 00 00 00 00 01 00 00 00 00 02 00 00 00 00 03 00 00 00 00 04 00 00 00 00 05 00 00 00 00 06 00 00 00 00 07 00 00 00 00 08 00 00 00 00 09 00 00 00 00 0a 00 00 00 00 0b 00 00 00 00 0c 00 00 00 00 0d 00 00 00 00 0e 00 00 00 00 0f 00 00 00 00,00 84 04 10 00 fd 07 00 00 01 fc 07 00 00 02 f1 07 00 00 03 f5 07 00 00 04 fe 07 00 00 05 fd 07 00 00 06 f5 07 00 00 07 f8 07 00 00 08 fe 07 00 00 09 ff 07 00 00 0a f9 07 00 00 0b f8 07 00 00 0c fd 07 00 00 0d f8 07 00 00 0e 00 08 00 00 0f 00 08 00 00
172000,00 84 04 10 00 00 00 00 00 01 00 00 00 00 02 00 00 00 00 03 00 00 00 00 04 00 00 00 00 05 00 00 00 00 06 00 00 00 00 07 00 00 00 00 08 00 00 00 00 09 00 00 00 00 0a 00 00 00 00 0b 00 00 00 00 0c 00 00 00 00 0d 00 00 00 00 0e 00 00 00 00 0f 00 00 00 00,00 84 04 10 00 fd 07 00 00 01 fb 07 00 00 02 f1 07 00 00 03 f5 07 00 00 04 fe 07 00 00 05 fe 07 00 00 06 f5 07 00 00 07 f8 07 00 00 08 ff 07 00 00 09 ff 07 00 00 0a f9 07 00 00 0b f8 07 00 00 0c fd 07 00 00 0d f8 07 00 00 0e 00 08 00 00 0f ff 07 00 00
187000,00 84 04 10 00 00 00 00 00 01 00 00 00 00 02 00 00 00 00 03 00 00 00 00 04 00 00 00 00 05 00 00 00 00 06 00 00 00 00 07 00 00 00 00 08 00 00 00 00 09 00 00 00 00 0a 00 00 00 00 0b 00 00 00 00 0c 00 00 00 00 0d 00 00 00 00 0e 00 00 00 00 0f 00 00 00 00,00 84 04 10 00 fd 07 00 00 01 fb 07 00 00 02 f1 07 00 00 03 f5 07 00 00 04 fe 07 00 00 05 fd 07 00 00 06 f5 07 00 00 07 f8 07 00 00 08 ff 07 00 00 09 ff 07 00 00 0a fa 07 00 00 0b f8 07 00 00 0c fd 07 00 00 0d f8 07 00 00 0e 01 08 00 00 0f 00 08 00 00
203000,00 84 04 10 00 00 00 00 00 01 00 00 00 00 02 00 00 00 00 03 00 00 00 00 04 00 00 00 00 05 00 00 00 00 06 00 00 00 00 07 00 00 00 00 08 00 00 00 00 09 00 00 00 00 0a 00 00 00 00 0b 00 00 00 00 0c 00 00 00 00 0d 00 00 00 00 0e 00 00 00 00 0f 00 00 00 00,00 84 04 10 00 fd 07 00 00 01 fc 07 00 00 02 f1 07 00 00 03 f5 07 00 00 04 fe 07 00 00 05 fe 07 00 00 06 f5 07 00 00 07 f8 07 00 00 08 ff 07 00 00 09 ff 07 00 00 0a f9 07 00 00 0b f8 07 00 00 0c fd 07 00 00 0d f8 07 00 00 0e 01 08 00 00 0f 00 08 00 00
203000,00 84 04 10 00 00 00 00 00 01 00 00 00 00 02 00 00 00 00 03 00 00 00 00 04 00 00 00 00 05 00 00 00 00 06 00 00 00 00 07 00 00 00 00 08 00 00 00 00 09 00 00 00 00 0a 00 00 00 00 0b 00 00 00 00 0c 00 00 00 00 0d 00 00 00 00 0e 00 00 00 00 0f 00 00 00 00,00 84 04 10 00 fd 07 00 00 01 fc 07 00 00 02 f1 07 00 00 03 f5 07 00 00 04 fe 07 00 00 05 fd 07 00 00 06 f5 07 00 00 07 f8 07 00 00 08 ff 07 00 00 09 ff 07 00 00 0a f9 07 00 00 0b f8 07 00 00 0c fd 07 00 00 0d f8 07 00 00 0e 01 08 00 00 0f 00 08 00 00
218000,00 84 04 10 00 00 00 00 00 01 00 00 00 00 02 00 00 00 00 03 00 00 00 00 04 00 00 00 00 05 00 00 00 00 06 00 00 00 00 07 00 00 00 00 08 00 00 00 00 09 00 00 00 00 0a 00 00 00 00 0b 00 00 00 00 0c 00 00 00 00 0d 00 00 00 00 0e 00 00 00 00 0f 00 00 00 00,00 84 04 10 00 fd 07 00 00 01 fc 07 00 00 02 f2 07 00 00 03 f5 07 00 00 04 fe 07 00 00 05 fe 07 00 00 06 f5 07 00 00 07 f8 07 00 00 08 ff 07 00 00 09 ff 07 00 00 0a f9 07 00 00 0b f8 07 00 00 0c fd 07 00 00 0d f8 07 00 00 0e 01 08 00 00 0f 00 08 00 00
218000,00 84 04 10 00 00 00 00 00 01 00 00 00 00 02 00 00 00 00 03 00 00 00 00 04 00 00 00 00 05 00 00 00 00 06 00 00 00 00 07 00 00 00 00 08 00 00 00 00 09 00 00 00 00 0a 00 00 00 00 0b 00 00 00 00 0c 00 00 00 00 0d 00 00 00 00 0e 00 00 00 00 0f 00 00 00 00,00 84 04 10 00 fe 07 00 00 01 fc 07 00 00 02 f1 07 00 00 03 f5 07 00 00 04 fe 07 00 00 05 fe 07 00 00 06 f5 07 00 00 07 f8 07 00 00 08 ff 07 00 00 09 ff 07 00 00 0a f9 07 00 00 0b f8 07 00 00 0c fd 07 00 00 0d f8 07 00 00 0e 01 08 00 00 0f 00 08 00 00
234000,00 84 04 10 00 00 00 00 00 01 00 00 00 00 02 00 00 00 00 03 00 00 00 00 04 00 00 00 00 05 00 00 00 00 06 00 00 00 00 07 00 00 00 00 08 00 00 00 00 09 00 00 00 00 0a 00 00 00 00 0b 00 00 00 00 0c 00 00 00 00 0d 00 00 00 00 0e 00 00 00 00 0f 00 00 00 00,00 84 04 10 00 fd 07 00 00 01 fb 07 00 00 02 f1 07 00 00 03 f5 07 00 00 04 fe 07 00 00 05 fd 07 00 00 06 f5 07 00 00 07 f8 07 00 00 08 ff 07 00 00 09 ff 07 00 00 0a f9 07 00 00 0b f8 07 00 00 0c fd 07 00 00 0d f8 07 00 00 0e 00 08 00 00 0f 00 08 00 00
250000,00 84 04 10 00 00 00 00 00 01 00 00 00 00 02 00 00 00 00 03 00 00 00 00 04 00 00 00 00 05 00 00 00 00 06 00 00 00 00 07 00 00 00 00 08 00 00 00 00 09 00 00 00 00 0a 00 00 00 00 0b 00 00 00 00 0c 00 00 00 00 0d 00 00 00 00 0e 00 00 00 00 0f 00 00 00 00,00 84 04 10 00 fe 07 00 00 01 fb 07 00 00 02 f2 07 00 00 03 f5 07 00 00 04 fe 07 00 00 05 fe 07 00 00 06 f5 07 00 00 07 f8 07 00 00 08 fe 07 00 00 09 ff 07 00 00 0a f9 07 00 00 0b f8 07 00 00 0c fd 07 00 00 0d f8 07 00 00 0e 00 08 00 00 0f 00 08 00 00
250000,00 84 04 10 00 00 00 00 00 01 00 00 00 00 02 00 00 00 00 03 00 00 00 00 04 00 00 00 00 05 00 00 00 00 06 00 00 00 00 07 00 00 00 00 08 00 00 00 00 09 00 00 00 00 0a 00 00 00 00 0b 00 00 00 00 0c 00 00 00 00 0d 00 00 00 00 0e 00 00 00 00 0f 00 00 00 00,00 84 04 10 00 fd 07 00 00 01 fc 07 00 00 02 f2 07 00 00 03 f5 07 00 00 04 fe 07 00 00 05 fe 07 00 00 06 f5 07 00 00 07 f8 07 00 00 08 ff 07 00 00 09 ff 07 00 00 0a f9 07 00 00 0b f8 07 00 00 0c fd 07 00 00 0d f9 07 00 00 0e 00 08 00 00 0f 00 08 00 00
265000,00 84 04 10 00 00 00 00 00 01 00 00 00 00 02 00 00 00 00 03 00 00 00 00 04 00 00 00 00 05 00 00 00 00 06 00 00 00 00 07 00 00 00 00 08 00 00 00 00 09 00 00 00 00 0a 00 00 00 00 0b 00 00 00 00 0c 00 00 00 00 0d 00 00 00 00 0e 00 00 00 00 0f 00 00 00 00,00 84 04 10 00 fe 07 00 00 01 fb 07 00 00 02 f1 07 00 00 03 f5 07 00 00 04 fe 07 00 00 05 fe 07 00 00 06 f5 07 00 00 07 f8 07 00 00 08 ff 07 00 00 09 ff 07 00 00 0a f9 07 00 00 0b f8 07 00 00 0c fd 07 00 00 0d f8 07 00 00 0e 01 08 00 00 0f 00 08 00 00
281000,00 84 04 10 00 00 00 00 00 01 00 00 00 00 02 00 00 00 00 03 00 00 00 00 04 00 00 00 00 05 00 00 00 00 06 00 00 00 00 07 00 00 00 00 08 00 00 00 00 09 00 00 00 00 0a 00 00 00 00 0b 00 00 00 00 0c 00 00 00 00 0d 00 00 00 00 0e 00 00 00 00 0f 00 00 00 00,00 84 04 10 00 fe 07 00 00 01 fb 07 00 00 02 f1 07 00 00 03 f5 07 00 00 04 fe 07 00 00 05 fe 07 00 00 06 f5 07 00 00 07 f8 07 00 00 08 ff 07 00 00 09 ff 07 00 00 0a f9 07 00 00 0b f8 07 00 00 0c fd 07 00 00 0d f8 07 00 00 0e 01 08 00 00 0f 00 08 00 00
281000,00 84 04 10 00 00 00 00 00 01 00 00 00 00 02 00 00 00 00 03 00 00 00 00 04 00 00 00 00 05 00 00 00 00 06 00 00 00 00 07 00 00 00 00 08 00 00 00 00 09 00 00 00 00 0a 00 00 00 00 0b 00 00 00 00 0c 00 00 00 00 0d 00 00 00 00 0e 00 00 00 00 0f 00 00 00 00,00 84 04 10 00 fd 07 00 00 01 fc 07 00 00 02 f1 07 00 00 03 f5 07 00 00 04 fe 07 00 00 05 fe 07 00 00 06 f5 07 00 00 07 f8 07 00 00 08 ff 07 00 00 09 ff 07 00 00 0a f9 07 00 00 0b f8 07 00 00 0c fd 07 00 00 0d f8 07 00 00 0e 00 08 00 00 0f 00 08 00 00
297000,00 84 04 10 00 00 00 00 00 01 00 00 00 00 02 00 00 00 00 03 00 00 00 00 04 00 00 00 00 05 00 00 00 00 06 00 00 00 00 07 00 00 00 00 08 00 00 00 00 09 00 00 00 00 0a 00 00 00 00 0b 00 00 00 00 0c 00 00 00 00 0d 00 00 00 00 0e 00 00 00 00 0f 00 00 00 00,00 84 04 10 00 fe 07 00 00 01 fb 07 00 00 02 f1 07 00 00 03 f5 07 00 00 04 fe 07 00 00 05 fd 07 00 00 06 f5 07 00 00 07 f8 07 00 00 08 ff 07 00 00 09 ff 07 00 00 0a f9 07 00 00 0b f8 07 00 00 0c fd 07 00 00 0d f8 07 00 00 0e 01 08 00 00 0f 00 08 00 00
297000,00 84 04 10 00 00 00 00 00 01 00 00 00 00 02 00 00 00 00 03 00 00 00 00 04 00 00 00 00 05 00 00 00 00 06 00 00 00 00 07 00 00 00 00 08 00 00 00 00 09 00 00 00 00 0a 00 00 00 00 0b 00 00 00 00 0c 00 00 00 00 0d 00 00 00 00 0e 00 00 00 00 0f 00 00 00 00,00 84 04 10 00 fd 07 00 00 01 fb 07 00 00 02 f2 07 00 00 03 f5 07 00 00 04 fe 07 00 00 05 fd 07 00 00 06 f5 07 00 00 07 f8 07 00 00 08 ff 07 00 00 09 01 08 00 00 0a fa 07 00 00 0b f8 07 00 00 0c fd 07 00 00 0d f8 07 00 00 0e 01 08 00 00 0f 00 08 00 00
312000,00 84 04 10 00 00 00 00 00 01 00 00 00 00 02 00 00 00 00 03 00 00 00 00 04 00 00 00 00 05 00 00 00 00 06 00 00 00 00 07 00 00 00 00 08 00 00 00 00 09 00 00 00 00 0a 00 00 00 00 0b 00 00 00 00 0c 00 00 00 00 0d 00 00 00 00 0e 00 00 00 00 0f 00 00 00 00,00 84 04 10 00 fe 07 00 00 01 fb 07 00 00 02 f2 07 00 00 03 f5 07 00 00 04 fe 07 00 00 05 fe 07 00 00 06 f5 07 00 00 07 f8 07 00 00 08 ff 07 00 00 09 01 08 00 00 0a f9 07 00 00 0b f8 07 00 00 0c fd 07 00 00 0d f8 07 00 00 0e 00 08 00 00 0f 00 08 00 00
328000,00 84 04 10 00 00 00 00 00 01 00 00 00 00 02 00 00 00 00 03 00 00 00 00 04 00 00 00 00 05 00 00 00 00 06 00 00 00 00 07 00 00 00 00 08 00 00 00 00 09 00 00 00 00 0a 00 00 00 00 0b 00 00 00 00 0c 00 00 00 00 0d 00 00 00 00 0e 00 00 00 00 0f 00 00 00 00,00 84 04 10 00 fd 07 00 00 01 fb 07 00 00 02 f2 07 00 00 03 f5 07 00 00 04 fe 07 00 00 05 fe 07 00 00 06 f5 07 00 00 07 f8 07 00 00 08 ff 07 00 00 09 ff 07 00 00 0a f9 07 00 00 0b f8 07 00 00 0c fd 07 00 00 0d f8 07 00 00 0e 00 08 00 00 0f 00 08 00 00
328000,00 84 04 10 00 00 00 00 00 01 00 00 00 00 02 00 00 00 00 03 00 00 00 00 04 00 00 00 00 05 00 00 00 00 06 00 00 00 00 07 00 00 00 00 08 00 00 00 00 09 00 00 00 00 0a 00 00 00 00 0b 00 00 00 00 0c 00 00 00 00 0d 00 00 00 00 0e 00 00 00 00 0f 00 00 00 00,00 84 04 10 00 fe 07 00 00 01 fb 07 00 00 02 f1 07 00 00 03 f5 07 00 00 04 fe 07 00 00 05 fe 07 00 00 06 f5 07 00 00 07 f8 07 00 00 08 ff 07 00 00 09 ff 07 00 00 0a f9 07 00 00 0b f8 07 00 00 0c fd 07 00 00 0d f8 07 00 00 0e 00 08 00 00 0f 00 08 00 00
343000,00 84 04 10 00 00 00 00 00 01 00 00 00 00 02 00 00 00 00 03 00 00 00 00 04 00 00 00 00 05 00 00 00 00 06 00 00 00 00 07 00 00 00 00 08 00 00 00 00 09 00 00 00 00 0a 00 00 00 00 0b 00 00 00 00 0c 00 00 00 00 0d 00 00 00 00 0e 00 00 00 00 0f 00 00 00 00,00 84 04 10 00 fe 07 00 00 01 fb 07 00 00 02 f2 07 00 00 03 f5 07 00 00 04 fe 07 00 00 05 fe 07 00 00 06 f5 07 00 00 07 f8 07 00 00 08 fe 07 00 00 09 ff 07 00 00 0a f9 07 00 00 0b f8 07 00 00 0c fd 07 00 00 0d f8 07 00 00 0e 00 08 00 00 0f 00 08 00 00
343000,00 84 04 10 00 00 00 00 00 01 00 00 00 00 02 00 00 00 00 03 00 00 00 00 04 00 00 00 00 05 00 00 00 00 06 00 00 00 00 07 00 00 00 00 08 00 00 00 00 09 00 00 00 00 0a 00 00 00 00 0b 00 00 00 00 0c 00 00 00 00 0d 00 00 00 00 0e 00 00 00 00 0f 00 00 00 00,00 84 04 10 00 fe 07 00 00 01 fc 07 00 00 02 f2 07 00 00 03 f5 07 00 00 04 fe 07 00 00 05 fe 07 00 00 06 f5 07 00 00 07 f8 07 00 00 08 ff 07 00 00 09 ff 07 00 00 0a f9 07 00 00 0b f8 07 00 00 0c fd 07 00 00 0d f8 07 00 00 0e 00 08 00 00 0f 00 08 00 00
359000,00 84 04 10 00 00 00 00 00 01 00 00 00 00 02 00 00 00 00 03 00 00 00 00 04 00 00 00 00 05 00 00 00 00 06 00 00 00 00 07 00 00 00 00 08 00 00 00 00 09 00 00 00 00 0a 00 00 00 00 0b 00 00 00 00 0c 00 00 00 00 0d 00 00 00 00 0e 00 00 00 00 0f 00 00 00 00,00 84 04 10 00 fe 07 00 00 01 fb 07 00 00 02 f2 07 00 00 03 f5 07 00 00 04 fe 07 00 00 05 fe 07 00 00 06 f5 07 00 00 07 f8 07 00 00 08 ff 07 00 00 09 ff 07 00 00 0a f9 07 00 00 0b f8 07 00 00 0c fd 07 00 00 0d f8 07 00 00 0e 00 08 00 00 0f 00 08 00 00
375000,00 84 04 10 00 00 00 00 00 01 00 00 00 00 02 00 00 00 00 03 00 00 00 00 04 00 00 00 00 05 00 00 00 00 06 00 00 00 00 07 00 00 00 00 08 00 00 00 00 09 00 00 00 00 0a 00 00 00 00 0b 00 00 00 00 0c 00 00 00 00 0d 00 00 00 00 0e 00 00 00 00 0f 00 00 00 00,00 84 04 10 00 fe 07 00 00 01 fc 07 00 00 02 f2 07 00 00 03 f5 07 00 00 04 fe 07 00 00 05 fd 07 00 00 06 f5 07 00 00 07 f8 07 00 00 08 ff 07 00 00 09 ff 07 00 00 0a f9 07 00 00 0b f8 07 00 00 0c fd 07 00 00 0d f8 07 00 00 0e 00 08 00 00 0f 00 08 00 00
375000,00 84 04 10 00 00 00 00 00 01 00 00 00 00 02 00 00 00 00 03 00 00 00 00 04 00 00 00 00 05 00 00 00 00 06 00 00 00 00 07 00 00 00 00 08 00 00 00 00 09 00 00 00 00 0a 00 00 00 00 0b 00 00 00 00 0c 00 00 00 00 0d 00 00 00 00 0e 00 00 00 00 0f 00 00 00 00,00 84 04 10 00 fe 07 00 00 01 fb 07 00 00 02 f2 07 00 00 03 f5 07 00 00 04 fe 07 00 00 05 fe 07 00 00 06 f5 07 00 00 07 f8 07 00 00 08 ff 07 00 00 09 ff 07 00 00 0a fa 07 00 00 0b f8 07 00 00 0c fd 07 00 00 0d f8 07 00 00 0e 00 08 00 00 0f 00 08 00 00
390000,00 84 04 10 00 00 00 00 00 01 00 00 00 00 02 00 00 00 00 03 00 00 00 00 04 00 00 00 00 05 00 00 00 00 06 00 00 00 00 07 00 00 00 00 08 00 00 00 00 09 00 00 00 00 0a 00 00 00 00 0b 00 00 00 00 0c 00 00 00 00 0d 00 00 00 00 0e 00 00 00 00 0f 00 00 00 00,00 84 04 10 00 fd 07 00 00 01 fb 07 00 00 02 f2 07 00 00 03 f5 07 00 00 04 fe 07 00 00 05 fe 07 00 00 06 f5 07 00 00 07 f8 07 00 00 08 ff 07 00 00 09 01 08 00 00 0a f9 07 00 00 0b f8 07 00 00 0c fd 07 00 00 0d f8 07 00 00 0e 01 08 00 00 0f 00 08 00 00
406000,00 84 04 10 00 00 00 00 00 01 00 00 00 00 02 00 00 00 00 03 00 00 00 00 04 00 00 00 00 05 00 00 00 00 06 00 00 00 00 07 00 00 00 00 08 00 00 00 00 09 00 00 00 00 0a 00 00 00 00 0b 00 00 00 00 0c 00 00 00 00 0d 00 00 00 00 0e 00 00 00 00 0f 00 00 00 00,00 84 04 10 00 fe 07 00 00 01 fb 07 00 00 02 f1 07 00 00 03 f5 07 00 00 04 fe 07 00 00 05 fe 07 00 00 06 f5 07 00 00 07 f8 07 00 00 08 ff 07 00 00 09 ff 07 00 00 0a f9 07 00 00 0b f8 07 00 00 0c fd 07 00 00 0d f8 07 00 00 0e 01 08 00 00 0f 00 08 00 00
406000,00 84 04 10 00 00 00 00 00 01 00 00 00 00 02 00 00 00 00 03 00 00 00 00 04 00 00 00 00 05 00 00 00 00 06 00 00 00 00 07 00 00 00 00 08 00 00 00 00 09 00 00 00 00 0a 00 00 00 00 0b 00 00 00 00 0c 00 00 00 00 0d 00 00 00 00 0e 00 00 00 00 0f 00 00 00 00,00 84 04 10 00 fe 07 00 00 01 fc 07 00 00 02 f2 07 00 00 03 f5 07 00 00 04 fe 07 00 00 05 fe 07 00 00 06 f5 07 00 00 07 f8 07 00 00 08 ff 07 00 00 09 ff 07 00 00 0a fa 07 00 00 0b f8 07 00 00 0c fd 07 00 00 0d f8 07 00 00 0e 00 08 00 00 0f 00 08 00 00
422000,00 84 04 10 00 00 00 00 00 01 00 00 00 00 02 00 00 00 00 03 00 00 00 00 04 00 00 00 00 05 00 00 00 00 06 00 00 00 00 07 00 00 00 00 08 00 00 00 00 09 00 00 00 00 0a 00 00 00 00 0b 00 00 00 00 0c 00 00 00 00 0d 00 00 00 00 0e 00 00 00 00 0f 00 00 00 00,00 84 04 10 00 fe 07 00 00 01 fb 07 00 00 02 f1 07 00 00 03 f5 07 00 00 04 fe 07 00 00 05 fd 07 00 00 06 f5 07 00 00 07 f8 07 00 00 08 ff 07 00 00 09 ff 07 00 00 0a f9 07 00 00 0b f8 07 00 00 0c fd 07 00 00 0d f8 07 00 00 0e 01 08 00 00 0f 00 08 00 00
437000,00 84 04 10 00 00 00 00 00 01 00 00 00 00 02 00 00 00 00 03 00 00 00 00 04 00 00 00 00 05 00 00 00 00 06 00 00 00 00 07 00 00 00 00 08 00 00 00 00 09 00 00 00 00 0a 00 00 00 00 0b 00 00 00 00 0c 00 00 00 00 0d 00 00 00 00 0e 00 00 00 00 0f 00 00 00 00,00 84 04 10 00 fe 07 00 00 01 fb 07 00 00 02 f1 07 00 00 03 f5 07 00 00 04 fe 07 00 00 05 fd 07 00 00 06 f5 07 00 00 07 f8 07 00 00 08 ff 07 00 00 09 ff 07 00 00 0a f9 07 00 00 0b f8 07 00 00 0c fd 07 00 00 0d f8 07 00 00 0e 00 08 00 00 0f 00 08 00 00
437000,00 84 04 10 00 00 00 00 00 01 00 00 00 00 02 00 00 00 00 03 00 00 00 00 04 00 00 00 00 05 00 00 00 00 06 00 00 00 00 07 00 00 00 00 08 00 00 00 00 09 00 00 00 00 0a 00 00 00 00 0b 00 00 00 00 0c 00 00 00 00 0d 00 00 00 00 0e 00 00 00 00 0f 00 00 00 00,00 84 04 10 00 fe 07 00 00 01 fb 07 00 00 02 f2 07 00 00 03 f5 07 00 00 04 fe 07 00 00 05 fe 07 00 00 06 f5 07 00 00 07 f8 07 00 00 08 ff 07 00 00 09 ff 07 00 00 0a f9 07 00 00 0b f8 07 00 00 0c fd 07 00 00 0d f8 07 00 00 0e 00 08 00 00 0f 00 08 00 00
453000,00 84 04 10 00 00 00 00 00 01 00 00 00 00 02 00 00 00 00 03 00 00 00 00 04 00 00 00 00 05 00 00 00 00 06 00 00 00 00 07 00 00 00 00 08 00 00 00 00 09 00 00 00 00 0a 00 00 00 00 0b 00 00 00 00 0c 00 00 00 00 0d 00 00 00 00 0e 00 00 00 00 0f 00 00 00 00,00 84 04 10 00 fe 07 00 00 01 fc 07 00 00 02 f1 07 00 00 03 f5 07 00 00 04 fe 07 00 00 05 fd 07 00 00 06 f5 07 00 00 07 f8 07 00 00 08 ff 07 00 00 09 ff 07 00 00 0a fa 07 00 00 0b f8 07 00 00 0c fd 07 00 00 0d f8 07 00 00 0e 00 08 00 00 0f 00 08 00 00
453000,00 84 04 10 00 00 00 00 00 01 00 00 00 00 02 00 00 00 00 03 00 00 00 00 04 00 00 00 00 05 00 00 00 00 06 00 00 00 00 07 00 00 00 00 08 00 00 00 00 09 00 00 00 00 0a 00 00 00 00 0b 00 00 00 00 0c 00 00 00 00 0d 00 00 00 00 0e 00 00 00 00 0f 00 00 00 00,00 84 04 10 00 fe 07 00 00 01 fc 07 00 00 02 f1 07 00 00 03 f5 07 00 00 04 fe 07 00 00 05 fe 07 00 00 06 f5 07 00 00 07 f8 07 00 00 08 ff 07 00 00 09 ff 07 00 00 0a f9 07 00 00 0b f8 07 00 00 0c fd 07 00 00 0d f9 07 00 00 0e 00 08 00 00 0f 00 08 00 00
468000,00 84 04 10 00 00 00 00 00 01 00 00 00 00 02 00 00 00 00 03 00 00 00 00 04 00 00 00 00 05 00 00 00 00 06 00 00 00 00 07 00 00 00 00 08 00 00 00 00 09 00 00 00 00 0a 00 00 00 00 0b 00 00 00 00 0c 00 00 00 00 0d 00 00 00 00 0e 00 00 00 00 0f 00 00 00 00,00 84 04 10 00 fe 07 00 00 01 fb 07 00 00 02 f1 07 00 00 03 f5 07 00 00 04 fe 07 00 00 05 fe 07 00 00 06 f5 07 00 00 07 f8 07 00 00 08 ff 07 00 00 09 ff 07 00 00 0a f9 07 00 00 0b f8 07 00 00 0c fd 07 00 00 0d f9 07 00 00 0e 00 08 00 00 0f 00 08 00 00
484000,00 84 04 10 00 00 00 00 00 01 00 00 00 00 02 00 00 00 00 03 00 00 00 00 04 00 00 00 00 05 00 00 00 00 06 00 00 00 00 07 00 00 00 00 08 00 00 00 00 09 00 00 00 00 0a 00 00 00 00 0b 00 00 00 00 0c 00 00 00 00 0d 00 00 00 00 0e 00 00 00 00 0f 00 00 00 00,00 84 04 10 00 fe 07 00 00 01 fb 07 00 00 02 f1 07 00 00 03 f5 07 00 00 04 fe 07 00 00 05 fe 07 00 00 06 f5 07 00 00 07 f8 07 00 00 08 fe 07 00 00 09 ff 07 00 00 0a f9 07 00 00 0b f8 07 00 00 0c fd 07 00 00 0d f8 07 00 00 0e 00 08 00 00 0f 00 08 00 00
484000,00 84 04 10 00 00 00 00 00 01 00 00 00 00 02 00 00 00 00 03 00 00 00 00 04 00 00 00 00 05 00 00 00 00 06 00 00 00 00 07 00 00 00 00 08 00 00 00 00 09 00 00 00 00 0a 00 00 00 00 0b 00 00 00 00 0c 00 00 00 00 0d 00 00 00 00 0e 00 00 00 00 0f 00 00 00 00,00 84 04 10 00 fe 07 00 00 01 fb 07 00 00 02 f1 07 00 00 03 f5 07 00 00 04 fe 07 00 00 05 fe 07 00 00 06 f5 07 00 00 07 f8 07 00 00 08 ff 07 00 00 09 01 08 00 00 0a f9 07 00 00 0b f8 07 00 00 0c fd 07 00 00 0d f8 07 00 00 0e 00 08 00 00 0f 00 08 00 00
500000,00 84 04 10 00 00 00 00 00 01 00 00 00 00 02 00 00 00 00 03 00 00 00 00 04 00 00 00 00 05 00 00 00 00 06 00 00 00 00 07 00 00 00 00 08 00 00 00 00 09 00 00 00 00 0a 00 00 00 00 0b 00 00 00 00 0c 00 00 00 00 0d 00 00 00 00 0e 00 00 00 00 0f 00 00 00 00,00 84 04 10 00 fe 07 00 00 01 fb 07 00 00 02 f2 07 00 00 03 f5 07 00 00 04 fe 07 00 00 05 fe 07 00 00 06 f5 07 00 00 07 f8 07 00 00 08 ff 07 00 00 09 ff 07 00 00 0a fa 07 00 00 0b f8 07 00 00 0c fd 07 00 00 0d f8 07 00 00 0e 01 08 00 00 0f 00 08 00 00
515000,00 84 04 10 00 00 00 00 00 01 00 00 00 00 02 00 00 00 00 03 00 00 00 00 04 00 00 00 00 05 00 00 00 00 06 00 00 00 00 07 00 00 00 00 08 00 00 00 00 09 00 00 00 00 0a 00 00 00 00 0b 00 00 00 00 0c 00 00 00 00 0d 00 00 00 00 0e 00 00 00 00 0f 00 00 00 00,00 84 04 10 00 fe 07 00 00 01 fb 07 00 00 02 f1 07 00 00 03 f5 07 00 00 04 fe 07 00 00 05 fd 07 00 00 06 f5 07 00 00 07 f8 07 00 00 08 ff 07 00 00 09 ff 07 00 00 0a f9 07 00 00 0b f8 07 00 00 0c fd 07 00 00 0d f9 07 00 00 0e 00 08 00 00 0f 00 08 00 00
515000,00 84 04 10 00 00 00 00 00 01 00 00 00 00 02 00 00 00 00 03 00 00 00 00 04 00 00 00 00 05 00 00 00 00 06 00 00 00 00 07 00 00 00 00 08 00 00 00 00 09 00 00 00 00 0a 00 00 00 00 0b 00 00 00 00 0c 00 00 00 00 0d 00 00 00 00 0e 00 00 00 00 0f 00 00 00 00,00 84 04 10 00 fe 07 00 00 01 fc 07 00 00 02 f1 07 00 00 03 f5 07 00 00 04 fe 07 00 00 05 fe 07 00 00 06 f5 07 00 00 07 f8 07 00 00 08 ff 07 00 00 09 ff 07 00 00 0a f9 07 00 00 0b f8 07 00 00 0c fd 07 00 00 0d f8 07 00 00 0e 00 08 00 00 0f 00 08 00 00
531000,00 84 04 10 00 00 00 00 00 01 00 00 00 00 02 00 00 00 00 03 00 00 00 00 04 00 00 00 00 05 00 00 00 00 06 00 00 00 00 07 00 00 00 00 08 00 00 00 00 09 00 00 00 00 0a 00 00 00 00 0b 00 00 00 00 0c 00 00 00 00 0d 00 00 00 00 0e 00 00 00 00 0f 00 00 00 00,00 84 04 10 00 fd 07 00 00 01 fb 07 00 00 02 f1 07 00 00 03 f5 07 00 00 04 fe 07 00 00 05 fd 07 00 00 06 f5 07 00 00 07 f8 07 00 00 08 ff 07 00 00 09 ff 07 00 00 0a f9 07 00 00 0b f8 07 00 00 0c fd 07 00 00 0d f8 07 00 00 0e 01 08 00 00 0f 00 08 00 00
547000,00 84 04 10 00 00 00 00 00 01 00 00 00 00 02 00 00 00 00 03 00 00 00 00 04 00 00 00 00 05 00 00 00 00 06 00 00 00 00 07 00 00 00 00 08 00 00 00 00 09 00 00 00 00 0a 00 00 00 00 0b 00 00 00 00 0c 00 00 00 00 0d 00 00 00 00 0e 00 00 00 00 0f 00 00 00 00,00 84 04 10 00 fe 07 00 00 01 fc 07 00 00 02 f1 07 00 00 03 f5 07 00 00 04 fe 07 00 00 05 fe 07 00 00 06 f5 07 00 00 07 f8 07 00 00 08 ff 07 00 00 09 ff 07 00 00 0a f9 07 00 00 0b f8 07 00 00 0c fd 07 00 00 0d f8 07 00 00 0e 00 08 00 00 0f 00 08 00 00
547000,00 84 04 10 00 00 00 00 00 01 00 00 00 00 02 00 00 00 00 03 00 00 00 00 04 00 00 00 00 05 00 00 00 00 06 00 00 00 00 07 00 00 00 00 08 00 00 00 00 09 00 00 00 00 0a 00 00 00 00 0b 00 00 00 00 0c 00 00 00 00 0d 00 00 00 00 0e 00 00 00 00 0f 00 00 00 00,00 84 04 10 00 fe 07 00 00 01 fb 07 00 00 02 f2 07 00 00 03 f5 07 00 00 04 fe 07 00 00 05 fe 07 00 00 06 f5 07 00 00 07 f8 07 00 00 08 ff 07 00 00 09 ff 07 00 00 0a f9 07 00 00 0b f8 07 00 00 0c fd 07 00 00 0d f8 07 00 00 0e 00 08 00 00 0f 00 08 00 00
562000,00 84 04 10 00 00 00 00 00 01 00 00 00 00 02 00 00 00 00 03 00 00 00 00 04 00 00 00 00 05 00 00 00 00 06 00 00 00 00 07 00 00 00 00 08 00 00 00 00 09 00 00 00 00 0a 00 00 00 00 0b 00 00 00 00 0c 00 00 00 00 0d 00 00 00 00 0e 00 00 00 00 0f 00 00 00 00,00 84 04 10 00 fe 07 00 00 01 fb 07 00 00 02 f2 07 00 00 03 f5 07 00 00 04 fe 07 00 00 05 fe 07 00 00 06 f5 07 00 00 07 f8 07 00 00 08 ff 07 00 00 09 ff 07 00 00 0a f9 07 00 00 0b f8 07 00 00 0c fd 07 00 00 0d f8 07 00 00 0e 00 08 00 00 0f 00 08 00 00
562000,00 84 04 10 00 00 00 00 00 01 00 00 00 00 02 00 00 00 00 03 00 00 00 00 04 00 00 00 00 05 00 00 00 00 06 00 00 00 00 07 00 00 00 00 08 00 00 00 00 09 00 00 00 00 0a 00 00 00 00 0b 00 00 00 00 0c 00 00 00 00 0d 00 00 00 00 0e 00 00 00 00 0f 00 00 00 00,00 84 04 10 00 fe 07 00 00 01 fb 07 00 00 02 f1 07 00 00 03 f5 07 00 00 04 fe 07 00 00 05 fe 07 00 00 06 f5 07 00 00 07 f8 07 00 00 08 ff 07 00 00 09 ff 07 00 00 0a fa 07 00 00 0b f8 07 00 00 0c fd 07 00 00 0d f8 07 00 00 0e 01 08 00 00 0f 00 08 00 00
578000,00 84 04 10 00 00 00 00 00 01 00 00 00 00 02 00 00 00 00 03 00 00 00 00 04 00 00 00 00 05 00 00 00 00 06 00 00 00 00 07 00 00 00 00 08 00 00 00 00 09 00 00 00 00 0a 00 00 00 00 0b 00 00 00 00 0c 00 00 00 00 0d 00 00 00 00 0e 00 00 00 00 0f 00 00 00 00,00 84 04 10 00 fe 07 00 00 01 fc 07 00 00 02 f1 07 00 00 03 f5 07 00 00 04 fe 07 00 00 05 fe 07 00 00 06 f5 07 00 00 07 f8 07 00 00 08 ff 07 00 00 09 ff 07 00 00 0a f9 07 00 00 0b f8 07 00 00 0c fd 07 00 00 0d f8 07 00 00 0e 01 08 00 00 0f 00 08 00 00
593000,00 84 04 10 00 00 00 00 00 01 00 00 00 00 02 00 00 00 00 03 00 00 00 00 04 00 00 00 00 05 00 00 00 00 06 00 00 00 00 07 00 00 00 00 08 00 00 00 00 09 00 00 00 00 0a 00 00 00 00 0b 00 00 00 00 0c 00 00 00 00 0d 00 00 00 00 0e 00 00 00 00 0f 00 00 00 00,00 84 04 10 00 fe 07 00 00 01 fb 07 00 00 02 f2 07 00 00 03 f5 07 00 00 04 fe 07 00 00 05 fe 07 00 00 06 f5 07 00 00 07 f8 07 00 00 08 ff 07 00 00 09 ff 07 00 00 0a f9 07 00 00 0b f8 07 00 00 0c fd 07 00 00 0d f8 07 00 00 0e 01 08 00 00 0f 00 08 00 00
593000,00 84 04 10 00 00 00 00 00 01 00 00 00 00 02 00 00 00 00 03 00 00 00 00 04 00 00 00 00 05 00 00 00 00 06 00 00 00 00 07 00 00 00 00 08 00 00 00 00 09 00 00 00 00 0a 00 00 00 00 0b 00 00 00 00 0c 00 00 00 00 0d 00 00 00 00 0e 00 00 00 00 0f 00 00 00 00,00 84 04 10 00 fe 07 00 00 01 fb 07 00 00 02 f1 07 00 00 03 f5 07 00 00 04 fe 07 00 00 05 fe 07 00 00 06 f5 07 00 00 07 f8 07 00 00 08 ff 07 00 00 09 ff 07 00 00 0a fa 07 00 00 0b f8 07 00 00 0c fd 07 00 00 0d f8 07 00 00 0e 00 08 00 00 0f 00 08 00 00
609000,00 84 04 10 00 00 00 00 00 01 00 00 00 00 02 00 00 00 00 03 00 00 00 00 04 00 00 00 00 05 00 00 00 00 06 00 00 00 00 07 00 00 00 00 08 00 00 00 00 09 00 00 00 00 0a 00 00 00 00 0b 00 00 00 00 0c 00 00 00 00 0d 00 00 00 00 0e 00 00 00 00 0f 00 00 00 00,00 84 04 10 00 fe 07 00 00 01 fb 07 00 00 02 f1 07 00 00 03 f5 07 00 00 04 fe 07 00 00 05 fe 07 00 00 06 f5 07 00 00 07 f8 07 00 00 08 ff 07 00 00 09 ff 07 00 00 0a f9 07 00 00 0b f8 07 00 00 0c fd 07 00 00 0d f8 07 00 00 0e 00 08 00 00 0f 00 08 00 00
625000,00 84 04 10 00 00 00 00 00 01 00 00 00 00 02 00 00 00 00 03 00 00 00 00 04 00 00 00 00 05 00 00 00 00 06 00 00 00 00 07 00 00 00 00 08 00 00 00 00 09 00 00 00 00 0a 00 00 00 00 0b 00 00 00 00 0c 00 00 00 00 0d 00 00 00 00 0e 00 00 00 00 0f 00 00 00 00,00 84 04 10 00 fe 07 00 00 01 fc 07 00 00 02 f1 07 00 00 03 f5 07 00 00 04 fe 07 00 00 05 fe 07 00 00 06 f5 07 00 00 07 f8 07 00 00 08 ff 07 00 00 09 ff 07 00 00 0a f9 07 00 00 0b f8 07 00 00 0c fd 07 00 00 0d f8 07 00 00 0e 01 08 00 00 0f 00 08 00 00
625000,00 84 04 10 00 00 00 00 00 01 00 00 00 00 02 00 00 00 00 03 00 00 00 00 04 00 00 00 00 05 00 00 00 00 06 00 00 00 00 07 00 00 00 00 08 00 00 00 00 09 00 00 00 00 0a 00 00 00 00 0b 00 00 00 00 0c 00 00 00 00 0d 00 00 00 00 0e 00 00 00 00 0f 00 00 00 00,00 84 04 10 00 fe 07 00 00 01 fb 07 00 00 02 f1 07 00 00 03 f5 07 00 00 04 fe 07 00 00 05 fe 07 00 00 06 f5 07 00 00 07 f8 07 00 00 08 ff 07 00 00 09 ff 07 00 00 0a f9 07 00 00 0b f8 07 00 00 0c fd 07 00 00 0d f9 07 00 00 0e 00 08 00 00 0f 00 08 00 00
640000,00 84 04 10 00 00 00 00 00 01 00 00 00 00 02 00 00 00 00 03 00 00 00 00 04 00 00 00 00 05 00 00 00 00 06 00 00 00 00 07 00 00 00 00 08 00 00 00 00 09 00 00 00 00 0a 00 00 00 00 0b 00 00 00 00 0c 00 00 00 00 0d 00 00 00 00 0e 00 00 00 00 0f 00 00 00 00,00 84 04 10 00 fe 07 00 00 01 fb 07 00 00 02 f2 07 00 00 03 f5 07 00 00 04 fe 07 00 00 05 fd 07 00 00 06 f5 07 00 00 07 f8 07 00 00 08 ff 07 00 00 09 ff 07 00 00 0a f9 07 00 00 0b f8 07 00 00 0c fd 07 00 00 0d f9 07 00 00 0e 01 08 00 00 0f 00 08 00 00
656000,00 84 04 10 00 00 00 00 00 01 00 00 00 00 02 00 00 00 00 03 00 00 00 00 04 00 00 00 00 05 00 00 00 00 06 00 00 00 00 07 00 00 00 00 08 00 00 00 00 09 00 00 00 00 0a 00 00 00 00 0b 00 00 00 00 0c 00 00 00 00 0d 00 00 00 00 0e 00 00 00 00 0f 00 00 00 00,00 84 04 10 00 fe 07 00 00 01 fb 07 00 00 02 f2 07 00 00 03 f5 07 00 00 04 fe 07 00 00 05 fe 07 00 00 06 f5 07 00 00 07 f8 07 00 00 08 ff 07 00 00 09 ff 07 00 00 0a f9 07 00 00 0b f8 07 00 00 0c fd 07 00 00 0d f8 07 00 00 0e 00 08 00 00 0f 00 08 00 00
656000,00 84 04 10 00 00 00 00 00 01 00 00 00 00 02 00 00 00 00 03 00 00 00 00 04 00 00 00 00 05 00 00 00 00 06 00 00 00 00 07 00 00 00 00 08 00 00 00 00 09 00 00 00 00 0a 00 00 00 00 0b 00 00 00 00 0c 00 00 00 00 0d 00 00 00 00 0e 00 00 00 00 0f 00 00 00 00,00 84 04 10 00 fe 07 00 00 01 fb 07 00 00 02 f1 07 00 00 03 f5 07 00 00 04 fe 07 00 00 05 fe 07 00 00 06 f5 07 00 00 07 f8 07 00 00 08 ff 07 00 00 09 ff 07 00 00 0a f9 07 00 00 0b f8 07 00 00 0c fd 07 00 00 0d f9 07 00 00 0e 00 08 00 00 0f 00 08 00 00
672000,00 84 04 10 00 00 00 00 00 01 00 00 00 00 02 00 00 00 00 03 00 00 00 00 04 00 00 00 00 05 00 00 00 00 06 00 00 00 00 07 00 00 00 00 08 00 00 00 00 09 00 00 00 00 0a 00 00 00 00 0b 00 00 00 00 0c 00 00 00 00 0d 00 00 00 00 0e 00 00 00 00 0f 00 00 00 00,00 84 04 10 00 fe 07 00 00 01 fb 07 00 00 02 f1 07 00 00 03 f5 07 00 00 04 fe 07 00 00 05 fe 07 00 00 06 f5 07 00 00 07 f8 07 00 00 08 ff 07 00 00 09 ff 07 00 00 0a f9 07 00 00 0b f8 07 00 00 0c fd 07 00 00 0d f8 07 00 00 0e 00 08 00 00 0f 00 08 00 00
687000,00 84 04 10 00 00 00 00 00 01 00 00 00 00 02 00 00 00 00 03 00 00 00 00 04 00 00 00 00 05 00 00 00 00 06 00 00 00 00 07 00 00 00 00 08 00 00 00 00 09 00 00 00 00 0a 00 00 00 00 0b 00 00 00 00 0c 00 00 00 00 0d 00 00 00 00 0e 00 00 00 00 0f 00 00 00 00,00 84 04 10 00 fe 07 00 00 01 fb 07 00 00 02 f2 07 00 00 03 f5 07 00 00 04 fe 07 00 00 05 fe 07 00 00 06 f5 07 00 00 07 f8 07 00 00 08 ff 07 00 00 09 ff 07 00 00 0a f9 07 00 00 0b f8 07 00 00 0c fd 07 00 00 0d f8 07 00 00 0e 00 08 00 00 0f 00 08 00 00
687000,00 84 04 10 00 00 00 00 00 01 00 00 00 00 02 00 00 00 00 03 00 00 00 00 04 00 00 00 00 05 00 00 00 00 06 00 00 00 00 07 00 00 00 00 08 00 00 00 00 09 00 00 00 00 0a 00 00 00 00 0b 00 00 00 00 0c 00 00 00 00 0d 00 00 00 00 0e 00 00 00 00 0f 00 00 00 00,00 84 04 10 00 fe 07 00 00 01 fc 07 00 00 02 f2 07 00 00 03 f5 07 00 00 04 fe 07 00 00 05 fe 07 00 00 06 f5 07 00 00 07 f8 07 00 00 08 ff 07 00 00 09 ff 07 00 00 0a f9 07 00 00 0b f8 07 00 00 0c fd 07 00 00 0d f8 07 00 00 0e 01 08 00 00 0f 00 08 00 00
703000,00 84 04 10 00 00 00 00 00 01 00 00 00 00 02 00 00 00 00 03 00 00 00 00 04 00 00 00 00 05 00 00 00 00 06 00 00 00 00 07 00 00 00 00 08 00 00 00 00 09 00 00 00 00 0a 00 00 00 00 0b 00 00 00 00 0c 00 00 00 00 0d 00 00 00 00 0e 00 00 00 00 0f 00 00 00 00,00 84 04 10 00 fe 07 00 00 01 fb 07 00 00 02 f1 07 00 00 03 f5 07 00 00 04 fe 07 00 00 05 fe 07 00 00 06 f5 07 00 00 07 f8 07 00 00 08 ff 07 00 00 09 ff 07 00 00 0a f9 07 00 00 0b f8 07 00 00 0c fd 07 00 00 0d f8 07 00 00 0e 00 08 00 00 0f 00 08 00 00
718000,00 84 04 10 00 00 00 00 00 01 00 00 00 00 02 00 00 00 00 03 00 00 00 00 04 00 00 00 00 05 00 00 00 00 06 00 00 00 00 07 00 00 00 00 08 00 00 00 00 09 00 00 00 00 0a 00 00 00 00 0b 00 00 00 00 0c 00 00 00 00 0d 00 00 00 00 0e 00 00 00 00 0f 00 00 00 00,00 84 04 10 00 fe 07 00 00 01 fb 07 00 00 02 f1 07 00 00 03 f5 07 00 00 04 fe 07 00 00 05 fe 07 00 00 06 f5 07 00 00 07 f8 07 00 00 08 ff 07 00 00 09 ff 07 00 00 0a fa 07 00 00 0b f8 07 00 00 0c fd 07 00 00 0d f8 07 00 00 0e 00 08 00 00 0f 00 08 00 00
718000,00 84 04 10 00 00 00 00 00 01 00 00 00 00 02 00 00 00 00 03 00 00 00 00 04 00 00 00 00 05 00 00 00 00 06 00 00 00 00 07 00 00 00 00 08 00 00 00 00 09 00 00 00 00 0a 00 00 00 00 0b 00 00 00 00 0c 00 00 00 00 0d 00 00 00 00 0e 00 00 00 00 0f 00 00 00 00,00 84 04 10 00 fe 07 00 00 01 fb 07 00 00 02 f1 07 00 00 03 f5 07 00 00 04 fe 07 00 00 05 fd 07 00 00 06 f5 07 00 00 07 f8 07 00 00 08 ff 07 00 00 09 ff 07 00 00 0a f9 07 00 00 0b f8 07 00 00 0c fd 07 00 00 0d f8 07 00 00 0e 00 08 00 00 0f 00 08 00 00
734000,00 84 04 10 00 00 00 00 00 01 00 00 00 00 02 00 00 00 00 03 00 00 00 00 04 00 00 00 00 05 00 00 00 00 06 00 00 00 00 07 00 00 00 00 08 00 00 00 00 09 00 00 00 00 0a 00 00 00 00 0b 00 00 00 00 0c 00 00 00 00 0d 00 00 00 00 0e 00 00 00 00 0f 00 00 00 00,00 84 04 10 00 fe 07 00 00 01 fb 07 00 00 02 f1 07 00 00 03 f5 07 00 00 04 fe 07 00 00 05 fe 07 00 00 06 f5 07 00 00 07 f8 07 00 00 08 ff 07 00 00 09 ff 07 00 00 0a f9 07 00 00 0b f8 07 00 00 0c fd 07 00 00 0d f9 07 00 00 0e 00 08 00 00 0f 00 08 00 00
734000,00 84 04 10 00 00 00 00 00 01 00 00 00 00 02 00 00 00 00 03 00 00 00 00 04 00 00 00 00 05 00 00 00 00 06 00 00 00 00 07 00 00 00 00 08 00 00 00 00 09 00 00 00 00 0a 00 00 00 00 0b 00 00 00 00 0c 00 00 00 00 0d 00 00 00 00 0e 00 00 00 00 0f 00 00 00 00,00 84 04 10 00 fe 07 00 00 01 fb 07 00 00 02 f2 07 00 00 03 f5 07 00 00 04 fe 07 00 00 05 fd 07 00 00 06 f5 07 00 00 07 f8 07 00 00 08 ff 07 00 00 09 ff 07 00 00 0a f9 07 00 00 0b f8 07 00 00 0c fd 07 00 00 0d f9 07 00 00 0e 01 08 00 00 0f 00 08 00 00
750000,00 84 04 10 00 00 00 00 00 01 00 00 00 00 02 00 00 00 00 03 00 00 00 00 04 00 00 00 00 05 00 00 00 00 06 00 00 00 00 07 00 00 00 00 08 00 00 00 00 09 00 00 00 00 0a 00 00 00 00 0b 00 00 00 00 0c 00 00 00 00 0d 00 00 00 00 0e 00 00 00 00 0f 00 00 00 00,00 84 04 10 00 fe 07 00 00 01 fb 07 00 00 02 f1 07 00 00 03 f5 07 00 00 04 fe 07 00 00 05 fe 07 00 00 06 f5 07 00 00 07 f8 07 00 00 08 ff 07 00 00 09 ff 07 00 00 0a f9 07 00 00 0b f8 07 00 00 0c fd 07 00 00 0d f9 07 00 00 0e 00 08 00 00 0f 00 08 00 00
765000,00 84 04 10 00 00 00 00 00 01 00 00 00 00 02 00 00 00 00 03 00 00 00 00 04 00 00 00 00 05 00 00 00 00 06 00 00 00 00 07 00 00 00 00 08 00 00 00 00 09 00 00 00 00 0a 00 00 00 00 0b 00 00 00 00 0c 00 00 00 00 0d 00 00 00 00 0e 00 00 00 00 0f 00 00 00 00,00 84 04 10 00 fe 07 00 00 01 fb 07 00 00 02 f1 07 00 00 03 f5 07 00 00 04 fe 07 00 00 05 fe 07 00 00 06 f5 07 00 00 07 f8 07 00 00 08 ff 07 00 00 09 ff 07 00 00 0a f9 07 00 00 0b f8 07 00 00 0c fd 07 00 00 0d f8 07 00 00 0e 00 08 00 00 0f 00 08 00 00
765000,00 84 04 10 00 00 00 00 00 01 00 00 00 00 02 00 00 00 00 03 00 00 00 00 04 00 00 00 00 05 00 00 00 00 06 00 00 00 00 07 00 00 00 00 08 00 00 00 00 09 00 00 00 00 0a 00 00 00 00 0b 00 00 00 00 0c 00 00 00 00 0d 00 00 00 00 0e 00 00 00 00 0f 00 00 00 00,00 84 04 10 00 fe 07 00 00 01 fc 07 00 00 02 f2 07 00 00 03 f5 07 00 00 04 fe 07 00 00 05 fd 07 00 00 06 f5 07 00 00 07 f8 07 00 00 08 ff 07 00 00 09 ff 07 00 00 0a f9 07 00 00 0b f8 07 00 00 0c fd 07 00 00 0d f9 07 00 00 0e 00 08 00 00 0f 00 08 00 00
781000,00 84 04 10 00 00 00 00 00 01 00 00 00 00 02 00 00 00 00 03 00 00 00 00 04 00 00 00 00 05 00 00 00 00 06 00 00 00 00 07 00 00 00 00 08 00 00 00 00 09 00 00 00 00 0a 00 00 00 00 0b 00 00 00 00 0c 00 00 00 00 0d 00 00 00 00 0e 00 00 00 00 0f 00 00 00 00,00 84 04 10 00 fe 07 00 00 01 fb 07 00 00 02 f1 07 00 00 03 f5 07 00 00 04 fe 07 00 00 05 fd 07 00 00 06 f5 07 00 00 07 f8 07 00 00 08 ff 07 00 00 09 ff 07 00 00 0a f9 07 00 00 0b f8 07 00 00 0c fd 07 00 00 0d f8 07 00 00 0e 01 08 00 00 0f 00 08 00 00
781000,00 84 04 10 00 00 00 00 00 01 00 00 00 00 02 00 00 00 00 03 00 00 00 00 04 00 00 00 00 05 00 00 00 00 06 00 00 00 00 07 00 00 00 00 08 00 00 00 00 09 00 00 00 00 0a 00 00 00 00 0b 00 00 00 00 0c 00 00 00 00 0d 00 00 00 00 0e 00 00 00 00 0f 00 00 00 00,00 84 04 10 00 fe 07 00 00 01 fb 07 00 00 02 f2 07 00 00 03 f5 07 00 00 04 fe 07 00 00 05 fe 07 00 00 06 f5 07 00 00 07 f8 07 00 00 08 ff 07 00 00 09 ff 07 00 00 0a f9 07 00 00 0b f8 07 00 00 0c fd 07 00 00 0d f8 07 00 00 0e 00 08 00 00 0f 00 08 00 00
797000,00 84 04 10 00 00 00 00 00 01 00 00 00 00 02 00 00 00 00 03 00 00 00 00 04 00 00 00 00 05 00 00 00 00 06 00 00 00 00 07 00 00 00 00 08 00 00 00 00 09 00 00 00 00 0a 00 00 00 00 0b 00 00 00 00 0c 00 00 00 00 0d 00 00 00 00 0e 00 00 00 00 0f 00 00 00 00,00 84 04 10 00 fe 07 00 00 01 fb 07 00 00 02 f1 07 00 00 03 f5 07 00 00 04 fe 07 00 00 05 fd 07 00 00 06 f5 07 00 00 07 f8 07 00 00 08 ff 07 00 00 09 ff 07 00 00 0a f9 07 00 00 0b f8 07 00 00 0c fd 07 00 00 0d f8 07 00 00 0e 00 08 00 00 0f 00 08 00 00
812000,00 84 04 10 00 00 00 00 00 01 00 00 00 00 02 00 00 00 00 03 00 00 00 00 04 00 00 00 00 05 00 00 00 00 06 00 00 00 00 07 00 00 00 00 08 00 00 00 00 09 00 00 00 00 0a 00 00 00 00 0b 00 00 00 00 0c 00 00 00 00 0d 00 00 00 00 0e 00 00 00 00 0f 00 00 00 00,00 84 04 10 00 fe 07 00 00 01 fb 07 00 00 02 f2 07 00 00 03 f5 07 00 00 04 fe 07 00 00 05 fe 07 00 00 06 f5 07 00 00 07 f8 07 00 00 08 ff 07 00 00 09 ff 07 00 00 0a fa 07 00 00 0b f8 07 00 00 0c fd 07 00 00 0d f8 07 00 00 0e 00 08 00 00 0f 00 08 00 00
812000,00 84 04 10 00 00 00 00 00 01 00 00 00 00 02 00 00 00 00 03 00 00 00 00 04 00 00 00 00 05 00 00 00 00 06 00 00 00 00 07 00 00 00 00 08 00 00 00 00 09 00 00 00 00 0a 00 00 00 00 0b 00 00 00 00 0c 00 00 00 00 0d 00 00 00 00 0e 00 00 00 00 0f 00 00 00 00,00 84 04 10 00 fe 07 00 00 01 fb 07 00 00 02 f2 07 00 00 03 f5 07 00 00 04 fe 07 00 00 05 fe 07 00 00 06 f5 07 00 00 07 f8 07 00 00 08 ff 07 00 00 09 ff 07 00 00 0a f9 07 00 00 0b f8 07 00 00 0c fd 07 00 00 0d f8 07 00 00 0e 00 08 00 00 0f 00 08 00 00
828000,00 84 04 10 00 00 00 00 00 01 00 00 00 00 02 00 00 00 00 03 00 00 00 00 04 00 00 00 00 05 00 00 00 00 06 00 00 00 00 07 00 00 00 00 08 00 00 00 00 09 00 00 00 00 0a 00 00 00 00 0b 00 00 00 00 0c 00 00 00 00 0d 00 00 00 00 0e 00 00 00 00 0f 00 00 00 00,00 84 04 10 00 fe 07 00 00 01 fb 07 00 00 02 f1 07 00 00 03 f5 07 00 00 04 fe 07 00 00 05 fe 07 00 00 06 f5 07 00 00 07 f8 07 00 00 08 ff 07 00 00 09 ff 07 00 00 0a f9 07 00 00 0b f8 07 00 00 0c fd 07 00 00 0d f9 07 00 00 0e 01 08 00 00 0f 00 08 00 00
828000,00 84 04 10 00 00 00 00 00 01 00 00 00 00 02 00 00 00 00 03 00 00 00 00 04 00 00 00 00 05 00 00 00 00 06 00 00 00 00 07 00 00 00 00 08 00 00 00 00 09 00 00 00 00 0a 00 00 00 00 0b 00 00 00 00 0c 00 00 00 00 0d 00 00 00 00 0e 00 00 00 00 0f 00 00 00 00,00 84 04 10 00 fe 07 00 00 01 fb 07 00 00 02 f1 07 00 00 03 f5 07 00 00 04 fe 07 00 00 05 fd 07 00 00 06 f5 07 00 00 07 f8 07 00 00 08 ff 07 00 00 09 ff 07 00 00 0a f9 07 00 00 0b f8 07 00 00 0c fd 07 00 00 0d f8 07 00 00 0e 00 08 00 00 0f 00 08 00 00
843000,00 84 04 10 00 00 00 00 00 01 00 00 00 00 02 00 00 00 00 03 00 00 00 00 04 00 00 00 00 05 00 00 00 00 06 00 00 00 00 07 00 00 00 00 08 00 00 00 00 09 00 00 00 00 0a 00 00 00 00 0b 00 00 00 00 0c 00 00 00 00 0d 00 00 00 00 0e 00 00 00 00 0f 00 00 00 00,00 84 04 10 00 fe 07 00 00 01 fb 07 00 00 02 f1 07 00 00 03 f5 07 00 00 04 fe 07 00 00 05 fe 07 00 00 06 f5 07 00 00 07 f8 07 00 00 08 ff 07 00 00 09 ff 07 00 00 0a f9 07 00 00 0b f8 07 00 00 0c fd 07 00 00 0d f9 07 00 00 0e 01 08 00 00 0f 00 08 00 00
859000,00 84 04 10 00 00 00 00 00 01 00 00 00 00 02 00 00 00 00 03 00 00 00 00 04 00 00 00 00 05 00 00 00 00 06 00 00 00 00 07 00 00 00 00 08 00 00 00 00 09 00 00 00 00 0a 00 00 00 00 0b 00 00 00 00 0c 00 00 00 00 0d 00 00 00 00 0e 00 00 00 00 0f 00 00 00 00,00 84 04 10 00 fe 07 00 00 01 fb 07 00 00 02 f2 07 00 00 03 f5 07 00 00 04 fe 07 00 00 05 fe 07 00 00 06 f5 07 00 00 07 f8 07 00 00 08 ff 07 00 00 09 ff 07 00 00 0a f9 07 00 00 0b f8 07 00 00 0c fd 07 00 00 0d f9 07 00 00 0e 00 08 00 00 0f 00 08 00 00
859000,00 84 04 10 00 00 00 00 00 01 00 00 00 00 02 00 00 00 00 03 00 00 00 00 04 00 00 00 00 05 00 00 00 00 06 00 00 00 00 07 00 00 00 00 08 00 00 00 00 09 00 00 00 00 0a 00 00 00 00 0b 00 00 00 00 0c 00 00 00 00 0d 00 00 00 00 0e 00 00 00 00 0f 00 00 00 00,00 84 04 10 00 fe 07 00 00 01 fb 07 00 00 02 f2 07 00 00 03 f5 07 00 00 04 fe 07 00 00 05 fe 07 00 00 06 f5 07 00 00 07 f8 07 00 00 08 ff 07 00 00 09 ff 07 00 00 0a f9 07 00 00 0b f8 07 00 00 0c fd 07 00 00 0d f8 07 00 00 0e 00 08 00 00 0f 00 08 00 00
875000,00 84 04 10 00 00 00 00 00 01 00 00 00 00 02 00 00 00 00 03 00 00 00 00 04 00 00 00 00 05 00 00 00 00 06 00 00 00 00 07 00 00 00 00 08 00 00 00 00 09 00 00 00 00 0a 00 00 00 00 0b 00 00 00 00 0c 00 00 00 00 0d 00 00 00 00 0e 00 00 00 00 0f 00 00 00 00,00 84 04 10 00 fe 07 00 00 01 fc 07 00 00 02 f1 07 00 00 03 f5 07 00 00 04 fe 07 00 00 05 fe 07 00 00 06 f5 07 00 00 07 f8 07 00 00 08 ff 07 00 00 09 ff 07 00 00 0a f9 07 00 00 0b f8 07 00 00 0c fd 07 00 00 0d f8 07 00 00 0e 01 08 00 00 0f 00 08 00 00
890000,00 84 04 10 00 00 00 00 00 01 00 00 00 00 02 00 00 00 00 03 00 00 00 00 04 00 00 00 00 05 00 00 00 00 06 00 00 00 00 07 00 00 00 00 08 00 00 00 00 09 00 00 00 00 0a 00 00 00 00 0b 00 00 00 00 0c 00 00 00 00 0d 00 00 00 00 0e 00 00 00 00 0f 00 00 00 00,00 84 04 10 00 fe 07 00 00 01 fb 07 00 00 02 f1 07 00 00 03 f5 07 00 00 04 fe 07 00 00 05 fe 07 00 00 06 f5 07 00 00 07 f8 07 00 00 08 ff 07 00 00 09 ff 07 00 00 0a f9 07 00 00 0b f8 07 00 00 0c fd 07 00 00 0d f9 07 00 00 0e 00 08 00 00 0f 00 08 00 00
890000,00 84 04 10 00 00 00 00 00 01 00 00 00 00 02 00 00 00 00 03 00 00 00 00 04 00 00 00 00 05 00 00 00 00 06 00 00 00 00 07 00 00 00 00 08 00 00 00 00 09 00 00 00 00 0a 00 00 00 00 0b 00 00 00 00 0c 00 00 00 00 0d 00 00 00 00 0e 00 00 00 00 0f 00 00 00 00,00 84 04 10 00 fe 07 00 00 01 fb 07 00 00 02 f2 07 00 00 03 f5 07 00 00 04 fe 07 00 00 05 fe 07 00 00 06 f5 07 00 00 07 f8 07 00 00 08 ff 07 00 00 09 ff 07 00 00 0a f9 07 00 00 0b f8 07 00 00 0c fd 07 00 00 0d f9 07 00 00 0e 01 08 00 00 0f 00 08 00 00
906000,00 84 04 10 00 00 00 00 00 01 00 00 00 00 02 00 00 00 00 03 00 00 00 00 04 00 00 00 00 05 00 00 00 00 06 00 00 00 00 07 00 00 00 00 08 00 00 00 00 09 00 00 00 00 0a 00 00 00 00 0b 00 00 00 00 0c 00 00 00 00 0d 00 00 00 00 0e 00 00 00 00 0f 00 00 00 00,00 84 04 10 00 fe 07 00 00 01 fb 07 00 00 02 f2 07 00 00 03 f5 07 00 00 04 fe 07 00 00 05 fd 07 00 00 06 f5 07 00 00 07 f8 07 00 00 08 ff 07 00 00 09 ff 07 00 00 0a fa 07 00 00 0b f8 07 00 00 0c fd 07 00 00 0d f8 07 00 00 0e 00 08 00 00 0f 00 08 00 00
906000,00 84 04 10 00 00 00 00 00 01 00 00 00 00 02 00 00 00 00 03 00 00 00 00 04 00 00 00 00 05 00 00 00 00 06 00 00 00 00 07 00 00 00 00 08 00 00 00 00 09 00 00 00 00 0a 00 00 00 00 0b 00 00 00 00 0c 00 00 00 00 0d 00 00 00 00 0e 00 00 00 00 0f 00 00 00 00,00 84 04 10 00 fe 07 00 00 01 fb 07 00 00 02 f2 07 00 00 03 f5 07 00 00 04 fe 07 00 00 05 fe 07 00 00 06 f5 07 00 00 07 f8 07 00 00 08 ff 07 00 00 09 ff 07 00 00 0a f9 07 00 00 0b f8 07 00 00 0c fd 07 00 00 0d f8 07 00 00 0e 01 08 00 00 0f 00 08 00 00
922000,00 84 04 10 00 00 00 00 00 01 00 00 00 00 02 00 00 00 00 03 00 00 00 00 04 00 00 00 00 05 00 00 00 00 06 00 00 00 00 07 00 00 00 00 08 00 00 00 00 09 00 00 00 00 0a 00 00 00 00 0b 00 00 00 00 0c 00 00 00 00 0d 00 00 00 00 0e 00 00 00 00 0f 00 00 00 00,00 84 04 10 00 fe 07 00 00 01 fb 07 00 00 02 f1 07 00 00 03 f5 07 00 00 04 fe 07 00 00 05 fe 07 00 00 06 f5 07 00 00 07 f8 07 00 00 08 ff 07 00 00 09 ff 07 00 00 0a fa 07 00 00 0b f8 07 00 00 0c fd 07 00 00 0d f9 07 00 00 0e 00 08 00 00 0f 00 08 00 00
937000,00 84 04 10 00 00 00 00 00 01 00 00 00 00 02 00 00 00 00 03 00 00 00 00 04 00 00 00 00 05 00 00 00 00 06 00 00 00 00 07 00 00 00 00 08 00 00 00 00 09 00 00 00 00 0a 00 00 00 00 0b 00 00 00 00 0c 00 00 00 00 0d 00 00 00 00 0e 00 00 00 00 0f 00 00 00 00,00 84 04 10 00 fe 07 00 00 01 fb 07 00 00 02 f1 07 00 00 03 f5 07 00 00 04 fe 07 00 00 05 fd 07 00 00 06 f5 07 00 00 07 f8 07 00 00 08 ff 07 00 00 09 ff 07 00 00 0a fa 07 00 00 0b f8 07 00 00 0c fd 07 00 00 0d f9 07 00 00 0e 00 08 00 00 0f 00 08 00 00
937000,00 84 04 10 00 00 00 00 00 01 00 00 00 00 02 00 00 00 00 03 00 00 00 00 04 00 00 00 00 05 00 00 00 00 06 00 00 00 00 07 00 00 00 00 08 00 00 00 00 09 00 00 00 00 0a 00 00 00 00 0b 00 00 00 00 0c 00 00 00 00 0d 00 00 00 00 0e 00 00 00 00 0f 00 00 00 00,00 84 04 10 00 fe 07 00 00 01 fb 07 00 00 02 f1 07 00 00 03 f5 07 00 00 04 fe 07 00 00 05 fe 07 00 00 06 f5 07 00 00 07 f8 07 00 00 08 ff 07 00 00 09 ff 07 00 00 0a f9 07 00 00 0b f8 07 00 00 0c fd 07 00 00 0d f9 07 00 00 0e 00 08 00 00 0f 00 08 00 00
953000,00 84 04 10 00 00 00 00 00 01 00 00 00 00 02 00 00 00 00 03 00 00 00 00 04 00 00 00 00 05 00 00 00 00 06 00 00 00 00 07 00 00 00 00 08 00 00 00 00 09 00 00 00 00 0a 00 00 00 00 0b 00 00 00 00 0c 00 00 00 00 0d 00 00 00 00 0e 00 00 00 00 0f 00 00 00 00,00 84 04 10 00 fe 07 00 00 01 fc 07 00 00 02 f1 07 00 00 03 f5 07 00 00 04 fe 07 00 00 05 fd 07 00 00 06 f5 07 00 00 07 f8 07 00 00 08 ff 07 00 00 09 ff 07 00 00 0a f9 07 00 00 0b f8 07 00 00 0c fd 07 00 00 0d f8 07 00 00 0e 01 08 00 00 0f 00 08 00 00
953000,00 84 04 10 00 00 00 00 00 01 00 00 00 00 02 00 00 00 00 03 00 00 00 00 04 00 00 00 00 05 00 00 00 00 06 00 00 00 00 07 00 00 00 00 08 00 00 00 00 09 00 00 00 00 0a 00 00 00 00 0b 00 00 00 00 0c 00 00 00 00 0d 00 00 00 00 0e 00 00 00 00 0f 00 00 00 00,00 84 04 10 00 fe 07 00 00 01 fb 07 00 00 02 f1 07 00 00 03 f5 07 00 00 04 fe 07 00 00 05 fe 07 00 00 06 f5 07 00 00 07 f8 07 00 00 08 ff 07 00 00 09 ff 07 00 00 0a fa 07 00 00 0b f8 07 00 00 0c fd 07 00 00 0d f9 07 00 00 0e 00 08 00 00 0f 00 08 00 00
968000,00 84 04 10 00 00 00 00 00 01 00 00 00 00 02 00 00 00 00 03 00 00 00 00 04 00 00 00 00 05 00 00 00 00 06 00 00 00 00 07 00 00 00 00 08 00 00 00 00 09 00 00 00 00 0a 00 00 00 00 0b 00 00 00 00 0c 00 00 00 00 0d 00 00 00 00 0e 00 00 00 00 0f 00 00 00 00,00 84 04 10 00 fe 07 00 00 01 fb 07 00 00 02 f1 07 00 00 03 f5 07 00 00 04 fe 07 00 00 05 fe 07 00 00 06 f5 07 00 00 07 f8 07 00 00 08 ff 07 00 00 09 ff 07 00 00 0a f9 07 00 00 0b f8 07 00 00 0c fd 07 00 00 0d f9 07 00 00 0e 00 08 00 00 0f 00 08 00 00
984000,00 84 04 10 00 00 00 00 00 01 00 00 00 00 02 00 00 00 00 03 00 00 00 00 04 00 00 00 00 05 00 00 00 00 06 00 00 00 00 07 00 00 00 00 08 00 00 00 00 09 00 00 00 00 0a 00 00 00 00 0b 00 00 00 00 0c 00 00 00 00 0d 00 00 00 00 0e 00 00 00 00 0f 00 00 00 00,00 84 04 10 00 fe 07 00 00 01 fc 07 00 00 02 f2 07 00 00 03 f5 07 00 00 04 fe 07 00 00 05 fd 07 00 00 06 f5 07 00 00 07 f8 07 00 00 08 ff 07 00 00 09 ff 07 00 00 0a f9 07 00 00 0b f8 07 00 00 0c fd 07 00 00 0d f9 07 00 00 0e 00 08 00 00 0f 00 08 00 00
984000,00 84 04 10 00 00 00 00 00 01 00 00 00 00 02 00 00 00 00 03 00 00 00 00 04 00 00 00 00 05 00 00 00 00 06 00 00 00 00 07 00 00 00 00 08 00 00 00 00 09 00 00 00 00 0a 00 00 00 00 0b 00 00 00 00 0c 00 00 00 00 0d 00 00 00 00 0e 00 00 00 00 0f 00 00 00 00,00 84 04 10 00 fe 07 00 00 01 fb 07 00 00 02 f2 07 00 00 03 f5 07 00 00 04 fe 07 00 00 05 fd 07 00 00 06 f5 07 00 00 07 f8 07 00 00 08 ff 07 00 00 09 ff 07 00 00 0a f9 07 00 00 0b f8 07 00 00 0c fd 07 00 00 0d f9 07 00 00 0e 00 08 00 00 0f 00 08 00 00
1000000,00 84 04 10 00 00 00 00 00 01 00 00 00 00 02 00 00 00 00 03 00 00 00 00 04 00 00 00 00 05 00 00 00 00 06 00 00 00 00 07 00 00 00 00 08 00 00 00 00 09 00 00 00 00 0a 00 00 00 00 0b 00 00 00 00 0c 00 00 00 00 0d 00 00 00 00 0e 00 00 00 00 0f 00 00 00 00,00 84 04 10 00 fe 07 00 00 01 fb 07 00 00 02 f2 07 00 00 03 f5 07 00 00 04 fe 07 00 00 05 fe 07 00 00 06 f5 07 00 00 07 f8 07 00 00 08 ff 07 00 00 09 ff 07 00 00 0a f9 07 00 00 0b f8 07 00 00 0c fd 07 00 00 0d f9 07 00 00 0e 00 08 00 00 0f 00 08 00 00
1000000,01 74 04 10 00 0f 08 00 00 01 d2 07 00 00 02 ec 07 00 00 03 15 08 00 00 04 15 08 00 00 05 d4 07 00 00 06 da 07 00 00 07 18 08 00 00 08 27 08 00 00 09 ff 07 00 00 0a f6 07 00 00 0b f7 07 00 00 0c 05 08 00 00 0d 1d 08 00 00 0e db 07 00 00 0f e0 07 00 00,01 74 04 10 00 0f 08 00 00 01 d2 07 00 00 02 ec 07 00 00 03 15 08 00 00 04 15 08 00 00 05 d4 07 00 00 06 da 07 00 00 07 18 08 00 00 08 27 08 00 00 09 ff 07 00 00 0a f6 07 00 00 0b f7 07 00 00 0c 05 08 00 00 0d 1d 08 00 00 0e db 07 00 00 0f e0 07 00 00
1125000,00 84 04 10 00 00 00 00 00 01 00 00 00 00 02 00 00 00 00 03 00 00 00 00 04 00 00 00 00 05 00 00 00 00 06 00 00 00 00 07 00 00 00 00 08 00 00 00 00 09 00 00 00 00 0a 00 00 00 00 0b 00 00 00 00 0c 00 00 00 00 0d 00 00 00 00 0e 00 00 00 00 0f 00 00 00 00,00 84 04 0e 00 0b 08 00 00 01 d8 07 00 00 02 ea 07 00 00 03 0b 08 00 00 04 10 08 00 00 05 e2 07 00 00 06 dc 07 00 00 07 14 08 00 00 08 18 08 00 00 09 f8 07 00 00 0a f3 07 00 00 0b f6 07 00 00 0c 07 08 00 00 0d 15 08 00 00 ff 00 00 00 00 ff 00 00 00 00
1125000,01 40 01 10 00 00 00 00 00 01 00 00 00 00 02 00 00 00 00 03 00 00 00 00 04 00 00 00 00 05 00 00 00 00 06 00 00 00 00 07 00 00 00 00 08 00 00 00 00 09 00 00 00 00 0a 00 00 00 00 0b 00 00 00 00 0c 00 00 00 00 0d 00 00 00 00 0e 00 00 00 00 0f 00 00 00 00,01 40 01 10 00 00 00 00 00 01 00 00 00 00 02 00 00 00 00 03 00 00 00 00 04 00 00 00 00 05 00 00 00 00 06 00 00 00 00 07 00 00 00 00 08 00 00 00 00 09 00 00 00 00 0a 00 00 00 00 0b 00 00 00 00 0c 00 00 00 00 0d 00 00 00 00 0e 00 00 00 00 0f 00 00 00 00
0,01 26 02 10 00 96 00 00 00 01 96 00 00 00 02 96 00 00 00 03 96 00 00 00 04 96 00 00 00 05 96 00 00 00 06 96 00 00 00 07 96 00 00 00 08 96 00 00 00 09 96 00 00 00 0a 96 00 00 00 0b 96 00 00 00 0c 96 00 00 00 0d 96 00 00 00 0e 96 00 00 00 0f 96 00 00 00,01 26 02 10 00 96 00 00 00 01 96 00 00 00 02 96 00 00 00 03 96 00 00 00 04 96 00 00 00 05 96 00 00 00 06 96 00 00 00 07 96 00 00 00 08 96 00 00 00 09 96 00 00 00 0a 96 00 00 00 0b 96 00 00 00 0c 96 00 00 00 0d 96 00 00 00 0e 96 00 00 00 0f 96 00 00 00
0,01 0b 01 10 00 03 00 00 00 01 03 00 00 00 02 03 00 00 00 03 03 00 00 00 04 03 00 00 00 05 03 00 00 00 06 03 00 00 00 07 03 00 00 00 08 03 00 00 00 09 03 00 00 00 0a 03 00 00 00 0b 03 00 00 00 0c 03 00 00 00 0d 03 00 00 00 0e 03 00 00 00 0f 03 00 00 00,01 0b 01 10 00 03 00 00 00 01 03 00 00 00 02 03 00 00 00 03 03 00 00 00 04 03 00 00 00 05 03 00 00 00 06 03 00 00 00 07 03 00 00 00 08 03 00 00 00 09 03 00 00 00 0a 03 00 00 00 0b 03 00 00 00 0c 03 00 00 00 0d 03 00 00 00 0e 03 00 00 00 0f 03 00 00 00
0,01 40 01 10 00 01 00 00 00 01 01 00 00 00 02 01 00 00 00 03 01 00 00 00 04 01 00 00 00 05 01 00 00 00 06 01 00 00 00 07 01 00 00 00 08 01 00 00 00 09 01 00 00 00 0a 01 00 00 00 0b 01 00 00 00 0c 01 00 00 00 0d 01 00 00 00 0e 01 00 00 00 0f 01 00 00 00,01 40 01 10 00 01 00 00 00 01 01 00 00 00 02 01 00 00 00 03 01 00 00 00 04 01 00 00 00 05 01 00 00 00 06 01 00 00 00 07 01 00 00 00 08 01 00 00 00 09 01 00 00 00 0a 01 00 00 00 0b 01 00 00 00 0c 01 00 00 00 0d 01 00 00 00 0e 01 00 00 00 0f 01 00 00 00
16000,01 74 04 10 00 00 08 00 00 01 00 08 00 00 02 00 08 00 00 03 00 08 00 00 04 00 08 00 00 05 00 08 00 00 06 00 08 00 00 07 00 08 00 00 08 00 08 00 00 09 00 08 00 00 0a 00 08 00 00 0b 00 08 00 00 0c 00 08 00 00 0d 00 08 00 00 0e 00 08 00 00 0f 00 08 00 00,01 74 04 10 00 00 08 00 00 01 00 08 00 00 02 00 08 00 00 03 00 08 00 00 04 00 08 00 00 05 00 08 00 00 06 00 08 00 00 07 00 08 00 00 08 00 08 00 00 09 00 08 00 00 0a 00 08 00 00 0b 00 08 00 00 0c 00 08 00 00 0d 00 08 00 00 0e 00 08 00 00 0f 00 08 00 00
16000,00 84 04 10 00 00 00 00 00 01 00 00 00 00 02 00 00 00 00 03 00 00 00 00 04 00 00 00 00 05 00 00 00 00 06 00 00 00 00 07 00 00 00 00 08 00 00 00 00 09 00 00 00 00 0a 00 00 00 00 0b 00 00 00 00 0c 00 00 00 00 0d 00 00 00 00 0e 00 00 00 00 0f 00 00 00 00,00 84 04 10 00 08 08 00 00 01 e9 07 00 00 02 d1 07 00 00 03 ea 07 00 00 04 0c 08 00 00 05 e3 07 00 00 06 dd 07 00 00 07 0d 08 00 00 08 0e 08 00 00 09 eb 07 00 00 0a f0 07 00 00 0b f4 07 00 00 0c 10 08 00 00 0d 15 08 00 00 0e df 07 00 00 0f e2 07 00 00
32000,00 84 04 10 00 00 00 00 00 01 00 00 00 00 02 00 00 00 00 03 00 00 00 00 04 00 00 00 00 05 00 00 00 00 06 00 00 00 00 07 00 00 00 00 08 00 00 00 00 09 00 00 00 00 0a 00 00 00 00 0b 00 00 00 00 0c 00 00 00 00 0d 00 00 00 00 0e 00 00 00 00 0f 00 00 00 00,00 84 04 10 00 08 08 00 00 01 e9 07 00 00 02 d1 07 00 00 03 eb 07 00 00 04 0b 08 00 00 05 e3 07 00 00 06 de 07 00 00 07 0d 08 00 00 08 0e 08 00 00 09 eb 07 00 00 0a f0 07 00 00 0b f4 07 00 00 0c 10 08 00 00 0d 14 08 00 00 0e df 07 00 00 0f e3 07 00 00
47000,00 84 04 10 00 00 00 00 00 01 00 00 00 00 02 00 00 00 00 03 00 00 00 00 04 00 00 00 00 05 00 00 00 00 06 00 00 00 00 07 00 00 00 00 08 00 00 00 00 09 00 00 00 00 0a 00 00 00 00 0b 00 00 00 00 0c 00 00 00 00 0d 00 00 00 00 0e 00 00 00 00 0f 00 00 00 00,00 84 04 10 00 07 08 00 00 01 ec 07 00 00 02 d4 07 00 00 03 ed 07 00 00 04 0b 08 00 00 05 e5 07 00 00 06 e0 07 00 00 07 0b 08 00 00 08 0d 08 00 00 09 ed 07 00 00 0a f1 07 00 00 0b f5 07 00 00 0c 0e 08 00 00 0d 11 08 00 00 0e e2 07 00 00 0f e6 07 00 00
47000,00 84 04 10 00 00 00 00 00 01 00 00 00 00 02 00 00 00 00 03 00 00 00 00 04 00 00 00 00 05 00 00 00 00 06 00 00 00 00 07 00 00 00 00 08 00 00 00 00 09 00 00 00 00 0a 00 00 00 00 0b 00 00 00 00 0c 00 00 00 00 0d 00 00 00 00 0e 00 00 00 00 0f 00 00 00 00,00 84 04 10 00 06 08 00 00 01 ee 07 00 00 02 da 07 00 00 03 ef 07 00 00 04 0a 08 00 00 05 e9 07 00 00 06 e4 07 00 00 07 09 08 00 00 08 0c 08 00 00 09 f0 07 00 00 0a f3 07 00 00 0b f6 07 00 00 0c 0c 08 00 00 0d 0e 08 00 00 0e e8 07 00 00 0f ec 07 00 00
63000,00 84 04 10 00 00 00 00 00 01 00 00 00 00 02 00 00 00 00 03 00 00 00 00 04 00 00 00 00 05 00 00 00 00 06 00 00 00 00 07 00 00 00 00 08 00 00 00 00 09 00 00 00 00 0a 00 00 00 00 0b 00 00 00 00 0c 00 00 00 00 0d 00 00 00 00 0e 00 00 00 00 0f 00 00 00 00,00 84 04 10 00 06 08 00 00 01 f0 07 00 00 02 e1 07 00 00 03 f2 07 00 00 04 09 08 00 00 05 ed 07 00 00 06 e8 07 00 00 07 06 08 00 00 08 0a 08 00 00 09 f3 07 00 00 0a f4 07 00 00 0b f7 07 00 00 0c 0a 08 00 00 0d 0b 08 00 00 0e ed 07 00 00 0f f1 07 00 00
78000,00 84 04 10 00 00 00 00 00 01 00 00 00 00 02 00 00 00 00 03 00 00 00 00 04 00 00 00 00 05 00 00 00 00 06 00 00 00 00 07 00 00 00 00 08 00 00 00 00 09 00 00 00 00 0a 00 00 00 00 0b 00 00 00 00 0c 00 00 00 00 0d 00 00 00 00 0e 00 00 00 00 0f 00 00 00 00,00 84 04 0e 00 05 08 00 00 01 f2 07 00 00 02 e9 07 00 00 03 f4 07 00 00 04 07 08 00 00 05 f1 07 00 00 06 ee 07 00 00 07 03 08 00 00 08 09 08 00 00 09 f7 07 00 00 0a f6 07 00 00 0b f7 07 00 00 0c 07 08 00 00 0d 07 08 00 00 ff 00 00 00 00 ff 00 00 00 00
78000,01 40 01 10 00 00 00 00 00 01 00 00 00 00 02 00 00 00 00 03 00 00 00 00 04 00 00 00 00 05 00 00 00 00 06 00 00 00 00 07 00 00 00 00 08 00 00 00 00 09 00 00 00 00 0a 00 00 00 00 0b 00 00 00 00 0c 00 00 00 00 0d 00 00 00 00 0e 00 00 00 00 0f 00 00 00 00,01 40 01 10 00 00 00 00 00 01 00 00 00 00 02 00 00 00 00 03 00 00 00 00 04 00 00 00 00 05 00 00 00 00 06 00 00 00 00 07 00 00 00 00 08 00 00 00 00 09 00 00 00 00 0a 00 00 00 00 0b 00 00 00 00 0c 00 00 00 00 0d 00 00 00 00 0e 00 00 00 00 0f 00 00 00 00
0,01 26 02 10 00 96 00 00 00 01 96 00 00 00 02 96 00 00 00 03 96 00 00 00 04 96 00 00 00 05 96 00 00 00 06 96 00 00 00 07 96 00 00 00 08 96 00 00 00 09 96 00 00 00 0a 96 00 00 00 0b 96 00 00 00 0c 96 00 00 00 0d 96 00 00 00 0e 96 00 00 00 0f 96 00 00 00,01 26 02 10 00 96 00 00 00 01 96 00 00 00 02 96 00 00 00 03 96 00 00 00 04 96 00 00 00 05 96 00 00 00 06 96 00 00 00 07 96 00 00 00 08 96 00 00 00 09 96 00 00 00 0a 96 00 00 00 0b 96 00 00 00 0c 96 00 00 00 0d 96 00 00 00 0e 96 00 00 00 0f 96 00 00 00
16000,01 0b 01 10 00 03 00 00 00 01 03 00 00 00 02 03 00 00 00 03 03 00 00 00 04 03 00 00 00 05 03 00 00 00 06 03 00 00 00 07 03 00 00 00 08 03 00 00 00 09 03 00 00 00 0a 03 00 00 00 0b 03 00 00 00 0c 03 00 00 00 0d 03 00 00 00 0e 03 00 00 00 0f 03 00 00 00,01 0b 01 10 00 03 00 00 00 01 03 00 00 00 02 03 00 00 00 03 03 00 00 00 04 03 00 00 00 05 03 00 00 00 06 03 00 00 00 07 03 00 00 00 08 03 00 00 00 09 03 00 00 00 0a 03 00 00 00 0b 03 00 00 00 0c 03 00 00 00 0d 03 00 00 00 0e 03 00 00 00 0f 03 00 00 00
16000,01 40 01 10 00 01 00 00 00 01 01 00 00 00 02 01 00 00 00 03 01 00 00 00 04 01 00 00 00 05 01 00 00 00 06 01 00 00 00 07 01 00 00 00 08 01 00 00 00 09 01 00 00 00 0a 01 00 00 00 0b 01 00 00 00 0c 01 00 00 00 0d 01 00 00 00 0e 01 00 00 00 0f 01 00 00 00,01 40 01 10 00 01 00 00 00 01 01 00 00 00 02 01 00 00 00 03 01 00 00 00 04 01 00 00 00 05 01 00 00 00 06 01 00 00 00 07 01 00 00 00 08 01 00 00 00 09 01 00 00 00 0a 01 00 00 00 0b 01 00 00 00 0c 01 00 00 00 0d 01 00 00 00 0e 01 00 00 00 0f 01 00 00 00
16000,01 74 04 10 00 00 08 00 00 01 00 08 00 00 02 00 08 00 00 03 00 08 00 00 04 00 08 00 00 05 00 08 00 00 06 00 08 00 00 07 00 08 00 00 08 00 08 00 00 09 00 08 00 00 0a 00 08 00 00 0b 00 08 00 00 0c 00 08 00 00 0d 00 08 00 00 0e 00 08 00 00 0f 00 08 00 00,01 74 04 10 00 00 08 00 00 01 00 08 00 00 02 00 08 00 00 03 00 08 00 00 04 00 08 00 00 05 00 08 00 00 06 00 08 00 00 07 00 08 00 00 08 00 08 00 00 09 00 08 00 00 0a 00 08 00 00 0b 00 08 00 00 0c 00 08 00 00 0d 00 08 00 00 0e 00 08 00 00 0f 00 08 00 00
141000,00 84 04 10 00 00 00 00 00 01 00 00 00 00 02 00 00 00 00 03 00 00 00 00 04 00 00 00 00 05 00 00 00 00 06 00 00 00 00 07 00 00 00 00 08 00 00 00 00 09 00 00 00 00 0a 00 00 00 00 0b 00 00 00 00 0c 00 00 00 00 0d 00 00 00 00 0e 00 00 00 00 0f 00 00 00 00,00 84 04 0e 00 01 08 00 00 01 f4 07 00 00 02 f1 07 00 00 03 f5 07 00 00 04 04 08 00 00 05 f5 07 00 00 06 f6 07 00 00 07 f8 07 00 00 08 05 08 00 00 09 fc 07 00 00 0a f7 07 00 00 0b f7 07 00 00 0c 02 08 00 00 0d fd 07 00 00 ff 00 00 00 00 ff 00 00 00 00
141000,01 40 01 10 00 00 00 00 00 01 00 00 00 00 02 00 00 00 00 03 00 00 00 00 04 00 00 00 00 05 00 00 00 00 06 00 00 00 00 07 00 00 00 00 08 00 00 00 00 09 00 00 00 00 0a 00 00 00 00 0b 00 00 00 00 0c 00 00 00 00 0d 00 00 00 00 0e 00 00 00 00 0f 00 00 00 00,01 40 01 10 00 00 00 00 00 01 00 00 00 00 02 00 00 00 00 03 00 00 00 00 04 00 00 00 00 05 00 00 00 00 06 00 00 00 00 07 00 00 00 00 08 00 00 00 00 09 00 00 00 00 0a 00 00 00 00 0b 00 00 00 00 0c 00 00 00 00 0d 00 00 00 00 0e 00 00 00 00 0f 00 00 00 00
0,01 26 02 10 00 96 00 00 00 01 96 00 00 00 02 96 00 00 00 03 96 00 00 00 04 96 00 00 00 05 96 00 00 00 06 96 00 00 00 07 96 00 00 00 08 96 00 00 00 09 96 00 00 00 0a 96 00 00 00 0b 96 00 00 00 0c 96 00 00 00 0d 96 00 00 00 0e 96 00 00 00 0f 96 00 00 00,01 26 02 10 00 96 00 00 00 01 96 00 00 00 02 96 00 00 00 03 96 00 00 00 04 96 00 00 00 05 96 00 00 00 06 96 00 00 00 07 96 00 00 00 08 96 00 00 00 09 96 00 00 00 0a 96 00 00 00 0b 96 00 00 00 0c 96 00 00 00 0d 96 00 00 00 0e 96 00 00 00 0f 96 00 00 00
0,01 0b 01 10 00 03 00 00 00 01 03 00 00 00 02 03 00 00 00 03 03 00 00 00 04 03 00 00 00 05 03 00 00 00 06 03 00 00 00 07 03 00 00 00 08 03 00 00 00 09 03 00 00 00 0a 03 00 00 00 0b 03 00 00 00 0c 03 00 00 00 0d 03 00 00 00 0e 03 00 00 00 0f 03 00 00 00,01 0b 01 10 00 03 00 00 00 01 03 00 00 00 02 03 00 00 00 03 03 00 00 00 04 03 00 00 00 05 03 00 00 00 06 03 00 00 00 07 03 00 00 00 08 03 00 00 00 09 03 00 00 00 0a 03 00 00 00 0b 03 00 00 00 0c 03 00 00 00 0d 03 00 00 00 0e 03 00 00 00 0f 03 00 00 00
15000,01 40 01 10 00 01 00 00 00 01 01 00 00 00 02 01 00 00 00 03 01 00 00 00 04 01 00 00 00 05 01 00 00 00 06 01 00 00 00 07 01 00 00 00 08 01 00 00 00 09 01 00 00 00 0a 01 00 00 00 0b 01 00 00 00 0c 01 00 00 00 0d 01 00 00 00 0e 01 00 00 00 0f 01 00 00 00,01 40 01 10 00 01 00 00 00 01 01 00 00 00 02 01 00 00 00 03 01 00 00 00 04 01 00 00 00 05 01 00 00 00 06 01 00 00 00 07 01 00 00 00 08 01 00 00 00 09 01 00 00 00 0a 01 00 00 00 0b 01 00 00 00 0c 01 00 00 00 0d 01 00 00 00 0e 01 00 00 00 0f 01 00 00 00
15000,01 74 04 10 00 00 08 00 00 01 00 08 00 00 02 00 08 00 00 03 00 08 00 00 04 00 08 00 00 05 00 08 00 00 06 00 08 00 00 07 00 08 00 00 08 00 08 00 00 09 00 08 00 00 0a 00 08 00 00 0b 00 08 00 00 0c 00 08 00 00 0d 00 08 00 00 0e 00 08 00 00 0f 00 08 00 00,01 74 04 10 00 00 08 00 00 01 00 08 00 00 02 00 08 00 00 03 00 08 00 00 04 00 08 00 00 05 00 08 00 00 06 00 08 00 00 07 00 08 00 00 08 00 08 00 00 09 00 08 00 00 0a 00 08 00 00 0b 00 08 00 00 0c 00 08 00 00 0d 00 08 00 00 0e 00 08 00 00 0f 00 08 00 00
31000,00 84 04 10 00 00 00 00 00 01 00 00 00 00 02 00 00 00 00 03 00 00 00 00 04 00 00 00 00 05 00 00 00 00 06 00 00 00 00 07 00 00 00 00 08 00 00 00 00 09 00 00 00 00 0a 00 00 00 00 0b 00 00 00 00 0c 00 00 00 00 0d 00 00 00 00 0e 00 00 00 00 0f 00 00 00 00,00 84 04 10 00 02 08 00 00 01 f1 07 00 00 02 cf 07 00 00 03 e4 07 00 00 04 05 08 00 00 05 eb 07 00 00 06 e7 07 00 00 07 f1 07 00 00 08 07 08 00 00 09 f3 07 00 00 0a ee 07 00 00 0b ef 07 00 00 0c 0d 08 00 00 0d 01 08 00 00 0e ff 07 00 00 0f 00 08 00 00
31000,00 84 04 10 00 00 00 00 00 01 00 00 00 00 02 00 00 00 00 03 00 00 00 00 04 00 00 00 00 05 00 00 00 00 06 00 00 00 00 07 00 00 00 00 08 00 00 00 00 09 00 00 00 00 0a 00 00 00 00 0b 00 00 00 00 0c 00 00 00 00 0d 00 00 00 00 0e 00 00 00 00 0f 00 00 00 00,00 84 04 10 00 02 08 00 00 01 f2 07 00 00 02 d0 07 00 00 03 e5 07 00 00 04 05 08 00 00 05 eb 07 00 00 06 e7 07 00 00 07 f1 07 00 00 08 06 08 00 00 09 f4 07 00 00 0a ef 07 00 00 0b f0 07 00 00 0c 0d 08 00 00 0d 01 08 00 00 0e ff 07 00 00 0f 00 08 00 00
47000,00 84 04 10 00 00 00 00 00 01 00 00 00 00 02 00 00 00 00 03 00 00 00 00 04 00 00 00 00 05 00 00 00 00 06 00 00 00 00 07 00 00 00 00 08 00 00 00 00 09 00 00 00 00 0a 00 00 00 00 0b 00 00 00 00 0c 00 00 00 00 0d 00 00 00 00 0e 00 00 00 00 0f 00 00 00 00,00 84 04 10 00 01 08 00 00 01 f4 07 00 00 02 d6 07 00 00 03 e9 07 00 00 04 04 08 00 00 05 ed 07 00 00 06 ea 07 00 00 07 f3 07 00 00 08 06 08 00 00 09 f5 07 00 00 0a f0 07 00 00 0b f2 07 00 00 0c 0b 08 00 00 0d 01 08 00 00 0e ff 07 00 00 0f 00 08 00 00
62000,00 84 04 10 00 00 00 00 00 01 00 00 00 00 02 00 00 00 00 03 00 00 00 00 04 00 00 00 00 05 00 00 00 00 06 00 00 00 00 07 00 00 00 00 08 00 00 00 00 09 00 00 00 00 0a 00 00 00 00 0b 00 00 00 00 0c 00 00 00 00 0d 00 00 00 00 0e 00 00 00 00 0f 00 00 00 00,00 84 04 0f 00 01 08 00 00 01 f5 07 00 00 02 de 07 00 00 03 ed 07 00 00 04 04 08 00 00 05 f1 07 00 00 06 ed 07 00 00 07 f5 07 00 00 08 05 08 00 00 09 f7 07 00 00 0a f1 07 00 00 0b f4 07 00 00 0c 09 08 00 00 0d 00 08 00 00 0e 00 08 00 00 ff 00 00 00 00
78000,01 40 01 10 00 00 00 00 00 01 00 00 00 00 02 00 00 00 00 03 00 00 00 00 04 00 00 00 00 05 00 00 00 00 06 00 00 00 00 07 00 00 00 00 08 00 00 00 00 09 00 00 00 00 0a 00 00 00 00 0b 00 00 00 00 0c 00 00 00 00 0d 00 00 00 00 0e 00 00 00 00 0f 00 00 00 00,01 40 01 10 00 00 00 00 00 01 00 00 00 00 02 00 00 00 00 03 00 00 00 00 04 00 00 00 00 05 00 00 00 00 06 00 00 00 00 07 00 00 00 00 08 00 00 00 00 09 00 00 00 00 0a 00 00 00 00 0b 00 00 00 00 0c 00 00 00 00 0d 00 00 00 00 0e 00 00 00 00 0f 00 00 00 00
16000,01 26 02 10 00 96 00 00 00 01 96 00 00 00 02 96 00 00 00 03 96 00 00 00 04 96 00 00 00 05 96 00 00 00 06 96 00 00 00 07 96 00 00 00 08 96 00 00 00 09 96 00 00 00 0a 96 00 00 00 0b 96 00 00 00 0c 96 00 00 00 0d 96 00 00 00 0e 96 00 00 00 0f 96 00 00 00,01 26 02 10 00 96 00 00 00 01 96 00 00 00 02 96 00 00 00 03 96 00 00 00 04 96 00 00 00 05 96 00 00 00 06 96 00 00 00 07 96 00 00 00 08 96 00 00 00 09 96 00 00 00 0a 96 00 00 00 0b 96 00 00 00 0c 96 00 00 00 0d 96 00 00 00 0e 96 00 00 00 0f 96 00 00 00
16000,01 0b 01 10 00 03 00 00 00 01 03 00 00 00 02 03 00 00 00 03 03 00 00 00 04 03 00 00 00 05 03 00 00 00 06 03 00 00 00 07 03 00 00 00 08 03 00 00 00 09 03 00 00 00 0a 03 00 00 00 0b 03 00 00 00 0c 03 00 00 00 0d 03 00 00 00 0e 03 00 00 00 0f 03 00 00 00,01 0b 01 10 00 03 00 00 00 01 03 00 00 00 02 03 00 00 00 03 03 00 00 00 04 03 00 00 00 05 03 00 00 00 06 03 00 00 00 07 03 00 00 00 08 03 00 00 00 09 03 00 00 00 0a 03 00 00 00 0b 03 00 00 00 0c 03 00 00 00 0d 03 00 00 00 0e 03 00 00 00 0f 03 00 00 00
16000,01 40 01 10 00 01 00 00 00 01 01 00 00 00 02 01 00 00 00 03 01 00 00 00 04 01 00 00 00 05 01 00 00 00 06 01 00 00 00 07 01 00 00 00 08 01 00 00 00 09 01 00 00 00 0a 01 00 00 00 0b 01 00 00 00 0c 01 00 00 00 0d 01 00 00 00 0e 01 00 00 00 0f 01 00 00 00,01 40 01 10 00 01 00 00 00 01 01 00 00 00 02 01 00 00 00 03 01 00 00 00 04 01 00 00 00 05 01 00 00 00 06 01 00 00 00 07 01 00 00 00 08 01 00 00 00 09 01 00 00 00 0a 01 00 00 00 0b 01 00 00 00 0c 01 00 00 00 0d 01 00 00 00 0e 01 00 00 00 0f 01 00 00 00
32000,01 74 04 10 00 00 08 00 00 01 00 08 00 00 02 00 08 00 00 03 00 08 00 00 04 00 08 00 00 05 00 08 00 00 06 00 08 00 00 07 00 08 00 00 08 00 08 00 00 09 00 08 00 00 0a 00 08 00 00 0b 00 08 00 00 0c 00 08 00 00 0d 00 08 00 00 0e 00 08 00 00 0f 00 08 00 00,01 74 04 10 00 00 08 00 00 01 00 08 00 00 02 00 08 00 00 03 00 08 00 00 04 00 08 00 00 05 00 08 00 00 06 00 08 00 00 07 00 08 00 00 08 00 08 00 00 09 00 08 00 00 0a 00 08 00 00 0b 00 08 00 00 0c 00 08 00 00 0d 00 08 00 00 0e 00 08 00 00 0f 00 08 00 00
32000,00 84 04 10 00 00 00 00 00 01 00 00 00 00 02 00 00 00 00 03 00 00 00 00 04 00 00 00 00 05 00 00 00 00 06 00 00 00 00 07 00 00 00 00 08 00 00 00 00 09 00 00 00 00 0a 00 00 00 00 0b 00 00 00 00 0c 00 00 00 00 0d 00 00 00 00 0e 00 00 00 00 0f 00 00 00 00,00 84 04 10 00 02 08 00 00 01 f0 07 00 00 02 d0 07 00 00 03 e3 07 00 00 04 04 08 00 00 05 ea 07 00 00 06 e8 07 00 00 07 f1 07 00 00 08 06 08 00 00 09 f2 07 00 00 0a ef 07 00 00 0b ef 07 00 00 0c 0e 08 00 00 0d 02 08 00 00 0e 00 08 00 00 0f 00 08 00 00
47000,00 84 04 10 00 00 00 00 00 01 00 00 00 00 02 00 00 00 00 03 00 00 00 00 04 00 00 00 00 05 00 00 00 00 06 00 00 00 00 07 00 00 00 00 08 00 00 00 00 09 00 00 00 00 0a 00 00 00 00 0b 00 00 00 00 0c 00 00 00 00 0d 00 00 00 00 0e 00 00 00 00 0f 00 00 00 00,00 84 04 10 00 01 08 00 00 01 f1 07 00 00 02 d0 07 00 00 03 e5 07 00 00 04 04 08 00 00 05 ea 07 00 00 06 e7 07 00 00 07 f2 07 00 00 08 05 08 00 00 09 f3 07 00 00 0a ef 07 00 00 0b ef 07 00 00 0c 0e 08 00 00 0d 02 08 00 00 0e 00 08 00 00 0f 00 08 00 00
63000,00 84 04 10 00 00 00 00 00 01 00 00 00 00 02 00 00 00 00 03 00 00 00 00 04 00 00 00 00 05 00 00 00 00 06 00 00 00 00 07 00 00 00 00 08 00 00 00 00 09 00 00 00 00 0a 00 00 00 00 0b 00 00 00 00 0c 00 00 00 00 0d 00 00 00 00 0e 00 00 00 00 0f 00 00 00 00,00 84 04 10 00 01 08 00 00 01 f3 07 00 00 02 d6 07 00 00 03 e8 07 00 00 04 04 08 00 00 05 ed 07 00 00 06 ea 07 00 00 07 f3 07 00 00 08 05 08 00 00 09 f4 07 00 00 0a f0 07 00 00 0b f1 07 00 00 0c 0c 08 00 00 0d 01 08 00 00 0e 00 08 00 00 0f 00 08 00 00
79000,00 84 04 10 00 00 00 00 00 01 00 00 00 00 02 00 00 00 00 03 00 00 00 00 04 00 00 00 00 05 00 00 00 00 06 00 00 00 00 07 00 00 00 00 08 00 00 00 00 09 00 00 00 00 0a 00 00 00 00 0b 00 00 00 00 0c 00 00 00 00 0d 00 00 00 00 0e 00 00 00 00 0f 00 00 00 00,00 84 04 0f 00 01 08 00 00 01 f4 07 00 00 02 df 07 00 00 03 ec 07 00 00 04 03 08 00 00 05 f0 07 00 00 06 ed 07 00 00 07 f5 07 00 00 08 05 08 00 00 09 f6 07 00 00 0a f1 07 00 00 0b f4 07 00 00 0c 0a 08 00 00 0d 00 08 00 00 0e 00 08 00 00 ff 00 00 00 00
79000,01 40 01 10 00 00 00 00 00 01 00 00 00 00 02 00 00 00 00 03 00 00 00 00 04 00 00 00 00 05 00 00 00 00 06 00 00 00 00 07 00 00 00 00 08 00 00 00 00 09 00 00 00 00 0a 00 00 00 00 0b 00 00 00 00 0c 00 00 00 00 0d 00 00 00 00 0e 00 00 00 00 0f 00 00 00 00,01 40 01 10 00 00 00 00 00 01 00 00 00 00 02 00 00 00 00 03 00 00 00 00 04 00 00 00 00 05 00 00 00 00 06 00 00 00 00 07 00 00 00 00 08 00 00 00 00 09 00 00 00 00 0a 00 00 00 00 0b 00 00 00 00 0c 00 00 00 00 0d 00 00 00 00 0e 00 00 00 00 0f 00 00 00 00
0,01 26 02 10 00 96 00 00 00 01 96 00 00 00 02 96 00 00 00 03 96 00 00 00 04 96 00 00 00 05 96 00 00 00 06 96 00 00 00 07 96 00 00 00 08 96 00 00 00 09 96 00 00 00 0a 96 00 00 00 0b 96 00 00 00 0c 96 00 00 00 0d 96 00 00 00 0e 96 00 00 00 0f 96 00 00 00,01 26 02 10 00 96 00 00 00 01 96 00 00 00 02 96 00 00 00 03 96 00 00 00 04 96 00 00 00 05 96 00 00 00 06 96 00 00 00 07 96 00 00 00 08 96 00 00 00 09 96 00 00 00 0a 96 00 00 00 0b 96 00 00 00 0c 96 00 00 00 0d 96 00 00 00 0e 96 00 00 00 0f 96 00 00 00
0,01 0b 01 10 00 03 00 00 00 01 03 00 00 00 02 03 00 00 00 03 03 00 00 00 04 03 00 00 00 05 03 00 00 00 06 03 00 00 00 07 03 00 00 00 08 03 00 00 00 09 03 00 00 00 0a 03 00 00 00 0b 03 00 00 00 0c 03 00 00 00 0d 03 00 00 00 0e 03 00 00 00 0f 03 00 00 00,01 0b 01 10 00 03 00 00 00 01 03 00 00 00 02 03 00 00 00 03 03 00 00 00 04 03 00 00 00 05 03 00 00 00 06 03 00 00 00 07 03 00 00 00 08 03 00 00 00 09 03 00 00 00 0a 03 00 00 00 0b 03 00 00 00 0c 03 00 00 00 0d 03 00 00 00 0e 03 00 00 00 0f 03 00 00 00
0,01 40 01 10 00 01 00 00 00 01 01 00 00 00 02 01 00 00 00 03 01 00 00 00 04 01 00 00 00 05 01 00 00 00 06 01 00 00 00 07 01 00 00 00 08 01 00 00 00 09 01 00 00 00 0a 01 00 00 00 0b 01 00 00 00 0c 01 00 00 00 0d 01 00 00 00 0e 01 00 00 00 0f 01 00 00 00,01 40 01 10 00 01 00 00 00 01 01 00 00 00 02 01 00 00 00 03 01 00 00 00 04 01 00 00 00 05 01 00 00 00 06 01 00 00 00 07 01 00 00 00 08 01 00 00 00 09 01 00 00 00 0a 01 00 00 00 0b 01 00 00 00 0c 01 00 00 00 0d 01 00 00 00 0e 01 00 00 00 0f 01 00 00 00
15000,01 74 04 10 00 00 08 00 00 01 00 08 00 00 02 00 08 00 00 03 00 08 00 00 04 00 08 00 00 05 00 08 00 00 06 00 08 00 00 07 00 08 00 00 08 00 08 00 00 09 00 08 00 00 0a 00 08 00 00 0b 00 08 00 00 0c 00 08 00 00 0d 00 08 00 00 0e 00 08 00 00 0f 00 08 00 00,01 74 04 10 00 00 08 00 00 01 00 08 00 00 02 00 08 00 00 03 00 08 00 00 04 00 08 00 00 05 00 08 00 00 06 00 08 00 00 07 00 08 00 00 08 00 08 00 00 09 00 08 00 00 0a 00 08 00 00 0b 00 08 00 00 0c 00 08 00 00 0d 00 08 00 00 0e 00 08 00 00 0f 00 08 00 00
15000,00 84 04 10 00 00 00 00 00 01 00 00 00 00 02 00 00 00 00 03 00 00 00 00 04 00 00 00 00 05 00 00 00 00 06 00 00 00 00 07 00 00 00 00 08 00 00 00 00 09 00 00 00 00 0a 00 00 00 00 0b 00 00 00 00 0c 00 00 00 00 0d 00 00 00 00 0e 00 00 00 00 0f 00 00 00 00,ff 84 04 01 00 00 00 00 00 01 00 00 00 00 02 00 00 00 00 03 00 00 00 00 04 00 00 00 00 05 00 00 00 00 06 00 00 00 00 07 00 00 00 00 08 00 00 00 00 09 00 00 00 00 0a 00 00 00 00 0b 00 00 00 00 0c 00 00 00 00 0d 00 00 00 00 0e 00 00 00 00 0f 00 00 00 00
15000,01 40 01 10 00 00 00 00 00 01 00 00 00 00 02 00 00 00 00 03 00 00 00 00 04 00 00 00 00 05 00 00 00 00 06 00 00 00 00 07 00 00 00 00 08 00 00 00 00 09 00 00 00 00 0a 00 00 00 00 0b 00 00 00 00 0c 00 00 00 00 0d 00 00 00 00 0e 00 00 00 00 0f 00 00 00 00,01 40 01 10 00 00 00 00 00 01 00 00 00 00 02 00 00 00 00 03 00 00 00 00 04 00 00 00 00 05 00 00 00 00 06 00 00 00 00 07 00 00 00 00 08 00 00 00 00 09 00 00 00 00 0a 00 00 00 00 0b 00 00 00 00 0c 00 00 00 00 0d 00 00 00 00 0e 00 00 00 00 0f 00 00 00 00
0,01 26 02 10 00 96 00 00 00 01 96 00 00 00 02 96 00 00 00 03 96 00 00 00 04 96 00 00 00 05 96 00 00 00 06 96 00 00 00 07 96 00 00 00 08 96 00 00 00 09 96 00 00 00 0a 96 00 00 00 0b 96 00 00 00 0c 96 00 00 00 0d 96 00 00 00 0e 96 00 00 00 0f 96 00 00 00,01 26 02 10 00 96 00 00 00 01 96 00 00 00 02 96 00 00 00 03 96 00 00 00 04 96 00 00 00 05 96 00 00 00 06 96 00 00 00 07 96 00 00 00 08 96 00 00 00 09 96 00 00 00 0a 96 00 00 00 0b 96 00 00 00 0c 96 00 00 00 0d 96 00 00 00 0e 96 00 00 00 0f 96 00 00 00
0,01 0b 01 10 00 03 00 00 00 01 03 00 00 00 02 03 00 00 00 03 03 00 00 00 04 03 00 00 00 05 03 00 00 00 06 03 00 00 00 07 03 00 00 00 08 03 00 00 00 09 03 00 00 00 0a 03 00 00 00 0b 03 00 00 00 0c 03 00 00 00 0d 03 00 00 00 0e 03 00 00 00 0f 03 00 00 00,01 0b 01 10 00 03 00 00 00 01 03 00 00 00 02 03 00 00 00 03 03 00 00 00 04 03 00 00 00 05 03 00 00 00 06 03 00 00 00 07 03 00 00 00 08 03 00 00 00 09 03 00 00 00 0a 03 00 00 00 0b 03 00 00 00 0c 03 00 00 00 0d 03 00 00 00 0e 03 00 00 00 0f 03 00 00 00
0,01 40 01 10 00 01 00 00 00 01 01 00 00 00 02 01 00 00 00 03 01 00 00 00 04 01 00 00 00 05 01 00 00 00 06 01 00 00 00 07 01 00 00 00 08 01 00 00 00 09 01 00 00 00 0a 01 00 00 00 0b 01 00 00 00 0c 01 00 00 00 0d 01 00 00 00 0e 01 00 00 00 0f 01 00 00 00,01 40 01 10 00 01 00 00 00 01 01 00 00 00 02 01 00 00 00 03 01 00 00 00 04 01 00 00 00 05 01 00 00 00 06 01 00 00 00 07 01 00 00 00 08 01 00 00 00 09 01 00 00 00 0a 01 00 00 00 0b 01 00 00 00 0c 01 00 00 00 0d 01 00 00 00 0e 01 00 00 00 0f 01 00 00 00
16000,01 74 04 10 00 00 08 00 00 01 00 08 00 00 02 00 08 00 00 03 00 08 00 00 04 00 08 00 00 05 00 08 00 00 06 00 08 00 00 07 00 08 00 00 08 00 08 00 00 09 00 08 00 00 0a 00 08 00 00 0b 00 08 00 00 0c 00 08 00 00 0d 00 08 00 00 0e 00 08 00 00 0f 00 08 00 00,01 74 04 10 00 00 08 00 00 01 00 08 00 00 02 00 08 00 00 03 00 08 00 00 04 00 08 00 00 05 00 08 00 00 06 00 08 00 00 07 00 08 00 00 08 00 08 00 00 09 00 08 00 00 0a 00 08 00 00 0b 00 08 00 00 0c 00 08 00 00 0d 00 08 00 00 0e 00 08 00 00 0f 00 08 00 00
31000,00 84 04 10 00 00 00 00 00 01 00 00 00 00 02 00 00 00 00 03 00 00 00 00 04 00 00 00 00 05 00 00 00 00 06 00 00 00 00 07 00 00 00 00 08 00 00 00 00 09 00 00 00 00 0a 00 00 00 00 0b 00 00 00 00 0c 00 00 00 00 0d 00 00 00 00 0e 00 00 00 00 0f 00 00 00 00,00 84 04 0e 00 01 08 00 00 01 f5 07 00 00 02 f1 07 00 00 03 f5 07 00 00 04 03 08 00 00 05 f5 07 00 00 06 f6 07 00 00 07 f8 07 00 00 08 03 08 00 00 09 fd 07 00 00 0a f7 07 00 00 0b f7 07 00 00 0c 01 08 00 00 0d fd 07 00 00 ff 00 00 00 00 ff 00 00 00 00
31000,01 40 01 10 00 00 00 00 00 01 00 00 00 00 02 00 00 00 00 03 00 00 00 00 04 00 00 00 00 05 00 00 00 00 06 00 00 00 00 07 00 00 00 00 08 00 00 00 00 09 00 00 00 00 0a 00 00 00 00 0b 00 00 00 00 0c 00 00 00 00 0d 00 00 00 00 0e 00 00 00 00 0f 00 00 00 00,01 40 01 10 00 00 00 00 00 01 00 00 00 00 02 00 00 00 00 03 00 00 00 00 04 00 00 00 00 05 00 00 00 00 06 00 00 00 00 07 00 00 00 00 08 00 00 00 00 09 00 00 00 00 0a 00 00 00 00 0b 00 00 00 00 0c 00 00 00 00 0d 00 00 00 00 0e 00 00 00 00 0f 00 00 00 00
0,01 26 02 10 00 96 00 00 00 01 96 00 00 00 02 96 00 00 00 03 96 00 00 00 04 96 00 00 00 05 96 00 00 00 06 96 00 00 00 07 96 00 00 00 08 96 00 00 00 09 96 00 00 00 0a 96 00 00 00 0b 96 00 00 00 0c 96 00 00 00 0d 96 00 00 00 0e 96 00 00 00 0f 96 00 00 00,01 26 02 10 00 96 00 00 00 01 96 00 00 00 02 96 00 00 00 03 96 00 00 00 04 96 00 00 00 05 96 00 00 00 06 96 00 00 00 07 96 00 00 00 08 96 00 00 00 09 96 00 00 00 0a 96 00 00 00 0b 96 00 00 00 0c 96 00 00 00 0d 96 00 00 00 0e 96 00 00 00 0f 96 00 00 00
0,01 0b 01 10 00 03 00 00 00 01 03 00 00 00 02 03 00 00 00 03 03 00 00 00 04 03 00 00 00 05 03 00 00 00 06 03 00 00 00 07 03 00 00 00 08 03 00 00 00 09 03 00 00 00 0a 03 00 00 00 0b 03 00 00 00 0c 03 00 00 00 0d 03 00 00 00 0e 03 00 00 00 0f 03 00 00 00,01 0b 01 10 00 03 00 00 00 01 03 00 00 00 02 03 00 00 00 03 03 00 00 00 04 03 00 00 00 05 03 00 00 00 06 03 00 00 00 07 03 00 00 00 08 03 00 00 00 09 03 00 00 00 0a 03 00 00 00 0b 03 00 00 00 0c 03 00 00 00 0d 03 00 00 00 0e 03 00 00 00 0f 03 00 00 00
0,01 40 01 10 00 01 00 00 00 01 01 00 00 00 02 01 00 00 00 03 01 00 00 00 04 01 00 00 00 05 01 00 00 00 06 01 00 00 00 07 01 00 00 00 08 01 00 00 00 09 01 00 00 00 0a 01 00 00 00 0b 01 00 00 00 0c 01 00 00 00 0d 01 00 00 00 0e 01 00 00 00 0f 01 00 00 00,01 40 01 10 00 01 00 00 00 01 01 00 00 00 02 01 00 00 00 03 01 00 00 00 04 01 00 00 00 05 01 00 00 00 06 01 00 00 00 07 01 00 00 00 08 01 00 00 00 09 01 00 00 00 0a 01 00 00 00 0b 01 00 00 00 0c 01 00 00 00 0d 01 00 00 00 0e 01 00 00 00 0f 01 00 00 00
15000,01 74 04 10 00 00 08 00 00 01 00 08 00 00 02 00 08 00 00 03 00 08 00 00 04 00 08 00 00 05 00 08 00 00 06 00 08 00 00 07 00 08 00 00 08 00 08 00 00 09 00 08 00 00 0a 00 08 00 00 0b 00 08 00 00 0c 00 08 00 00 0d 00 08 00 00 0e 00 08 00 00 0f 00 08 00 00,01 74 04 10 00 00 08 00 00 01 00 08 00 00 02 00 08 00 00 03 00 08 00 00 04 00 08 00 00 05 00 08 00 00 06 00 08 00 00 07 00 08 00 00 08 00 08 00 00 09 00 08 00 00 0a 00 08 00 00 0b 00 08 00 00 0c 00 08 00 00 0d 00 08 00 00 0e 00 08 00 00 0f 00 08 00 00
15000,00 84 04 10 00 00 00 00 00 01 00 00 00 00 02 00 00 00 00 03 00 00 00 00 04 00 00 00 00 05 00 00 00 00 06 00 00 00 00 07 00 00 00 00 08 00 00 00 00 09 00 00 00 00 0a 00 00 00 00 0b 00 00 00 00 0c 00 00 00 00 0d 00 00 00 00 0e 00 00 00 00 0f 00 00 00 00,00 84 04 10 00 01 08 00 00 01 f3 07 00 00 02 cf 07 00 00 03 e6 07 00 00 04 03 08 00 00 05 ed 07 00 00 06 e7 07 00 00 07 f1 07 00 00 08 04 08 00 00 09 f5 07 00 00 0a ed 07 00 00 0b f1 07 00 00 0c 0b 08 00 00 0d 01 08 00 00 0e 00 08 00 00 0f 00 08 00 00
31000,00 84 04 10 00 00 00 00 00 01 00 00 00 00 02 00 00 00 00 03 00 00 00 00 04 00 00 00 00 05 00 00 00 00 06 00 00 00 00 07 00 00 00 00 08 00 00 00 00 09 00 00 00 00 0a 00 00 00 00 0b 00 00 00 00 0c 00 00 00 00 0d 00 00 00 00 0e 00 00 00 00 0f 00 00 00 00,00 84 04 10 00 01 08 00 00 01 f4 07 00 00 02 cf 07 00 00 03 e7 07 00 00 04 03 08 00 00 05 ed 07 00 00 06 e7 07 00 00 07 f1 07 00 00 08 04 08 00 00 09 f5 07 00 00 0a ee 07 00 00 0b f1 07 00 00 0c 0b 08 00 00 0d 01 08 00 00 0e 00 08 00 00 0f 00 08 00 00
47000,00 84 04 10 00 00 00 00 00 01 00 00 00 00 02 00 00 00 00 03 00 00 00 00 04 00 00 00 00 05 00 00 00 00 06 00 00 00 00 07 00 00 00 00 08 00 00 00 00 09 00 00 00 00 0a 00 00 00 00 0b 00 00 00 00 0c 00 00 00 00 0d 00 00 00 00 0e 00 00 00 00 0f 00 00 00 00,00 84 04 0e 00 01 08 00 00 01 f5 07 00 00 02 d2 07 00 00 03 e9 07 00 00 04 03 08 00 00 05 ee 07 00 00 06 e7 07 00 00 07 f3 07 00 00 08 04 08 00 00 09 f6 07 00 00 0a ee 07 00 00 0b f2 07 00 00 0c 0a 08 00 00 0d 00 08 00 00 ff 00 00 00 00 ff 00 00 00 00
47000,01 40 01 10 00 00 00 00 00 01 00 00 00 00 02 00 00 00 00 03 00 00 00 00 04 00 00 00 00 05 00 00 00 00 06 00 00 00 00 07 00 00 00 00 08 00 00 00 00 09 00 00 00 00 0a 00 00 00 00 0b 00 00 00 00 0c 00 00 00 00 0d 00 00 00 00 0e 00 00 00 00 0f 00 00 00 00,01 40 01 10 00 00 00 00 00 01 00 00 00 00 02 00 00 00 00 03 00 00 00 00 04 00 00 00 00 05 00 00 00 00 06 00 00 00 00 07 00 00 00 00 08 00 00 00 00 09 00 00 00 00 0a 00 00 00 00 0b 00 00 00 00 0c 00 00 00 00 0d 00 00 00 00 0e 00 00 00 00 0f 00 00 00 00
16000,01 26 02 10 00 96 00 00 00 01 96 00 00 00 02 96 00 00 00 03 96 00 00 00 04 96 00 00 00 05 96 00 00 00 06 96 00 00 00 07 96 00 00 00 08 96 00 00 00 09 96 00 00 00 0a 96 00 00 00 0b 96 00 00 00 0c 96 00 00 00 0d 96 00 00 00 0e 96 00 00 00 0f 96 00 00 00,01 26 02 10 00 96 00 00 00 01 96 00 00 00 02 96 00 00 00 03 96 00 00 00 04 96 00 00 00 05 96 00 00 00 06 96 00 00 00 07 96 00 00 00 08 96 00 00 00 09 96 00 00 00 0a 96 00 00 00 0b 96 00 00 00 0c 96 00 00 00 0d 96 00 00 00 0e 96 00 00 00 0f 96 00 00 00
16000,01 0b 01 10 00 03 00 00 00 01 03 00 00 00 02 03 00 00 00 03 03 00 00 00 04 03 00 00 00 05 03 00 00 00 06 03 00 00 00 07 03 00 00 00 08 03 00 00 00 09 03 00 00 00 0a 03 00 00 00 0b 03 00 00 00 0c 03 00 00 00 0d 03 00 00 00 0e 03 00 00 00 0f 03 00 00 00,01 0b 01 10 00 03 00 00 00 01 03 00 00 00 02 03 00 00 00 03 03 00 00 00 04 03 00 00 00 05 03 00 00 00 06 03 00 00 00 07 03 00 00 00 08 03 00 00 00 09 03 00 00 00 0a 03 00 00 00 0b 03 00 00 00 0c 03 00 00 00 0d 03 00 00 00 0e 03 00 00 00 0f 03 00 00 00
16000,01 40 01 10 00 01 00 00 00 01 01 00 00 00 02 01 00 00 00 03 01 00 00 00 04 01 00 00 00 05 01 00 00 00 06 01 00 00 00 07 01 00 00 00 08 01 00 00 00 09 01 00 00 00 0a 01 00 00 00 0b 01 00 00 00 0c 01 00 00 00 0d 01 00 00 00 0e 01 00 00 00 0f 01 00 00 00,01 40 01 10 00 01 00 00 00 01 01 00 00 00 02 01 00 00 00 03 01 00 00 00 04 01 00 00 00 05 01 00 00 00 06 01 00 00 00 07 01 00 00 00 08 01 00 00 00 09 01 00 00 00 0a 01 00 00 00 0b 01 00 00 00 0c 01 00 00 00 0d 01 00 00 00 0e 01 00 00 00 0f 01 00 00 00
16000,01 74 04 10 00 00 08 00 00 01 00 08 00 00 02 00 08 00 00 03 00 08 00 00 04 00 08 00 00 05 00 08 00 00 06 00 08 00 00 07 00 08 00 00 08 00 08 00 00 09 00 08 00 00 0a 00 08 00 00 0b 00 08 00 00 0c 00 08 00 00 0d 00 08 00 00 0e 00 08 00 00 0f 00 08 00 00,01 74 04 10 00 00 08 00 00 01 00 08 00 00 02 00 08 00 00 03 00 08 00 00 04 00 08 00 00 05 00 08 00 00 06 00 08 00 00 07 00 08 00 00 08 00 08 00 00 09 00 08 00 00 0a 00 08 00 00 0b 00 08 00 00 0c 00 08 00 00 0d 00 08 00 00 0e 00 08 00 00 0f 00 08 00 00
32000,00 84 04 10 00 00 00 00 00 01 00 00 00 00 02 00 00 00 00 03 00 00 00 00 04 00 00 00 00 05 00 00 00 00 06 00 00 00 00 07 00 00 00 00 08 00 00 00 00 09 00 00 00 00 0a 00 00 00 00 0b 00 00 00 00 0c 00 00 00 00 0d 00 00 00 00 0e 00 00 00 00 0f 00 00 00 00,00 84 04 10 00 01 08 00 00 01 f2 07 00 00 02 d0 07 00 00 03 e5 07 00 00 04 03 08 00 00 05 eb 07 00 00 06 e7 07 00 00 07 f1 07 00 00 08 03 08 00 00 09 f4 07 00 00 0a ee 07 00 00 0b f1 07 00 00 0c 0c 08 00 00 0d 01 08 00 00 0e 00 08 00 00 0f 00 08 00 00
32000,00 84 04 10 00 00 00 00 00 01 00 00 00 00 02 00 00 00 00 03 00 00 00 00 04 00 00 00 00 05 00 00 00 00 06 00 00 00 00 07 00 00 00 00 08 00 00 00 00 09 00 00 00 00 0a 00 00 00 00 0b 00 00 00 00 0c 00 00 00 00 0d 00 00 00 00 0e 00 00 00 00 0f 00 00 00 00,00 84 04 10 00 01 08 00 00 01 f2 07 00 00 02 d0 07 00 00 03 e6 07 00 00 04 03 08 00 00 05 eb 07 00 00 06 e8 07 00 00 07 f1 07 00 00 08 03 08 00 00 09 f4 07 00 00 0a ee 07 00 00 0b f1 07 00 00 0c 0c 08 00 00 0d 01 08 00 00 0e 00 08 00 00 0f 00 08 00 00
47000,00 84 04 10 00 00 00 00 00 01 00 00 00 00 02 00 00 00 00 03 00 00 00 00 04 00 00 00 00 05 00 00 00 00 06 00 00 00 00 07 00 00 00 00 08 00 00 00 00 09 00 00 00 00 0a 00 00 00 00 0b 00 00 00 00 0c 00 00 00 00 0d 00 00 00 00 0e 00 00 00 00 0f 00 00 00 00,00 84 04 10 00 01 08 00 00 01 f4 07 00 00 02 d2 07 00 00 03 e8 07 00 00 04 03 08 00 00 05 ed 07 00 00 06 e8 07 00 00 07 f2 07 00 00 08 03 08 00 00 09 f5 07 00 00 0a ee 07 00 00 0b f1 07 00 00 0c 0b 08 00 00 0d 01 08 00 00 0e 00 08 00 00 0f 00 08 00 00
63000,00 84 04 10 00 00 00 00 00 01 00 00 00 00 02 00 00 00 00 03 00 00 00 00 04 00 00 00 00 05 00 00 00 00 06 00 00 00 00 07 00 00 00 00 08 00 00 00 00 09 00 00 00 00 0a 00 00 00 00 0b 00 00 00 00 0c 00 00 00 00 0d 00 00 00 00 0e 00 00 00 00 0f 00 00 00 00,00 84 04 0e 00 01 08 00 00 01 f6 07 00 00 02 d8 07 00 00 03 eb 07 00 00 04 03 08 00 00 05 f0 07 00 00 06 eb 07 00 00 07 f4 07 00 00 08 03 08 00 00 09 f7 07 00 00 0a ef 07 00 00 0b f3 07 00 00 0c 0a 08 00 00 0d 00 08 00 00 ff 00 00 00 00 ff 00 00 00 00
63000,01 40 01 10 00 00 00 00 00 01 00 00 00 00 02 00 00 00 00 03 00 00 00 00 04 00 00 00 00 05 00 00 00 00 06 00 00 00 00 07 00 00 00 00 08 00 00 00 00 09 00 00 00 00 0a 00 00 00 00 0b 00 00 00 00 0c 00 00 00 00 0d 00 00 00 00 0e 00 00 00 00 0f 00 00 00 00,01 40 01 10 00 00 00 00 00 01 00 00 00 00 02 00 00 00 00 03 00 00 00 00 04 00 00 00 00 05 00 00 00 00 06 00 00 00 00 07 00 00 00 00 08 00 00 00 00 09 00 00 00 00 0a 00 00 00 00 0b 00 00 00 00 0c 00 00 00 00 0d 00 00 00 00 0e 00 00 00 00 0f 00 00 00 00
0,01 26 02 10 00 96 00 00 00 01 96 00 00 00 02 96 00 00 00 03 96 00 00 00 04 96 00 00 00 05 96 00 00 00 06 96 00 00 00 07 96 00 00 00 08 96 00 00 00 09 96 00 00 00 0a 96 00 00 00 0b 96 00 00 00 0c 96 00 00 00 0d 96 00 00 00 0e 96 00 00 00 0f 96 00 00 00,01 26 02 10 00 96 00 00 00 01 96 00 00 00 02 96 00 00 00 03 96 00 00 00 04 96 00 00 00 05 96 00 00 00 06 96 00 00 00 07 96 00 00 00 08 96 00 00 00 09 96 00 00 00 0a 96 00 00 00 0b 96 00 00 00 0c 96 00 00 00 0d 96 00 00 00 0e 96 00 00 00 0f 96 00 00 00
0,01 0b 01 10 00 03 00 00 00 01 03 00 00 00 02 03 00 00 00 03 03 00 00 00 04 03 00 00 00 05 03 00 00 00 06 03 00 00 00 07 03 00 00 00 08 03 00 00 00 09 03 00 00 00 0a 03 00 00 00 0b 03 00 00 00 0c 03 00 00 00 0d 03 00 00 00 0e 03 00 00 00 0f 03 00 00 00,01 0b 01 10 00 03 00 00 00 01 03 00 00 00 02 03 00 00 00 03 03 00 00 00 04 03 00 00 00 05 03 00 00 00 06 03 00 00 00 07 03 00 00 00 08 03 00 00 00 09 03 00 00 00 0a 03 00 00 00 0b 03 00 00 00 0c 03 00 00 00 0d 03 00 00 00 0e 03 00 00 00 0f 03 00 00 00
0,01 40 01 10 00 01 00 00 00 01 01 00 00 00 02 01 00 00 00 03 01 00 00 00 04 01 00 00 00 05 01 00 00 00 06 01 00 00 00 07 01 00 00 00 08 01 00 00 00 09 01 00 00 00 0a 01 00 00 00 0b 01 00 00 00 0c 01 00 00 00 0d 01 00 00 00 0e 01 00 00 00 0f 01 00 00 00,01 40 01 10 00 01 00 00 00 01 01 00 00 00 02 01 00 00 00 03 01 00 00 00 04 01 00 00 00 05 01 00 00 00 06 01 00 00 00 07 01 00 00 00 08 01 00 00 00 09 01 00 00 00 0a 01 00 00 00 0b 01 00 00 00 0c 01 00 00 00 0d 01 00 00 00 0e 01 00 00 00 0f 01 00 00 00
16000,01 74 04 10 00 00 08 00 00 01 00 08 00 00 02 00 08 00 00 03 00 08 00 00 04 00 08 00 00 05 00 08 00 00 06 00 08 00 00 07 00 08 00 00 08 00 08 00 00 09 00 08 00 00 0a 00 08 00 00 0b 00 08 00 00 0c 00 08 00 00 0d 00 08 00 00 0e 00 08 00 00 0f 00 08 00 00,01 74 04 10 00 00 08 00 00 01 00 08 00 00 02 00 08 00 00 03 00 08 00 00 04 00 08 00 00 05 00 08 00 00 06 00 08 00 00 07 00 08 00 00 08 00 08 00 00 09 00 08 00 00 0a 00 08 00 00 0b 00 08 00 00 0c 00 08 00 00 0d 00 08 00 00 0e 00 08 00 00 0f 00 08 00 00
16000,00 84 04 10 00 00 00 00 00 01 00 00 00 00 02 00 00 00 00 03 00 00 00 00 04 00 00 00 00 05 00 00 00 00 06 00 00 00 00 07 00 00 00 00 08 00 00 00 00 09 00 00 00 00 0a 00 00 00 00 0b 00 00 00 00 0c 00 00 00 00 0d 00 00 00 00 0e 00 00 00 00 0f 00 00 00 00,00 84 04 10 00 01 08 00 00 01 f1 07 00 00 02 d1 07 00 00 03 e3 07 00 00 04 03 08 00 00 05 eb 07 00 00 06 e7 07 00 00 07 f1 07 00 00 08 03 08 00 00 09 f4 07 00 00 0a ee 07 00 00 0b f0 07 00 00 0c 0d 08 00 00 0d 01 08 00 00 0e 00 08 00 00 0f 00 08 00 00
31000,00 84 04 10 00 00 00 00 00 01 00 00 00 00 02 00 00 00 00 03 00 00 00 00 04 00 00 00 00 05 00 00 00 00 06 00 00 00 00 07 00 00 00 00 08 00 00 00 00 09 00 00 00 00 0a 00 00 00 00 0b 00 00 00 00 0c 00 00 00 00 0d 00 00 00 00 0e 00 00 00 00 0f 00 00 00 00,00 84 04 10 00 01 08 00 00 01 f2 07 00 00 02 d1 07 00 00 03 e4 07 00 00 04 03 08 00 00 05 eb 07 00 00 06 e7 07 00 00 07 f1 07 00 00 08 03 08 00 00 09 f4 07 00 00 0a ee 07 00 00 0b f0 07 00 00 0c 0d 08 00 00 0d 01 08 00 00 0e 00 08 00 00 0f 00 08 00 00
47000,00 84 04 10 00 00 00 00 00 01 00 00 00 00 02 00 00 00 00 03 00 00 00 00 04 00 00 00 00 05 00 00 00 00 06 00 00 00 00 07 00 00 00 00 08 00 00 00 00 09 00 00 00 00 0a 00 00 00 00 0b 00 00 00 00 0c 00 00 00 00 0d 00 00 00 00 0e 00 00 00 00 0f 00 00 00 00,00 84 04 0e 00 01 08 00 00 01 f4 07 00 00 02 d3 07 00 00 03 e7 07 00 00 04 03 08 00 00 05 ed 07 00 00 06 e8 07 00 00 07 f2 07 00 00 08 03 08 00 00 09 f4 07 00 00 0a ef 07 00 00 0b f1 07 00 00 0c 0c 08 00 00 0d 01 08 00 00 ff 00 00 00 00 ff 00 00 00 00
47000,01 40 01 10 00 00 00 00 00 01 00 00 00 00 02 00 00 00 00 03 00 00 00 00 04 00 00 00 00 05 00 00 00 00 06 00 00 00 00 07 00 00 00 00 08 00 00 00 00 09 00 00 00 00 0a 00 00 00 00 0b 00 00 00 00 0c 00 00 00 00 0d 00 00 00 00 0e 00 00 00 00 0f 00 00 00 00,01 40 01 10 00 00 00 00 00 01 00 00 00 00 02 00 00 00 00 03 00 00 00 00 04 00 00 00 00 05 00 00 00 00 06 00 00 00 00 07 00 00 00 00 08 00 00 00 00 09 00 00 00 00 0a 00 00 00 00 0b 00 00 00 00 0c 00 00 00 00 0d 00 00 00 00 0e 00 00 00 00 0f 00 00 00 00
0,01 26 02 10 00 96 00 00 00 01 96 00 00 00 02 96 00 00 00 03 96 00 00 00 04 96 00 00 00 05 96 00 00 00 06 96 00 00 00 07 96 00 00 00 08 96 00 00 00 09 96 00 00 00 0a 96 00 00 00 0b 96 00 00 00 0c 96 00 00 00 0d 96 00 00 00 0e 96 00 00 00 0f 96 00 00 00,01 26 02 10 00 96 00 00 00 01 96 00 00 00 02 96 00 00 00 03 96 00 00 00 04 96 00 00 00 05 96 00 00 00 06 96 00 00 00 07 96 00 00 00 08 96 00 00 00 09 96 00 00 00 0a 96 00 00 00 0b 96 00 00 00 0c 96 00 00 00 0d 96 00 00 00 0e 96 00 00 00 0f 96 00 00 00
0,01 0b 01 10 00 03 00 00 00 01 03 00 00 00 02 03 00 00 00 03 03 00 00 00 04 03 00 00 00 05 03 00 00 00 06 03 00 00 00 07 03 00 00 00 08 03 00 00 00 09 03 00 00 00 0a 03 00 00 00 0b 03 00 00 00 0c 03 00 00 00 0d 03 00 00 00 0e 03 00 00 00 0f 03 00 00 00,01 0b 01 10 00 03 00 00 00 01 03 00 00 00 02 03 00 00 00 03 03 00 00 00 04 03 00 00 00 05 03 00 00 00 06 03 00 00 00 07 03 00 00 00 08 03 00 00 00 09 03 00 00 00 0a 03 00 00 00 0b 03 00 00 00 0c 03 00 00 00 0d 03 00 00 00 0e 03 00 00 00 0f 03 00 00 00
0,01 40 01 10 00 01 00 00 00 01 01 00 00 00 02 01 00 00 00 03 01 00 00 00 04 01 00 00 00 05 01 00 00 00 06 01 00 00 00 07 01 00 00 00 08 01 00 00 00 09 01 00 00 00 0a 01 00 00 00 0b 01 00 00 00 0c 01 00 00 00 0d 01 00 00 00 0e 01 00 00 00 0f 01 00 00 00,01 40 01 10 00 01 00 00 00 01 01 00 00 00 02 01 00 00 00 03 01 00 00 00 04 01 00 00 00 05 01 00 00 00 06 01 00 00 00 07 01 00 00 00 08 01 00 00 00 09 01 00 00 00 0a 01 00 00 00 0b 01 00 00 00 0c 01 00 00 00 0d 01 00 00 00 0e 01 00 00 00 0f 01 00 00 00
15000,01 74 04 10 00 00 08 00 00 01 00 08 00 00 02 00 08 00 00 03 00 08 00 00 04 00 08 00 00 05 00 08 00 00 06 00 08 00 00 07 00 08 00 00 08 00 08 00 00 09 00 08 00 00 0a 00 08 00 00 0b 00 08 00 00 0c 00 08 00 00 0d 00 08 00 00 0e 00 08 00 00 0f 00 08 00 00,01 74 04 10 00 00 08 00 00 01 00 08 00 00 02 00 08 00 00 03 00 08 00 00 04 00 08 00 00 05 00 08 00 00 06 00 08 00 00 07 00 08 00 00 08 00 08 00 00 09 00 08 00 00 0a 00 08 00 00 0b 00 08 00 00 0c 00 08 00 00 0d 00 08 00 00 0e 00 08 00 00 0f 00 08 00 00
15000,00 84 04 10 00 00 00 00 00 01 00 00 00 00 02 00 00 00 00 03 00 00 00 00 04 00 00 00 00 05 00 00 00 00 06 00 00 00 00 07 00 00 00 00 08 00 00 00 00 09 00 00 00 00 0a 00 00 00 00 0b 00 00 00 00 0c 00 00 00 00 0d 00 00 00 00 0e 00 00 00 00 0f 00 00 00 00,00 84 04 10 00 01 08 00 00 01 f1 07 00 00 02 d0 07 00 00 03 e6 07 00 00 04 03 08 00 00 05 eb 07 00 00 06 e8 07 00 00 07 f1 07 00 00 08 03 08 00 00 09 f4 07 00 00 0a ee 07 00 00 0b f1 07 00 00 0c 0d 08 00 00 0d 01 08 00 00 0e 00 08 00 00 0f 00 08 00 00
31000,00 84 04 10 00 00 00 00 00 01 00 00 00 00 02 00 00 00 00 03 00 00 00 00 04 00 00 00 00 05 00 00 00 00 06 00 00 00 00 07 00 00 00 00 08 00 00 00 00 09 00 00 00 00 0a 00 00 00 00 0b 00 00 00 00 0c 00 00 00 00 0d 00 00 00 00 0e 00 00 00 00 0f 00 00 00 00,00 84 04 10 00 01 08 00 00 01 f2 07 00 00 02 d0 07 00 00 03 e7 07 00 00 04 03 08 00 00 05 ec 07 00 00 06 e7 07 00 00 07 f1 07 00 00 08 03 08 00 00 09 f4 07 00 00 0a ee 07 00 00 0b f1 07 00 00 0c 0d 08 00 00 0d 01 08 00 00 0e 00 08 00 00 0f 00 08 00 00
47000,00 84 04 10 00 00 00 00 00 01 00 00 00 00 02 00 00 00 00 03 00 00 00 00 04 00 00 00 00 05 00 00 00 00 06 00 00 00 00 07 00 00 00 00 08 00 00 00 00 09 00 00 00 00 0a 00 00 00 00 0b 00 00 00 00 0c 00 00 00 00 0d 00 00 00 00 0e 00 00 00 00 0f 00 00 00 00,00 84 04 0e 00 01 08 00 00 01 f5 07 00 00 02 d7 07 00 00 03 eb 07 00 00 04 03 08 00 00 05 ef 07 00 00 06 ea 07 00 00 07 f3 07 00 00 08 03 08 00 00 09 f5 07 00 00 0a ef 07 00 00 0b f2 07 00 00 0c 0b 08 00 00 0d 00 08 00 00 ff 00 00 00 00 ff 00 00 00 00
62000,01 40 01 10 00 00 00 00 00 01 00 00 00 00 02 00 00 00 00 03 00 00 00 00 04 00 00 00 00 05 00 00 00 00 06 00 00 00 00 07 00 00 00 00 08 00 00 00 00 09 00 00 00 00 0a 00 00 00 00 0b 00 00 00 00 0c 00 00 00 00 0d 00 00 00 00 0e 00 00 00 00 0f 00 00 00 00,01 40 01 10 00 00 00 00 00 01 00 00 00 00 02 00 00 00 00 03 00 00 00 00 04 00 00 00 00 05 00 00 00 00 06 00 00 00 00 07 00 00 00 00 08 00 00 00 00 09 00 00 00 00 0a 00 00 00 00 0b 00 00 00 00 0c 00 00 00 00 0d 00 00 00 00 0e 00 00 00 00 0f 00 00 00 00
0,01 26 02 10 00 96 00 00 00 01 96 00 00 00 02 96 00 00 00 03 96 00 00 00 04 96 00 00 00 05 96 00 00 00 06 96 00 00 00 07 96 00 00 00 08 96 00 00 00 09 96 00 00 00 0a 96 00 00 00 0b 96 00 00 00 0c 96 00 00 00 0d 96 00 00 00 0e 96 00 00 00 0f 96 00 00 00,01 26 02 10 00 96 00 00 00 01 96 00 00 00 02 96 00 00 00 03 96 00 00 00 04 96 00 00 00 05 96 00 00 00 06 96 00 00 00 07 96 00 00 00 08 96 00 00 00 09 96 00 00 00 0a 96 00 00 00 0b 96 00 00 00 0c 96 00 00 00 0d 96 00 00 00 0e 96 00 00 00 0f 96 00 00 00
0,01 0b 01 10 00 03 00 00 00 01 03 00 00 00 02 03 00 00 00 03 03 00 00 00 04 03 00 00 00 05 03 00 00 00 06 03 00 00 00 07 03 00 00 00 08 03 00 00 00 09 03 00 00 00 0a 03 00 00 00 0b 03 00 00 00 0c 03 00 00 00 0d 03 00 00 00 0e 03 00 00 00 0f 03 00 00 00,01 0b 01 10 00 03 00 00 00 01 03 00 00 00 02 03 00 00 00 03 03 00 00 00 04 03 00 00 00 05 03 00 00 00 06 03 00 00 00 07 03 00 00 00 08 03 00 00 00 09 03 00 00 00 0a 03 00 00 00 0b 03 00 00 00 0c 03 00 00 00 0d 03 00 00 00 0e 03 00 00 00 0f 03 00 00 00
0,01 40 01 10 00 01 00 00 00 01 01 00 00 00 02 01 00 00 00 03 01 00 00 00 04 01 00 00 00 05 01 00 00 00 06 01 00 00 00 07 01 00 00 00 08 01 00 00 00 09 01 00 00 00 0a 01 00 00 00 0b 01 00 00 00 0c 01 00 00 00 0d 01 00 00 00 0e 01 00 00 00 0f 01 00 00 00,01 40 01 10 00 01 00 00 00 01 01 00 00 00 02 01 00 00 00 03 01 00 00 00 04 01 00 00 00 05 01 00 00 00 06 01 00 00 00 07 01 00 00 00 08 01 00 00 00 09 01 00 00 00 0a 01 00 00 00 0b 01 00 00 00 0c 01 00 00 00 0d 01 00 00 00 0e 01 00 00 00 0f 01 00 00 00
16000,01 74 04 10 00 00 08 00 00 01 00 08 00 00 02 00 08 00 00 03 00 08 00 00 04 00 08 00 00 05 00 08 00 00 06 00 08 00 00 07 00 08 00 00 08 00 08 00 00 09 00 08 00 00 0a 00 08 00 00 0b 00 08 00 00 0c 00 08 00 00 0d 00 08 00 00 0e 00 08 00 00 0f 00 08 00 00,01 74 04 10 00 00 08 00 00 01 00 08 00 00 02 00 08 00 00 03 00 08 00 00 04 00 08 00 00 05 00 08 00 00 06 00 08 00 00 07 00 08 00 00 08 00 08 00 00 09 00 08 00 00 0a 00 08 00 00 0b 00 08 00 00 0c 00 08 00 00 0d 00 08 00 00 0e 00 08 00 00 0f 00 08 00 00
16000,00 84 04 10 00 00 00 00 00 01 00 00 00 00 02 00 00 00 00 03 00 00 00 00 04 00 00 00 00 05 00 00 00 00 06 00 00 00 00 07 00 00 00 00 08 00 00 00 00 09 00 00 00 00 0a 00 00 00 00 0b 00 00 00 00 0c 00 00 00 00 0d 00 00 00 00 0e 00 00 00 00 0f 00 00 00 00,00 84 04 10 00 01 08 00 00 01 f1 07 00 00 02 d0 07 00 00 03 e5 07 00 00 04 03 08 00 00 05 eb 07 00 00 06 e7 07 00 00 07 f1 07 00 00 08 03 08 00 00 09 f3 07 00 00 0a ee 07 00 00 0b f0 07 00 00 0c 0e 08 00 00 0d 01 08 00 00 0e 00 08 00 00 0f 00 08 00 00
32000,00 84 04 10 00 00 00 00 00 01 00 00 00 00 02 00 00 00 00 03 00 00 00 00 04 00 00 00 00 05 00 00 00 00 06 00 00 00 00 07 00 00 00 00 08 00 00 00 00 09 00 00 00 00 0a 00 00 00 00 0b 00 00 00 00 0c 00 00 00 00 0d 00 00 00 00 0e 00 00 00 00 0f 00 00 00 00,00 84 04 10 00 01 08 00 00 01 f2 07 00 00 02 d0 07 00 00 03 e7 07 00 00 04 03 08 00 00 05 eb 07 00 00 06 e7 07 00 00 07 f2 07 00 00 08 03 08 00 00 09 f3 07 00 00 0a ee 07 00 00 0b f0 07 00 00 0c 0e 08 00 00 0d 01 08 00 00 0e 00 08 00 00 0f 00 08 00 00
47000,00 84 04 10 00 00 00 00 00 01 00 00 00 00 02 00 00 00 00 03 00 00 00 00 04 00 00 00 00 05 00 00 00 00 06 00 00 00 00 07 00 00 00 00 08 00 00 00 00 09 00 00 00 00 0a 00 00 00 00 0b 00 00 00 00 0c 00 00 00 00 0d 00 00 00 00 0e 00 00 00 00 0f 00 00 00 00,00 84 04 0e 00 01 08 00 00 01 f4 07 00 00 02 d6 07 00 00 03 ea 07 00 00 04 03 08 00 00 05 ee 07 00 00 06 ea 07 00 00 07 f3 07 00 00 08 03 08 00 00 09 f4 07 00 00 0a ef 07 00 00 0b f1 07 00 00 0c 0c 08 00 00 0d 01 08 00 00 ff 00 00 00 00 ff 00 00 00 00
63000,01 40 01 10 00 00 00 00 00 01 00 00 00 00 02 00 00 00 00 03 00 00 00 00 04 00 00 00 00 05 00 00 00 00 06 00 00 00 00 07 00 00 00 00 08 00 00 00 00 09 00 00 00 00 0a 00 00 00 00 0b 00 00 00 00 0c 00 00 00 00 0d 00 00 00 00 0e 00 00 00 00 0f 00 00 00 00,01 40 01 10 00 00 00 00 00 01 00 00 00 00 02 00 00 00 00 03 00 00 00 00 04 00 00 00 00 05 00 00 00 00 06 00 00 00 00 07 00 00 00 00 08 00 00 00 00 09 00 00 00 00 0a 00 00 00 00 0b 00 00 00 00 0c 00 00 00 00 0d 00 00 00 00 0e 00 00 00 00 0f 00 00 00 00
0,01 26 02 10 00 96 00 00 00 01 96 00 00 00 02 96 00 00 00 03 96 00 00 00 04 96 00 00 00 05 96 00 00 00 06 96 00 00 00 07 96 00 00 00 08 96 00 00 00 09 96 00 00 00 0a 96 00 00 00 0b 96 00 00 00 0c 96 00 00 00 0d 96 00 00 00 0e 96 00 00 00 0f 96 00 00 00,01 26 02 10 00 96 00 00 00 01 96 00 00 00 02 96 00 00 00 03 96 00 00 00 04 96 00 00 00 05 96 00 00 00 06 96 00 00 00 07 96 00 00 00 08 96 00 00 00 09 96 00 00 00 0a 96 00 00 00 0b 96 00 00 00 0c 96 00 00 00 0d 96 00 00 00 0e 96 00 00 00 0f 96 00 00 00
0,01 0b 01 10 00 03 00 00 00 01 03 00 00 00 02 03 00 00 00 03 03 00 00 00 04 03 00 00 00 05 03 00 00 00 06 03 00 00 00 07 03 00 00 00 08 03 00 00 00 09 03 00 00 00 0a 03 00 00 00 0b 03 00 00 00 0c 03 00 00 00 0d 03 00 00 00 0e 03 00 00 00 0f 03 00 00 00,01 0b 01 10 00 03 00 00 00 01 03 00 00 00 02 03 00 00 00 03 03 00 00 00 04 03 00 00 00 05 03 00 00 00 06 03 00 00 00 07 03 00 00 00 08 03 00 00 00 09 03 00 00 00 0a 03 00 00 00 0b 03 00 00 00 0c 03 00 00 00 0d 03 00 00 00 0e 03 00 00 00 0f 03 00 00 00
0,01 40 01 10 00 01 00 00 00 01 01 00 00 00 02 01 00 00 00 03 01 00 00 00 04 01 00 00 00 05 01 00 00 00 06 01 00 00 00 07 01 00 00 00 08 01 00 00 00 09 01 00 00 00 0a 01 00 00 00 0b 01 00 00 00 0c 01 00 00 00 0d 01 00 00 00 0e 01 00 00 00 0f 01 00 00 00,01 40 01 10 00 01 00 00 00 01 01 00 00 00 02 01 00 00 00 03 01 00 00 00 04 01 00 00 00 05 01 00 00 00 06 01 00 00 00 07 01 00 00 00 08 01 00 00 00 09 01 00 00 00 0a 01 00 00 00 0b 01 00 00 00 0c 01 00 00 00 0d 01 00 00 00 0e 01 00 00 00 0f 01 00 00 00
16000,01 74 04 10 00 00 08 00 00 01 00 08 00 00 02 00 08 00 00 03 00 08 00 00 04 00 08 00 00 05 00 08 00 00 06 00 08 00 00 07 00 08 00 00 08 00 08 00 00 09 00 08 00 00 0a 00 08 00 00 0b 00 08 00 00 0c 00 08 00 00 0d 00 08 00 00 0e 00 08 00 00 0f 00 08 00 00,01 74 04 10 00 00 08 00 00 01 00 08 00 00 02 00 08 00 00 03 00 08 00 00 04 00 08 00 00 05 00 08 00 00 06 00 08 00 00 07 00 08 00 00 08 00 08 00 00 09 00 08 00 00 0a 00 08 00 00 0b 00 08 00 00 0c 00 08 00 00 0d 00 08 00 00 0e 00 08 00 00 0f 00 08 00 00
16000,00 84 04 10 00 00 00 00 00 01 00 00 00 00 02 00 00 00 00 03 00 00 00 00 04 00 00 00 00 05 00 00 00 00 06 00 00 00 00 07 00 00 00 00 08 00 00 00 00 09 00 00 00 00 0a 00 00 00 00 0b 00 00 00 00 0c 00 00 00 00 0d 00 00 00 00 0e 00 00 00 00 0f 00 00 00 00,00 84 04 10 00 01 08 00 00 01 f1 07 00 00 02 d0 07 00 00 03 e4 07 00 00 04 03 08 00 00 05 eb 07 00 00 06 e7 07 00 00 07 f1 07 00 00 08 03 08 00 00 09 f3 07 00 00 0a ee 07 00 00 0b f1 07 00 00 0c 0d 08 00 00 0d 01 08 00 00 0e 00 08 00 00 0f 00 08 00 00
32000,00 84 04 10 00 00 00 00 00 01 00 00 00 00 02 00 00 00 00 03 00 00 00 00 04 00 00 00 00 05 00 00 00 00 06 00 00 00 00 07 00 00 00 00 08 00 00 00 00 09 00 00 00 00 0a 00 00 00 00 0b 00 00 00 00 0c 00 00 00 00 0d 00 00 00 00 0e 00 00 00 00 0f 00 00 00 00,00 84 04 10 00 01 08 00 00 01 f2 07 00 00 02 d0 07 00 00 03 e5 07 00 00 04 03 08 00 00 05 eb 07 00 00 06 e7 07 00 00 07 f1 07 00 00 08 03 08 00 00 09 f3 07 00 00 0a ee 07 00 00 0b f1 07 00 00 0c 0d 08 00 00 0d 01 08 00 00 0e 00 08 00 00 0f 00 08 00 00
47000,00 84 04 10 00 00 00 00 00 01 00 00 00 00 02 00 00 00 00 03 00 00 00 00 04 00 00 00 00 05 00 00 00 00 06 00 00 00 00 07 00 00 00 00 08 00 00 00 00 09 00 00 00 00 0a 00 00 00 00 0b 00 00 00 00 0c 00 00 00 00 0d 00 00 00 00 0e 00 00 00 00 0f 00 00 00 00,00 84 04 0e 00 01 08 00 00 01 f3 07 00 00 02 d3 07 00 00 03 e7 07 00 00 04 02 08 00 00 05 ed 07 00 00 06 e8 07 00 00 07 f3 07 00 00 08 03 08 00 00 09 f4 07 00 00 0a ee 07 00 00 0b f1 07 00 00 0c 0d 08 00 00 0d 01 08 00 00 ff 00 00 00 00 ff 00 00 00 00
47000,01 40 01 10 00 00 00 00 00 01 00 00 00 00 02 00 00 00 00 03 00 00 00 00 04 00 00 00 00 05 00 00 00 00 06 00 00 00 00 07 00 00 00 00 08 00 00 00 00 09 00 00 00 00 0a 00 00 00 00 0b 00 00 00 00 0c 00 00 00 00 0d 00 00 00 00 0e 00 00 00 00 0f 00 00 00 00,01 40 01 10 00 00 00 00 00 01 00 00 00 00 02 00 00 00 00 03 00 00 00 00 04 00 00 00 00 05 00 00 00 00 06 00 00 00 00 07 00 00 00 00 08 00 00 00 00 09 00 00 00 00 0a 00 00 00 00 0b 00 00 00 00 0c 00 00 00 00 0d 00 00 00 00 0e 00 00 00 00 0f 00 00 00 00
16000,01 26 02 10 00 96 00 00 00 01 96 00 00 00 02 96 00 00 00 03 96 00 00 00 04 96 00 00 00 05 96 00 00 00 06 96 00 00 00 07 96 00 00 00 08 96 00 00 00 09 96 00 00 00 0a 96 00 00 00 0b 96 00 00 00 0c 96 00 00 00 0d 96 00 00 00 0e 96 00 00 00 0f 96 00 00 00,01 26 02 10 00 96 00 00 00 01 96 00 00 00 02 96 00 00 00 03 96 00 00 00 04 96 00 00 00 05 96 00 00 00 06 96 00 00 00 07 96 00 00 00 08 96 00 00 00 09 96 00 00 00 0a 96 00 00 00 0b 96 00 00 00 0c 96 00 00 00 0d 96 00 00 00 0e 96 00 00 00 0f 96 00 00 00
16000,01 0b 01 10 00 03 00 00 00 01 03 00 00 00 02 03 00 00 00 03 03 00 00 00 04 03 00 00 00 05 03 00 00 00 06 03 00 00 00 07 03 00 00 00 08 03 00 00 00 09 03 00 00 00 0a 03 00 00 00 0b 03 00 00 00 0c 03 00 00 00 0d 03 00 00 00 0e 03 00 00 00 0f 03 00 00 00,01 0b 01 10 00 03 00 00 00 01 03 00 00 00 02 03 00 00 00 03 03 00 00 00 04 03 00 00 00 05 03 00 00 00 06 03 00 00 00 07 03 00 00 00 08 03 00 00 00 09 03 00 00 00 0a 03 00 00 00 0b 03 00 00 00 0c 03 00 00 00 0d 03 00 00 00 0e 03 00 00 00 0f 03 00 00 00
16000,01 40 01 10 00 01 00 00 00 01 01 00 00 00 02 01 00 00 00 03 01 00 00 00 04 01 00 00 00 05 01 00 00 00 06 01 00 00 00 07 01 00 00 00 08 01 00 00 00 09 01 00 00 00 0a 01 00 00 00 0b 01 00 00 00 0c 01 00 00 00 0d 01 00 00 00 0e 01 00 00 00 0f 01 00 00 00,01 40 01 10 00 01 00 00 00 01 01 00 00 00 02 01 00 00 00 03 01 00 00 00 04 01 00 00 00 05 01 00 00 00 06 01 00 00 00 07 01 00 00 00 08 01 00 00 00 09 01 00 00 00 0a 01 00 00 00 0b 01 00 00 00 0c 01 00 00 00 0d 01 00 00 00 0e 01 00 00 00 0f 01 00 00 00
16000,01 74 04 10 00 00 08 00 00 01 00 08 00 00 02 00 08 00 00 03 00 08 00 00 04 00 08 00 00 05 00 08 00 00 06 00 08 00 00 07 00 08 00 00 08 00 08 00 00 09 00 08 00 00 0a 00 08 00 00 0b 00 08 00 00 0c 00 08 00 00 0d 00 08 00 00 0e 00 08 00 00 0f 00 08 00 00,01 74 04 10 00 00 08 00 00 01 00 08 00 00 02 00 08 00 00 03 00 08 00 00 04 00 08 00 00 05 00 08 00 00 06 00 08 00 00 07 00 08 00 00 08 00 08 00 00 09 00 08 00 00 0a 00 08 00 00 0b 00 08 00 00 0c 00 08 00 00 0d 00 08 00 00 0e 00 08 00 00 0f 00 08 00 00
31000,00 84 04 10 00 00 00 00 00 01 00 00 00 00 02 00 00 00 00 03 00 00 00 00 04 00 00 00 00 05 00 00 00 00 06 00 00 00 00 07 00 00 00 00 08 00 00 00 00 09 00 00 00 00 0a 00 00 00 00 0b 00 00 00 00 0c 00 00 00 00 0d 00 00 00 00 0e 00 00 00 00 0f 00 00 00 00,00 84 04 10 00 01 08 00 00 01 f1 07 00 00 02 d0 07 00 00 03 e6 07 00 00 04 03 08 00 00 05 eb 07 00 00 06 e7 07 00 00 07 f1 07 00 00 08 03 08 00 00 09 f3 07 00 00 0a ee 07 00 00 0b f1 07 00 00 0c 0d 08 00 00 0d 01 08 00 00 0e 00 08 00 00 0f 00 08 00 00
31000,00 84 04 10 00 00 00 00 00 01 00 00 00 00 02 00 00 00 00 03 00 00 00 00 04 00 00 00 00 05 00 00 00 00 06 00 00 00 00 07 00 00 00 00 08 00 00 00 00 09 00 00 00 00 0a 00 00 00 00 0b 00 00 00 00 0c 00 00 00 00 0d 00 00 00 00 0e 00 00 00 00 0f 00 00 00 00,00 84 04 10 00 01 08 00 00 01 f2 07 00 00 02 d0 07 00 00 03 e6 07 00 00 04 03 08 00 00 05 eb 07 00 00 06 e7 07 00 00 07 f1 07 00 00 08 03 08 00 00 09 f3 07 00 00 0a ee 07 00 00 0b f1 07 00 00 0c 0d 08 00 00 0d 01 08 00 00 0e 00 08 00 00 0f 00 08 00 00
47000,00 84 04 10 00 00 00 00 00 01 00 00 00 00 02 00 00 00 00 03 00 00 00 00 04 00 00 00 00 05 00 00 00 00 06 00 00 00 00 07 00 00 00 00 08 00 00 00 00 09 00 00 00 00 0a 00 00 00 00 0b 00 00 00 00 0c 00 00 00 00 0d 00 00 00 00 0e 00 00 00 00 0f 00 00 00 00,00 84 04 0e 00 01 08 00 00 01 f3 07 00 00 02 d2 07 00 00 03 e8 07 00 00 04 02 08 00 00 05 ed 07 00 00 06 e8 07 00 00 07 f2 07 00 00 08 03 08 00 00 09 f4 07 00 00 0a ee 07 00 00 0b f1 07 00 00 0c 0d 08 00 00 0d 01 08 00 00 ff 00 00 00 00 ff 00 00 00 00
63000,01 40 01 10 00 00 00 00 00 01 00 00 00 00 02 00 00 00 00 03 00 00 00 00 04 00 00 00 00 05 00 00 00 00 06 00 00 00 00 07 00 00 00 00 08 00 00 00 00 09 00 00 00 00 0a 00 00 00 00 0b 00 00 00 00 0c 00 00 00 00 0d 00 00 00 00 0e 00 00 00 00 0f 00 00 00 00,01 40 01 10 00 00 00 00 00 01 00 00 00 00 02 00 00 00 00 03 00 00 00 00 04 00 00 00 00 05 00 00 00 00 06 00 00 00 00 07 00 00 00 00 08 00 00 00 00 09 00 00 00 00 0a 00 00 00 00 0b 00 00 00 00 0c 00 00 00 00 0d 00 00 00 00 0e 00 00 00 00 0f 00 00 00 00
0,01 26 02 10 00 96 00 00 00 01 96 00 00 00 02 96 00 00 00 03 96 00 00 00 04 96 00 00 00 05 96 00 00 00 06 96 00 00 00 07 96 00 00 00 08 96 00 00 00 09 96 00 00 00 0a 96 00 00 00 0b 96 00 00 00 0c 96 00 00 00 0d 96 00 00 00 0e 96 00 00 00 0f 96 00 00 00,01 26 02 10 00 96 00 00 00 01 96 00 00 00 02 96 00 00 00 03 96 00 00 00 04 96 00 00 00 05 96 00 00 00 06 96 00 00 00 07 96 00 00 00 08 96 00 00 00 09 96 00 00 00 0a 96 00 00 00 0b 96 00 00 00 0c 96 00 00 00 0d 96 00 00 00 0e 96 00 00 00 0f 96 00 00 00
0,01 0b 01 10 00 03 00 00 00 01 03 00 00 00 02 03 00 00 00 03 03 00 00 00 04 03 00 00 00 05 03 00 00 00 06 03 00 00 00 07 03 00 00 00 08 03 00 00 00 09 03 00 00 00 0a 03 00 00 00 0b 03 00 00 00 0c 03 00 00 00 0d 03 00 00 00 0e 03 00 00 00 0f 03 00 00 00,01 0b 01 10 00 03 00 00 00 01 03 00 00 00 02 03 00 00 00 03 03 00 00 00 04 03 00 00 00 05 03 00 00 00 06 03 00 00 00 07 03 00 00 00 08 03 00 00 00 09 03 00 00 00 0a 03 00 00 00 0b 03 00 00 00 0c 03 00 00 00 0d 03 00 00 00 0e 03 00 00 00 0f 03 00 00 00
0,01 40 01 10 00 01 00 00 00 01 01 00 00 00 02 01 00 00 00 03 01 00 00 00 04 01 00 00 00 05 01 00 00 00 06 01 00 00 00 07 01 00 00 00 08 01 00 00 00 09 01 00 00 00 0a 01 00 00 00 0b 01 00 00 00 0c 01 00 00 00 0d 01 00 00 00 0e 01 00 00 00 0f 01 00 00 00,01 40 01 10 00 01 00 00 00 01 01 00 00 00 02 01 00 00 00 03 01 00 00 00 04 01 00 00 00 05 01 00 00 00 06 01 00 00 00 07 01 00 00 00 08 01 00 00 00 09 01 00 00 00 0a 01 00 00 00 0b 01 00 00 00 0c 01 00 00 00 0d 01 00 00 00 0e 01 00 00 00 0f 01 00 00 00
16000,01 74 04 10 00 00 08 00 00 01 00 08 00 00 02 00 08 00 00 03 00 08 00 00 04 00 08 00 00 05 00 08 00 00 06 00 08 00 00 07 00 08 00 00 08 00 08 00 00 09 00 08 00 00 0a 00 08 00 00 0b 00 08 00 00 0c 00 08 00 00 0d 00 08 00 00 0e 00 08 00 00 0f 00 08 00 00,01 74 04 10 00 00 08 00 00 01 00 08 00 00 02 00 08 00 00 03 00 08 00 00 04 00 08 00 00 05 00 08 00 00 06 00 08 00 00 07 00 08 00 00 08 00 08 00 00 09 00 08 00 00 0a 00 08 00 00 0b 00 08 00 00 0c 00 08 00 00 0d 00 08 00 00 0e 00 08 00 00 0f 00 08 00 00
16000,00 84 04 10 00 00 00 00 00 01 00 00 00 00 02 00 00 00 00 03 00 00 00 00 04 00 00 00 00 05 00 00 00 00 06 00 00 00 00 07 00 00 00 00 08 00 00 00 00 09 00 00 00 00 0a 00 00 00 00 0b 00 00 00 00 0c 00 00 00 00 0d 00 00 00 00 0e 00 00 00 00 0f 00 00 00 00,00 84 04 10 00 01 08 00 00 01 f1 07 00 00 02 d0 07 00 00 03 e6 07 00 00 04 03 08 00 00 05 eb 07 00 00 06 e8 07 00 00 07 f1 07 00 00 08 03 08 00 00 09 f4 07 00 00 0a ed 07 00 00 0b f1 07 00 00 0c 0d 08 00 00 0d 01 08 00 00 0e 00 08 00 00 0f 00 08 00 00
31000,00 84 04 10 00 00 00 00 00 01 00 00 00 00 02 00 00 00 00 03 00 00 00 00 04 00 00 00 00 05 00 00 00 00 06 00 00 00 00 07 00 00 00 00 08 00 00 00 00 09 00 00 00 00 0a 00 00 00 00 0b 00 00 00 00 0c 00 00 00 00 0d 00 00 00 00 0e 00 00 00 00 0f 00 00 00 00,00 84 04 10 00 01 08 00 00 01 f2 07 00 00 02 d0 07 00 00 03 e7 07 00 00 04 03 08 00 00 05 eb 07 00 00 06 e8 07 00 00 07 f1 07 00 00 08 03 08 00 00 09 f4 07 00 00 0a ee 07 00 00 0b f1 07 00 00 0c 0d 08 00 00 0d 01 08 00 00 0e 00 08 00 00 0f 00 08 00 00
47000,00 84 04 10 00 00 00 00 00 01 00 00 00 00 02 00 00 00 00 03 00 00 00 00 04 00 00 00 00 05 00 00 00 00 06 00 00 00 00 07 00 00 00 00 08 00 00 00 00 09 00 00 00 00 0a 00 00 00 00 0b 00 00 00 00 0c 00 00 00 00 0d 00 00 00 00 0e 00 00 00 00 0f 00 00 00 00,00 84 04 0e 00 01 08 00 00 01 f3 07 00 00 02 d2 07 00 00 03 e8 07 00 00 04 02 08 00 00 05 ed 07 00 00 06 e8 07 00 00 07 f2 07 00 00 08 02 08 00 00 09 f4 07 00 00 0a ee 07 00 00 0b f1 07 00 00 0c 0d 08 00 00 0d 01 08 00 00 ff 00 00 00 00 ff 00 00 00 00
47000,01 40 01 10 00 00 00 00 00 01 00 00 00 00 02 00 00 00 00 03 00 00 00 00 04 00 00 00 00 05 00 00 00 00 06 00 00 00 00 07 00 00 00 00 08 00 00 00 00 09 00 00 00 00 0a 00 00 00 00 0b 00 00 00 00 0c 00 00 00 00 0d 00 00 00 00 0e 00 00 00 00 0f 00 00 00 00,01 40 01 10 00 00 00 00 00 01 00 00 00 00 02 00 00 00 00 03 00 00 00 00 04 00 00 00 00 05 00 00 00 00 06 00 00 00 00 07 00 00 00 00 08 00 00 00 00 09 00 00 00 00 0a 00 00 00 00 0b 00 00 00 00 0c 00 00 00 00 0d 00 00 00 00 0e 00 00 00 00 0f 00 00 00 00
0,01 26 02 10 00 96 00 00 00 01 96 00 00 00 02 96 00 00 00 03 96 00 00 00 04 96 00 00 00 05 96 00 00 00 06 96 00 00 00 07 96 00 00 00 08 96 00 00 00 09 96 00 00 00 0a 96 00 00 00 0b 96 00 00 00 0c 96 00 00 00 0d 96 00 00 00 0e 96 00 00 00 0f 96 00 00 00,01 26 02 10 00 96 00 00 00 01 96 00 00 00 02 96 00 00 00 03 96 00 00 00 04 96 00 00 00 05 96 00 00 00 06 96 00 00 00 07 96 00 00 00 08 96 00 00 00 09 96 00 00 00 0a 96 00 00 00 0b 96 00 00 00 0c 96 00 00 00 0d 96 00 00 00 0e 96 00 00 00 0f 96 00 00 00
0,01 0b 01 10 00 03 00 00 00 01 03 00 00 00 02 03 00 00 00 03 03 00 00 00 04 03 00 00 00 05 03 00 00 00 06 03 00 00 00 07 03 00 00 00 08 03 00 00 00 09 03 00 00 00 0a 03 00 00 00 0b 03 00 00 00 0c 03 00 00 00 0d 03 00 00 00 0e 03 00 00 00 0f 03 00 00 00,01 0b 01 10 00 03 00 00 00 01 03 00 00 00 02 03 00 00 00 03 03 00 00 00 04 03 00 00 00 05 03 00 00 00 06 03 00 00 00 07 03 00 00 00 08 03 00 00 00 09 03 00 00 00 0a 03 00 00 00 0b 03 00 00 00 0c 03 00 00 00 0d 03 00 00 00 0e 03 00 00 00 0f 03 00 00 00
16000,01 40 01 10 00 01 00 00 00 01 01 00 00 00 02 01 00 00 00 03 01 00 00 00 04 01 00 00 00 05 01 00 00 00 06 01 00 00 00 07 01 00 00 00 08 01 00 00 00 09 01 00 00 00 0a 01 00 00 00 0b 01 00 00 00 0c 01 00 00 00 0d 01 00 00 00 0e 01 00 00 00 0f 01 00 00 00,01 40 01 10 00 01 00 00 00 01 01 00 00 00 02 01 00 00 00 03 01 00 00 00 04 01 00 00 00 05 01 00 00 00 06 01 00 00 00 07 01 00 00 00 08 01 00 00 00 09 01 00 00 00 0a 01 00 00 00 0b 01 00 00 00 0c 01 00 00 00 0d 01 00 00 00 0e 01 00 00 00 0f 01 00 00 00
16000,01 74 04 10 00 00 08 00 00 01 00 08 00 00 02 00 08 00 00 03 00 08 00 00 04 00 08 00 00 05 00 08 00 00 06 00 08 00 00 07 00 08 00 00 08 00 08 00 00 09 00 08 00 00 0a 00 08 00 00 0b 00 08 00 00 0c 00 08 00 00 0d 00 08 00 00 0e 00 08 00 00 0f 00 08 00 00,01 74 04 10 00 00 08 00 00 01 00 08 00 00 02 00 08 00 00 03 00 08 00 00 04 00 08 00 00 05 00 08 00 00 06 00 08 00 00 07 00 08 00 00 08 00 08 00 00 09 00 08 00 00 0a 00 08 00 00 0b 00 08 00 00 0c 00 08 00 00 0d 00 08 00 00 0e 00 08 00 00 0f 00 08 00 00
32000,00 84 04 10 00 00 00 00 00 01 00 00 00 00 02 00 00 00 00 03 00 00 00 00 04 00 00 00 00 05 00 00 00 00 06 00 00 00 00 07 00 00 00 00 08 00 00 00 00 09 00 00 00 00 0a 00 00 00 00 0b 00 00 00 00 0c 00 00 00 00 0d 00 00 00 00 0e 00 00 00 00 0f 00 00 00 00,00 84 04 10 00 01 08 00 00 01 f2 07 00 00 02 d0 07 00 00 03 e6 07 00 00 04 03 08 00 00 05 eb 07 00 00 06 e7 07 00 00 07 f1 07 00 00 08 03 08 00 00 09 f4 07 00 00 0a ed 07 00 00 0b f1 07 00 00 0c 0d 08 00 00 0d 00 08 00 00 0e 00 08 00 00 0f 00 08 00 00
32000,00 84 04 10 00 00 00 00 00 01 00 00 00 00 02 00 00 00 00 03 00 00 00 00 04 00 00 00 00 05 00 00 00 00 06 00 00 00 00 07 00 00 00 00 08 00 00 00 00 09 00 00 00 00 0a 00 00 00 00 0b 00 00 00 00 0c 00 00 00 00 0d 00 00 00 00 0e 00 00 00 00 0f 00 00 00 00,00 84 04 10 00 01 08 00 00 01 f2 07 00 00 02 d0 07 00 00 03 e6 07 00 00 04 03 08 00 00 05 eb 07 00 00 06 e7 07 00 00 07 f1 07 00 00 08 02 08 00 00 09 f4 07 00 00 0a ee 07 00 00 0b f1 07 00 00 0c 0d 08 00 00 0d 00 08 00 00 0e 00 08 00 00 0f 00 08 00 00
47000,00 84 04 10 00 00 00 00 00 01 00 00 00 00 02 00 00 00 00 03 00 00 00 00 04 00 00 00 00 05 00 00 00 00 06 00 00 00 00 07 00 00 00 00 08 00 00 00 00 09 00 00 00 00 0a 00 00 00 00 0b 00 00 00 00 0c 00 00 00 00 0d 00 00 00 00 0e 00 00 00 00 0f 00 00 00 00,00 84 04 0e 00 01 08 00 00 01 f4 07 00 00 02 d2 07 00 00 03 e9 07 00 00 04 02 08 00 00 05 ed 07 00 00 06 e8 07 00 00 07 f2 07 00 00 08 02 08 00 00 09 f4 07 00 00 0a ee 07 00 00 0b f1 07 00 00 0c 0d 08 00 00 0d 00 08 00 00 ff 00 00 00 00 ff 00 00 00 00
63000,01 40 01 10 00 00 00 00 00 01 00 00 00 00 02 00 00 00 00 03 00 00 00 00 04 00 00 00 00 05 00 00 00 00 06 00 00 00 00 07 00 00 00 00 08 00 00 00 00 09 00 00 00 00 0a 00 00 00 00 0b 00 00 00 00 0c 00 00 00 00 0d 00 00 00 00 0e 00 00 00 00 0f 00 00 00 00,01 40 01 10 00 00 00 00 00 01 00 00 00 00 02 00 00 00 00 03 00 00 00 00 04 00 00 00 00 05 00 00 00 00 06 00 00 00 00 07 00 00 00 00 08 00 00 00 00 09 00 00 00 00 0a 00 00 00 00 0b 00 00 00 00 0c 00 00 00 00 0d 00 00 00 00 0e 00 00 00 00 0f 00 00 00 00
15000,01 26 02 10 00 96 00 00 00 01 96 00 00 00 02 96 00 00 00 03 96 00 00 00 04 96 00 00 00 05 96 00 00 00 06 96 00 00 00 07 96 00 00 00 08 96 00 00 00 09 96 00 00 00 0a 96 00 00 00 0b 96 00 00 00 0c 96 00 00 00 0d 96 00 00 00 0e 96 00 00 00 0f 96 00 00 00,01 26 02 10 00 96 00 00 00 01 96 00 00 00 02 96 00 00 00 03 96 00 00 00 04 96 00 00 00 05 96 00 00 00 06 96 00 00 00 07 96 00 00 00 08 96 00 00 00 09 96 00 00 00 0a 96 00 00 00 0b 96 00 00 00 0c 96 00 00 00 0d 96 00 00 00 0e 96 00 00 00 0f 96 00 00 00
15000,01 0b 01 10 00 03 00 00 00 01 03 00 00 00 02 03 00 00 00 03 03 00 00 00 04 03 00 00 00 05 03 00 00 00 06 03 00 00 00 07 03 00 00 00 08 03 00 00 00 09 03 00 00 00 0a 03 00 00 00 0b 03 00 00 00 0c 03 00 00 00 0d 03 00 00 00 0e 03 00 00 00 0f 03 00 00 00,01 0b 01 10 00 03 00 00 00 01 03 00 00 00 02 03 00 00 00 03 03 00 00 00 04 03 00 00 00 05 03 00 00 00 06 03 00 00 00 07 03 00 00 00 08 03 00 00 00 09 03 00 00 00 0a 03 00 00 00 0b 03 00 00 00 0c 03 00 00 00 0d 03 00 00 00 0e 03 00 00 00 0f 03 00 00 00
31000,01 40 01 10 00 01 00 00 00 01 01 00 00 00 02 01 00 00 00 03 01 00 00 00 04 01 00 00 00 05 01 00 00 00 06 01 00 00 00 07 01 00 00 00 08 01 00 00 00 09 01 00 00 00 0a 01 00 00 00 0b 01 00 00 00 0c 01 00 00 00 0d 01 00 00 00 0e 01 00 00 00 0f 01 00 00 00,01 40 01 10 00 01 00 00 00 01 01 00 00 00 02 01 00 00 00 03 01 00 00 00 04 01 00 00 00 05 01 00 00 00 06 01 00 00 00 07 01 00 00 00 08 01 00 00 00 09 01 00 00 00 0a 01 00 00 00 0b 01 00 00 00 0c 01 00 00 00 0d 01 00 00 00 0e 01 00 00 00 0f 01 00 00 00
31000,01 74 04 10 00 00 08 00 00 01 00 08 00 00 02 00 08 00 00 03 00 08 00 00 04 00 08 00 00 05 00 08 00 00 06 00 08 00 00 07 00 08 00 00 08 00 08 00 00 09 00 08 00 00 0a 00 08 00 00 0b 00 08 00 00 0c 00 08 00 00 0d 00 08 00 00 0e 00 08 00 00 0f 00 08 00 00,01 74 04 10 00 00 08 00 00 01 00 08 00 00 02 00 08 00 00 03 00 08 00 00 04 00 08 00 00 05 00 08 00 00 06 00 08 00 00 07 00 08 00 00 08 00 08 00 00 09 00 08 00 00 0a 00 08 00 00 0b 00 08 00 00 0c 00 08 00 00 0d 00 08 00 00 0e 00 08 00 00 0f 00 08 00 00
46000,00 84 04 10 00 00 00 00 00 01 00 00 00 00 02 00 00 00 00 03 00 00 00 00 04 00 00 00 00 05 00 00 00 00 06 00 00 00 00 07 00 00 00 00 08 00 00 00 00 09 00 00 00 00 0a 00 00 00 00 0b 00 00 00 00 0c 00 00 00 00 0d 00 00 00 00 0e 00 00 00 00 0f 00 00 00 00,00 84 04 10 00 01 08 00 00 01 f1 07 00 00 02 d0 07 00 00 03 e5 07 00 00 04 02 08 00 00 05 eb 07 00 00 06 e8 07 00 00 07 f1 07 00 00 08 03 08 00 00 09 f4 07 00 00 0a ee 07 00 00 0b f1 07 00 00 0c 0c 08 00 00 0d 00 08 00 00 0e 00 08 00 00 0f 00 08 00 00
62000,00 84 04 10 00 00 00 00 00 01 00 00 00 00 02 00 00 00 00 03 00 00 00 00 04 00 00 00 00 05 00 00 00 00 06 00 00 00 00 07 00 00 00 00 08 00 00 00 00 09 00 00 00 00 0a 00 00 00 00 0b 00 00 00 00 0c 00 00 00 00 0d 00 00 00 00 0e 00 00 00 00 0f 00 00 00 00,00 84 04 0e 00 01 08 00 00 01 f3 07 00 00 02 d0 07 00 00 03 e7 07 00 00 04 03 08 00 00 05 ed 07 00 00 06 e7 07 00 00 07 f1 07 00 00 08 03 08 00 00 09 f4 07 00 00 0a ee 07 00 00 0b f1 07 00 00 0c 0c 08 00 00 0d 00 08 00 00 ff 00 00 00 00 ff 00 00 00 00
62000,01 40 01 10 00 00 00 00 00 01 00 00 00 00 02 00 00 00 00 03 00 00 00 00 04 00 00 00 00 05 00 00 00 00 06 00 00 00 00 07 00 00 00 00 08 00 00 00 00 09 00 00 00 00 0a 00 00 00 00 0b 00 00 00 00 0c 00 00 00 00 0d 00 00 00 00 0e 00 00 00 00 0f 00 00 00 00,01 40 01 10 00 00 00 00 00 01 00 00 00 00 02 00 00 00 00 03 00 00 00 00 04 00 00 00 00 05 00 00 00 00 06 00 00 00 00 07 00 00 00 00 08 00 00 00 00 09 00 00 00 00 0a 00 00 00 00 0b 00 00 00 00 0c 00 00 00 00 0d 00 00 00 00 0e 00 00 00 00 0f 00 00 00 00
